conversation_id,split,train_index,first_user_question,first_assistant_response_truncated_300_chars,relevance_1_5,helpfulness_1_5,clarity_1_5,completeness_1_5,safety_1_5
train_251,train,251,How do I find universities that match my profile for Business Analytics?,## Introduction  Finding universities that align with your profile for Business Analytics is crucial for a successful study abroad experience. Here are key factors to consider:  - **Matching Coursework:** Ensure the program aligns with your academic background and career aspirations. - **Faculty Exp,,,,,
train_2193,train,2193,How does the healthcare system work for international students in India?,## Introduction International students in India must understand the healthcare system to ensure their well-being during their studies. This article addresses key aspects of the healthcare system and its implications for students.  ## Main Content ### Insurance Coverage * **Statement:** International,,,,,
train_206,train,206,What are the housing options near Oxford?,"## Introduction Welcome to the world of study abroad! When considering studying near Oxford, housing is a crucial factor to consider. This guide will explore the available housing options, their advantages, and how to secure the best accommodation for your needs.  ## Housing Options near Oxford ### ",,,,,
train_956,train,956,What cultural differences should I prepare for in Germany?,"## Introduction When embarking on a study abroad journey to Germany, it's crucial to be aware of the cultural differences that may arise. Understanding these distinctions will help you adapt smoothly and make the most of your experience. Here are some key cultural differences to prepare for:  ## Pun",,,,,
train_107,train,107,How to find affordable student accommodation in Berlin?,"## Introduction Navigating the housing market as an international student in Berlin can be daunting. However, with careful planning and research, you can find affordable accommodation that meets your needs. Here are some key strategies to consider:  ### Key Points * Exploring different accommodation",,,,,
train_228,train,228,How do I write a strong SOP for MBA at Cambridge?,"## Introduction * Acknowledge the question: ""How do I write a strong SOP for MBA at Cambridge?"" * Preview 3-4 key points:     * **Highlight your academic excellence**     * **Demonstrate your leadership potential**     * **Articulate your career goals**     * **Show your fit with Cambridge's MBA pro",,,,,
train_422,train,422,Tips for overcoming culture shock in New Zealand?,"## Introduction Culture shock is a common experience when studying abroad. New Zealand, with its unique culture, can present challenges for international students. By understanding and preparing for culture shock, students can minimize its impact and have a more positive study abroad experience.  ##",,,,,
train_136,train,136,Can you explain the admission process for Oxford?,"## Introduction **Can you explain the admission process for Oxford?**  Oxford University's admission process is highly competitive, with a low acceptance rate. However, by understanding the key requirements and steps, you can increase your chances of admission.  ## Main Content  ### Academic Qualifi",,,,,
train_1163,train,1163,What are the job prospects after MBA in Canada?,## Introduction Pursuing an MBA in Canada opens doors to exceptional job prospects in diverse industries. This is important because it offers graduates numerous opportunities for career advancement and financial success. Key points to consider include:  - Strong job market with high demand for skill,,,,,
train_1037,train,1037,How long does it take to get a student visa for Bangladesh?,"## Introduction Understanding the timeline for securing a student visa for Bangladesh is crucial for international students planning to pursue their studies in the country. The processing time can vary depending on several factors, including the country of origin, the type of visa applied for, and t",,,,,
train_1,train,1,Research funding options for international students?,"## Introduction International students face unique challenges in funding their studies abroad. However, numerous funding options are available to help offset the costs. This comprehensive guide will explore various research funding opportunities for international students, highlighting their importa",,,,,
train_584,train,584,Tips for academic writing in English?,"## Tips for Academic Writing in English  **Introduction**  Academic writing in English is a crucial skill for international students. By following these tips, you can effectively communicate your ideas and excel in your studies.  **1. Understand Writing Conventions**  * **This is important because:*",,,,,
train_2226,train,2226,How can I adjust to student life in UK?,"## Introduction Adjusting to student life in the UK can be a transformative experience. To ensure a smooth transition, consider the following key points:  ### Key Points 1. Understanding cultural differences and social norms 2. Navigating academic expectations and workload 3. Building a support syst",,,,,
train_1954,train,1954,What health insurance do I need as a student in UK?,"## Introduction As a student studying abroad in the UK, it is crucial to secure appropriate health insurance to safeguard your well-being and comply with visa requirements. Here are essential considerations to ensure adequate coverage:  ## Types of Health Insurance  ### National Health Service (NHS)",,,,,
train_1001,train,1001,Are there affordable healthcare options for Bangladeshi students in Germany?,"## Introduction Studying abroad in Germany offers numerous benefits, but healthcare expenses can be a concern for Bangladeshi students. This guide explores affordable healthcare options available to them, emphasizing their significance in ensuring access to quality medical care.  ## Main Content  ##",,,,,
train_2120,train,2120,Public transportation options near Cambridge?,"## Introduction This question asks about public transportation options near Cambridge. Cambridge is a major university city in England, so it's important to have good public transportation options to get around. This is important because it allows students to easily access all parts of the city, inc",,,,,
train_23,train,23,Which universities offer top programs in Medicine for Indian students?,"## Introduction Indian students seeking top-notch medical education abroad have a wide range of universities to consider. This response highlights universities renowned for their exceptional Medicine programs, emphasizing the reasons for their prominence and providing specific examples.  ## Main Con",,,,,
train_1723,train,1723,What language support services do universities offer?,"## Introduction  When studying abroad, language support services are essential for international students to succeed academically and integrate into their new environment. Universities offer a range of language support services to help students improve their language skills, both before and during t",,,,,
train_1310,train,1310,How much should I budget monthly for London?,"## Introduction Deciding on a monthly budget for London is crucial for a fulfilling study abroad experience. Consider these key factors:  - Accommodation: London has a competitive rental market, so securing affordable housing is vital. - Transportation: Navigating London efficiently requires underst",,,,,
train_45,train,45,Tips for academic writing in French?,"## Tips for Academic Writing in French  ### Introduction In the realm of higher education, academic writing holds immense significance, especially when pursuing studies abroad in French. Mastering this skill not only ensures effective communication of ideas but also enhances critical thinking and an",,,,,
train_857,train,857,What scholarships are available for Brazilian students in Uzbekistan?,"## Introduction This guide will explore the scholarship opportunities available to Brazilian students seeking to study abroad in Uzbekistan. Understanding these scholarships is crucial because they can significantly reduce the financial burden of international education, making it more accessible fo",,,,,
train_879,train,879,Tips for overcoming culture shock in UK?,"## Introduction Studying abroad in the UK can be an enriching experience, but it's not without its challenges. Culture shock is a common phenomenon that can impact students in various ways. Understanding how to overcome it is crucial for a successful study abroad journey. Here are some key tips to h",,,,,
train_1866,train,1866,Which MS in Data Science specializations have the best job market in Canada?,"## Introduction **Which MS in Data Science specializations have the best job market in Canada?**  As an expert study abroad consultant, I can provide you with insights into the Canadian job market for MS in Data Science graduates. Here are the key points to consider:  * **High demand for skilled dat",,,,,
train_736,train,736,"What is the cost of living for students in Berlin, India?",## Introduction Understanding the cost of living in Berlin as an Indian student is crucial for planning your study abroad experience. Here are the key factors to consider:  ## Accommodation * Renting a room in a shared apartment: €300-€500 per month * This is important because accommodation is a sig,,,,,
train_1663,train,1663,What student clubs and organizations are popular at MIT?,"## Introduction **Student clubs and organizations are an integral part of the MIT experience.** They provide opportunities for students to connect with others who share their interests, develop leadership skills, and explore their passions outside of the classroom. This results in a more well-rounde",,,,,
train_1154,train,1154,How much should I budget monthly for London?,"## Introduction  Planning a study abroad experience in London requires careful budgeting. This response provides a comprehensive breakdown of monthly expenses to consider, highlighting the importance of each category for successful planning.  ## Main Content  ### Accommodation  * Rent: £600-£1,200 p",,,,,
train_1194,train,1194,How does the post-study work visa work in Germany?,"## Introduction The post-study work visa in Germany allows international students to stay in the country for up to 18 months after graduating to seek employment or start a business. This visa is crucial for students who wish to gain practical experience, build professional networks, and explore care",,,,,
train_307,train,307,Tell me about internship opportunities for international students in USA,"## Introduction **Internship opportunities for international students in the USA** offer invaluable experiences for personal and professional growth. By immersing themselves in American work environments, students gain practical skills, network with industry professionals, and enhance their resumes ",,,,,
train_856,train,856,How do I write a strong SOP for MBA at Oxford?,"## Introduction Welcome! Writing a stellar SOP for Oxford MBA is crucial for showcasing your qualifications and aspirations. Here are 3 key points to emphasize:  * **Demonstrate alignment with Oxford's values:** Oxford seeks individuals who embody intellectual curiosity, leadership potential, and a ",,,,,
train_1903,train,1903,How do I write a strong SOP for Bachelor of Medicine at Johns Hopkins?,## Introduction Acknowledge the question: This response will provide a comprehensive guide to writing a strong SOP for the Bachelor of Medicine program at Johns Hopkins University.  Preview key points: 1. **Highlighting academic excellence:** Demonstrating a strong academic foundation is crucial for,,,,,
train_160,train,160,What are the GMAT requirements for MIT?,## GMAT Requirements for MIT  **Introduction** The Graduate Management Admission Test (GMAT) is a critical component of the application process for MIT's Sloan School of Management. This is important because it provides a standardized metric for evaluating candidates' academic abilities and readines,,,,,
train_722,train,722,How to find affordable student accommodation in Sydney?,"## Introduction Finding affordable student accommodation in Sydney can be challenging, but it's certainly possible with proper research and planning. Here are four key strategies to help you secure a budget-friendly place to live:  ## Main Content  ### 1. Explore On-Campus Housing * **This is import",,,,,
train_1405,train,1405,Student discounts for transportation in Germany?,## Student Discounts for Transportation in Germany  ### Introduction  Studying abroad in Germany presents students with unique opportunities to explore a rich culture and gain an international education. One aspect that can impact the overall experience is transportation. This guide provides a compr,,,,,
train_18,train,18,How to find affordable student accommodation in London?,"## Introduction Finding affordable student accommodation in London can be challenging, but it's essential to secure a place that meets your budget and needs. Here are some key strategies to help you find the best options:  ## Section 1: Explore University-Owned or Affiliated Accommodation * Universi",,,,,
train_573,train,573,Can I work part-time on a student visa in Bangladesh?,## Introduction Can I work part-time on a student visa in Bangladesh? The answer to this question is nuanced and depends on several factors. This guide will provide a comprehensive overview of the regulations and requirements for part-time work on a student visa in Bangladesh.  ## Main Content  ### ,,,,,
train_54,train,54,Can I work part-time on a student visa in Uzbekistan?,"## Introduction This response delves into the regulations and practical considerations surrounding part-time work for international students on a student visa in Uzbekistan.  ## Main Content  ### Employment Authorization **Can I work part-time on a student visa in Uzbekistan?** **Yes, part-time empl",,,,,
train_727,train,727,How to get around as a student in Dhaka?,"## Introduction As a student in Dhaka, navigating the city efficiently is crucial for academic success and a fulfilling experience. Here are the key modes of transportation that you should consider:  ## Public Transportation * **Rickshaws:** These three-wheeled vehicles are ubiquitous and affordable",,,,,
train_364,train,364,Which universities in USA are best for Engineering?,"## Introduction  When selecting the best universities in the USA for Engineering, several critical factors come into play. This response will explore the most important aspects to consider, providing specific examples and practical implications.  ## Main Content  ### Academic Reputation and Rankings",,,,,
train_1050,train,1050,How to find affordable student accommodation in London?,"## Introduction  Finding affordable student accommodation in London can be challenging, but it is possible with careful research and planning. Here are some key points to consider:  * **University location:** The location of your university will have a significant impact on the cost of your accommod",,,,,
train_1285,train,1285,How much should I budget monthly for Toronto?,"## Introduction Understanding the monthly budget for studying abroad in Toronto is crucial for planning a successful experience. Here are key factors to consider:  - **Accommodation:** Rent varies depending on location, type of housing, and amenities. - **Food:** Groceries, dining out, and meal plan",,,,,
train_1045,train,1045,What is the student visa process for USA?,"## Introduction The student visa process for the USA can be daunting, but it's crucial to navigate it successfully. This process involves understanding the requirements, timelines, and potential challenges.  ## Main Content  ### Step 1: Determine Eligibility * Determine if you meet the eligibility c",,,,,
train_1297,train,1297,Sports and fitness facilities for students at Cambridge?,"## Introduction This question seeks to explore the sports and fitness facilities available to students at Cambridge University. These facilities are crucial for students' physical and mental well-being, contributing to their overall academic success and quality of life.  ## Main Content  ### Extensi",,,,,
train_1536,train,1536,Tips for overcoming culture shock in Australia?,"## Introduction Culture shock is a common experience for students studying abroad in Australia. It can be challenging to adjust to a new culture, but there are several tips that can help you overcome it.  ## Main Content  ### 1. Embrace the Differences * **This is important because** it helps you to",,,,,
train_1413,train,1413,How can I adjust to student life in Germany?,"## Introduction Navigating student life in Germany as an international student requires a multifaceted approach to cultural, academic, and social adjustments. Here are some key factors to consider:  - Understanding German culture and customs - Adjusting to the academic rigors of German universities ",,,,,
train_1330,train,1330,Are there affordable healthcare options for Pakistani students in Bangladesh?,## Introduction Pakistani students pursuing higher education in Bangladesh often face concerns regarding affordable healthcare options. This issue is crucial for ensuring their well-being and academic success while abroad. Here are some key considerations:  ## Health Insurance Coverage * **Clear sta,,,,,
train_1099,train,1099,Sports and fitness facilities for students at Stanford?,"## Sports and Fitness Facilities for Students at Stanford  ### Introduction Stanford University offers a wide range of sports and fitness facilities for its students, including:  - 36 varsity athletic teams - 31 club sports - 19 intramural sports - 12 fitness centers - 7 swimming pools - 6 tennis co",,,,,
train_2154,train,2154,How can I get a full scholarship for studying Masters in Canada?,## Introduction Pursuing a Master's degree in Canada with a full scholarship can be highly rewarding. Here's a comprehensive guide on how to achieve this goal:  ## Key Points * Maintaining academic excellence * Building a compelling application * Exploring funding opportunities  ## Main Content  ###,,,,,
train_737,train,737,Tips for overcoming culture shock in USA?,"## Tips for Overcoming Culture Shock in the USA  Culture shock, a common experience when adapting to a new country, can be challenging. Here are some strategies to help you overcome it in the USA:  ## Embrace Differences  * **This is important because** accepting cultural differences fosters underst",,,,,
train_775,train,775,How much should I budget monthly for Toronto?,"## Budgeting for Toronto as a Study Abroad Student  ### Key Expenses to Consider:  * **Accommodation:** Renting a room in a shared apartment can cost around $600-$1,000 per month.    - This is important because accommodation is a significant expense that can impact your budget significantly.    - Fo",,,,,
train_96,train,96,What are typical student expenses in Australia?,"## Introduction  As an experienced study abroad consultant, I can provide you with a comprehensive guide to typical student expenses in Australia. Understanding these costs is crucial for planning your financial arrangements and budgeting accordingly.  ## Accommodation  * **On-campus housing:** This",,,,,
train_985,train,985,What factors should I consider when choosing a university for Business Analytics?,"## Introduction Choosing a university for Business Analytics is a crucial decision that requires careful consideration. Factors such as program quality, faculty expertise, industry connections, and career outcomes play a significant role in shaping your future success in the field.  ## Main Content ",,,,,
train_1232,train,1232,Can you explain the admission process for Cambridge?,"## Introduction Cambridge University, renowned for its academic excellence, has a highly competitive admission process that requires meticulous preparation. This guide will delve into the key steps involved in applying to Cambridge, highlighting their significance and providing practical guidance.  ",,,,,
train_49,train,49,What factors should I consider when choosing a university for Law?,## Introduction Deciding on the right university for law studies is a crucial step that can shape your future career. Here are a few key factors you must consider to make an informed choice:  ## Main Content  ### Academic Reputation and Curriculum **This is important because:** The reputation and st,,,,,
train_821,train,821,Best places for students to hang out in Berlin?,"## Introduction As an expert study abroad consultant, I am pleased to provide a comprehensive guide to the best places for students to hang out in Berlin. This vibrant city offers a diverse range of attractions and activities, ensuring an unforgettable experience for international students.  ## Main",,,,,
train_137,train,137,What scholarships are available for Nigerian students in Canada?,"## Introduction Nigerian students seeking higher education in Canada have access to a wide range of scholarship opportunities. These scholarships provide financial assistance, reduce the cost of education, and support academic excellence.  ## Available Scholarships ### University-Specific Scholarshi",,,,,
train_2027,train,2027,What cultural differences should I prepare for in Australia?,## Introduction Preparing for cultural differences when studying abroad in Australia is essential for a successful and enriching experience. Here are three key cultural differences to be aware of:  * **Direct and Informal Communication:** Australians value direct and informal communication. This mea,,,,,
train_1737,train,1737,What medical coverage is provided by universities in Canada?,"## Introduction Understanding the medical coverage provided by Canadian universities is crucial for international students to ensure their well-being and financial security. This response will explore the key aspects of university health insurance plans, highlighting their importance and providing s",,,,,
train_196,train,196,Can you explain the admission process for Stanford?,## Introduction Understanding Stanford's admission process is crucial for students aspiring to study at this prestigious institution. This response will outline the key requirements and provide practical guidance to navigate the application process successfully.  ## Main Content  ### Academic Excell,,,,,
train_742,train,742,What health insurance do I need as a student in UK?,"## Introduction  As a student studying abroad in the UK, it's crucial to have adequate health insurance coverage. Understanding the different types of insurance available and their requirements will ensure you have the necessary protection during your stay.  ## Types of Health Insurance  **1. Nation",,,,,
train_4,train,4,Sports and fitness facilities for students at Stanford?,"## Sports and Fitness Facilities for Students at Stanford  **Introduction**  Stanford University provides exceptional sports and fitness facilities for its students, promoting their physical well-being and athletic pursuits. These facilities include state-of-the-art gyms, recreational spaces, and co",,,,,
train_327,train,327,Are there special housing options for Nepali students in London?,"## Introduction The United Kingdom is a popular study destination for Nepali students, offering a world-class education and vibrant student life. Finding suitable housing is an essential part of the study abroad experience, and Nepali students in London have access to specialized options that cater ",,,,,
train_911,train,911,What is the student visa process for USA?,"## Introduction The United States student visa process can be complex, but with the right guidance, you can navigate it successfully. Here are three key points to keep in mind:  * **Proper documentation is crucial.** * **Meeting deadlines is essential.** * **Understanding the process can help you av",,,,,
train_560,train,560,Sports and fitness facilities for students at Stanford?,"## Sports and Fitness Facilities for Students at Stanford  Stanford University offers a wide range of sports and fitness facilities to its students, providing ample opportunities for physical activity and well-being. These facilities play a vital role in student life, contributing to both physical a",,,,,
train_1226,train,1226,How expensive is student accommodation in Boston?,"## Introduction As a student planning to study abroad in Boston, it's crucial to consider the costs associated with student accommodation. Boston offers a range of options, and understanding the expenses involved will help you make an informed decision.  ## Main Content  ### Cost Variations **This i",,,,,
train_1590,train,1590,Research funding options for international students?,"## Introduction Research funding for international students is crucial for pursuing advanced degrees abroad. This funding not only reduces financial burdens but also enhances academic opportunities, research experiences, and professional development.  ## Main Content ### University Fellowships and S",,,,,
train_1258,train,1258,Bicycle-friendly campuses and cities for students?,"## Introduction **Bicycle-friendly campuses and cities offer students numerous benefits and enhance their overall study abroad experience.** These environments promote sustainability, improve physical and mental well-being, and foster a sense of community.  ## Main Content  ### Infrastructure and Ac",,,,,
train_2003,train,2003,What language support services do universities offer?,"## Introduction Understanding the language support services offered by universities is crucial for international students to succeed academically and culturally. Key services include language courses, tutoring, and conversation partners, which empower students to overcome language barriers and thriv",,,,,
train_1107,train,1107,How to make friends and network as an international student?,"## Introduction As an international student, building a strong social and professional network is crucial for your success abroad. Here are key strategies to make friends and network effectively:  ## Joining Clubs and Organizations * **This is important because:** It provides a structured setting to",,,,,
train_916,train,916,Do I need to take additional language courses in UK?,## Introduction Whether you need to take additional language courses in the UK depends on your English language proficiency and the requirements of your chosen university and program. Here are some key points to consider:  ## Main Content  ### English Language Proficiency **This is important because,,,,,
train_2016,train,2016,Tips for academic writing in English?,"## Introduction  Academic writing in English is crucial for international students to succeed in their studies abroad. To excel in this area, consider the following tips:  ## Understanding the Expectations  * **This is important because** it sets the foundation for effective writing. * **The reason ",,,,,
train_970,train,970,What cultural programs are available at Stanford for Bangladeshi students?,"## Cultural Programs for Bangladeshi Students at Stanford  Stanford University offers a vibrant array of cultural programs tailored to the unique needs of Bangladeshi students, fostering a welcoming and inclusive environment. These programs aim to preserve cultural heritage, provide support, and pro",,,,,
train_1459,train,1459,How do I write a strong SOP for MBA at Oxford?,"## Introduction  To craft a compelling SOP for MBA at Oxford, it's crucial to address the following key points:  * **Your motivations and aspirations:** This is important because it demonstrates your passion for business and alignment with Oxford's mission. * **Your skills and experiences:** This re",,,,,
train_701,train,701,Are there affordable living options for Indian students in Sydney?,"## Introduction Sydney, Australia, is a popular study abroad destination for Indian students. However, the cost of living in Sydney can be a concern. Are there affordable living options for Indian students in Sydney?  ## Main Content  ### Affordable Accommodation * Many universities in Sydney offer ",,,,,
train_1665,train,1665,Can you explain the admission process for Cambridge?,"## Introduction The admission process for Cambridge University is highly competitive, with only a small percentage of applicants being offered admission. However, with careful preparation and a strong application, you can increase your chances of success.  ## Main Content  **1. Submit a Strong Appli",,,,,
train_1627,train,1627,Mental health resources for international students in India?,## Introduction International students pursuing higher education in India may face unique mental health challenges. Understanding and accessing appropriate resources is crucial for their well-being and academic success. This response provides a comprehensive overview of mental health resources avail,,,,,
train_2183,train,2183,What documents do I need to rent in UK?,"## Introduction  Renting accommodation in the UK as an international student requires specific documentation to prove your identity, eligibility, and financial stability. These documents are essential for securing a tenancy agreement and ensuring a smooth rental experience.  ## Essential Documents f",,,,,
train_2263,train,2263,What are the best transportation options for Pakistani students in Mumbai?,## Introduction Pakistani students planning to study abroad in Mumbai have access to a range of convenient transportation options. These options offer various advantages to meet their specific needs.  ## Main Content  ### Public Transportation * **Mumbai's public transportation system is extensive a,,,,,
train_1862,train,1862,How can I improve my English before studying in USA?,"## Introduction  To thrive in your studies in the USA, it is crucial to enhance your English proficiency. Here are some key strategies to improve your English before embarking on your journey:  ## Immerse Yourself in English  * **This is important because:** Exposure to authentic English accelerates",,,,,
train_830,train,830,How to find research assistantships in Engineering?,"## Introduction Seeking research assistantships in Engineering can significantly enhance your academic and professional trajectory. This guide outlines crucial steps to successfully secure these opportunities, ensuring you gain invaluable research experience and advance your career goals.  ## Main C",,,,,
train_1071,train,1071,How to make friends and network as an international student?,"## Introduction As an international student, building friendships and networking are crucial for a fulfilling study abroad experience. By fostering connections, you can expand your social circle, gain valuable insights, and create memories that will last a lifetime.  ## Making Friends * **Join Clubs",,,,,
train_1760,train,1760,What is the student visa process for Germany?,"## Introduction Embarking on a study abroad journey in Germany requires obtaining a student visa, a crucial step that grants you legal residence and study privileges. Understanding the process and its nuances is essential for a successful application.  ## Main Content ### Eligibility Requirements - ",,,,,
train_1793,train,1793,Social activities and events for international students?,"## Introduction International students seeking a transformative study abroad experience often prioritize social activities and events. These engagements foster connections, enhance cultural understanding, and contribute to a fulfilling time overseas.  ## Main Content  ### Section 1: University-Organ",,,,,
train_266,train,266,Can you explain the admission process for MIT?,"## Introduction The Massachusetts Institute of Technology (MIT) is one of the world's most prestigious universities, and its admission process is highly competitive. To help you navigate this process, here are the key steps involved:  ## Main Content ### 1. Academic Requirements * **Strong academic ",,,,,
train_1454,train,1454,What are the merit-based scholarships at Stanford?,"## Introduction **What are the merit-based scholarships at Stanford?**  Stanford University offers a range of merit-based scholarships to recognize and support exceptional students. These scholarships are highly competitive and awarded based on academic achievement, leadership potential, and persona",,,,,
train_885,train,885,Best places for students to hang out in Toronto?,"## Introduction As a study abroad consultant, I understand the importance of finding places where students can socialize and connect with others. Toronto offers a diverse range of options for students to hang out and enjoy their time outside of class. Here are some of the best places students can ha",,,,,
train_400,train,400,Tell me about need-based financial aid options in Canada,"## Introduction International students seeking financial assistance for their studies in Canada should explore the various need-based options available. These options can significantly reduce the cost of education, making it more accessible for deserving students.  ## Need-Based Scholarships - The G",,,,,
train_2047,train,2047,Do I need to submit my IGCSE for admission to MS in Data Science at MIT?,## Introduction Whether you need to submit your IGCSE for admission to MS in Data Science at MIT depends on several factors. Here are the key points to consider:  * **MIT's admission criteria:** MIT's admission requirements for MS in Data Science do not explicitly mention IGCSE as a required documen,,,,,
train_463,train,463,Sports and fitness facilities for students at MIT?,"## Sports and Fitness Facilities for Students at MIT  As an expert study abroad consultant, I understand the importance of sports and fitness facilities for students. They provide opportunities for physical activity, stress relief, and social interaction. At MIT, students have access to a wide range",,,,,
train_2171,train,2171,How to find affordable student accommodation in Boston?,"## Introduction Finding affordable student accommodation in Boston can be challenging due to the city's high cost of living. However, by following these tips, you can increase your chances of securing a budget-friendly place to live.  ## Main Content  ### 1. Start Your Search Early This is important",,,,,
train_2251,train,2251,What factors should I consider when choosing a university for Nursing?,"## Introduction  Choosing the right university for your Nursing studies is a crucial decision that requires careful consideration. By weighing the following key factors, you can make an informed choice that aligns with your academic goals and career aspirations.  ## Main Content  ### Academic Reputa",,,,,
train_1500,train,1500,Can I work part-time on a student visa in USA?,"## Introduction Can you work part-time on a student visa in the USA? The answer is: yes, but with limitations. Understanding these limitations and regulations is crucial because it impacts your eligibility to work, the type of work you can do, and your overall study abroad experience.  ## Main Conte",,,,,
train_2062,train,2062,Public transportation options near Oxford?,"## Introduction Public transportation options near Oxford are crucial for students studying abroad, providing convenient and affordable access to the city and surrounding areas. These options include buses, trains, and taxis, each offering unique advantages.  ## Main Content  ### Buses **Statement:*",,,,,
train_1027,train,1027,How can I adjust to student life in Russia?,"## Introduction Adjusting to student life in Russia can be a challenging yet rewarding experience. By embracing cultural differences, developing language skills, and seeking support, you can navigate the transition smoothly.  ## Main Content  ### Cultural Immersion **Embrace the Russian Culture:** T",,,,,
train_1009,train,1009,Can I work part-time on a student visa in UK?,"## Introduction Can you work part-time while studying abroad in the UK on a student visa? The answer is yes, with some important limitations and requirements. Understanding these regulations is crucial for international students seeking employment during their academic journey.  ## Main Content  ###",,,,,
train_2085,train,2085,What are the housing options near Dhaka University?,"## Introduction As you embark on your study abroad journey at Dhaka University, finding suitable housing is crucial for a comfortable and successful experience. Here are the primary housing options available near the university, along with their advantages and disadvantages:  ## On-Campus Accommodat",,,,,
train_1566,train,1566,What documents are needed for USA student visa?,"## Introduction To secure a student visa for the United States, international applicants must submit a comprehensive set of documents that demonstrate their eligibility. These documents serve as crucial evidence for the consular officer to evaluate the applicant's qualifications, intent, and financi",,,,,
train_37,train,37,Bicycle-friendly campuses and cities for students?,"## Introduction Bicycle-friendly campuses and cities offer students numerous benefits, enhancing their academic and personal experiences. These points highlight why prioritizing bike-friendly environments is crucial for student success:  * Promotes active transportation, improving physical and menta",,,,,
train_211,train,211,What medical coverage is provided by universities in USA?,## Introduction Understanding medical coverage provided by universities in the USA is crucial for international students to ensure their well-being and financial security during their studies. This response addresses the key aspects of medical coverage offered by universities in the USA.  ## Main Co,,,,,
train_1767,train,1767,What medical coverage is provided by universities in New Zealand?,"## Introduction As an expert study abroad consultant, I can provide a comprehensive overview of the medical coverage provided by universities in New Zealand. This is important because understanding your medical coverage can help you make informed decisions about your healthcare while studying abroad",,,,,
train_528,train,528,What are the TOEFL requirements for Cambridge?,"## TOEFL Requirements for Cambridge  The TOEFL (Test of English as a Foreign Language) is a standardized test designed to assess the English proficiency of non-native speakers. It is widely accepted by universities and institutions around the world, including the University of Cambridge.  ### Minimu",,,,,
