"Relative Time (Process)","StudyAbroadGPT-7B - system/proc.cpu.threads","StudyAbroadGPT-7B - system/proc.cpu.threads__MIN","StudyAbroadGPT-7B - system/proc.cpu.threads__MAX"
"15.409319057","156","156","156"
"25.407394499","25","25","25"
"35.412249392","31","31","31"
"45.407426339","33","33","33"
"55.407273893","43","43","43"
"65.406799258","47","47","47"
"75.407508654","47","47","47"
"85.40686782","29","29","29"
"95.406661462","29","29","29"
"105.407212065","29","29","29"
"115.406679942","29","29","29"
"125.408046368","29","29","29"
"135.406851197","29","29","29"
"145.407377451","29","29","29"
"155.406948153","29","29","29"
"165.407416635","29","29","29"
"175.407582166","29","29","29"
"185.406701456","29","29","29"
"195.407747899","29","29","29"
"205.407425036","29","29","29"
"215.40709581","29","29","29"
"225.406908268","29","29","29"
"235.406995567","29","29","29"
"245.407601286","29","29","29"
"255.407586893","29","29","29"
"265.407730029","29","29","29"
"275.407630295","29","29","29"
"285.406930434","33","33","33"
"295.406946234","37","37","37"
"305.406554567","37","37","37"
"315.407814551","37","37","37"
"325.407587736","37","37","37"
"335.406560692","37","37","37"
"345.407580953","37","37","37"
"355.407113602","37","37","37"
"365.407602518","37","37","37"
"375.406751359","37","37","37"
"385.407284662","37","37","37"
"395.407332602","37","37","37"
"405.4075416","29","29","29"
"415.407119983","29","29","29"
"425.406755469","29","29","29"
"435.406695962","29","29","29"
"445.406754276","29","29","29"
"455.40752628","29","29","29"
"465.40709659","29","29","29"
"475.407295831","29","29","29"
"485.407031251","29","29","29"
"495.407635982","29","29","29"
"505.407477632","29","29","29"
"515.407598583","29","29","29"
"525.408279335","29","29","29"
"535.407875399","29","29","29"
"545.406989494","29","29","29"
"555.407543921","29","29","29"
"565.406664223","29","29","29"
"575.407678778","29","29","29"
"585.406707242","29","29","29"
"595.406893914","29","29","29"
"605.407479185","29","29","29"
"615.406829609","29","29","29"
"625.407258782","29","29","29"
"635.40718766","29","29","29"
"645.407482983","29","29","29"
"655.406947475","29","29","29"
"665.407258661","29","29","29"
"675.406883262","29","29","29"
"685.407735164","29","29","29"
"695.407024694","29","29","29"
"705.407468605","29","29","29"
"715.407174983","29","29","29"
"725.40689199","29","29","29"
"735.407759583","29","29","29"
"745.407005501","29","29","29"
"755.407154412","29","29","29"
"765.407256134","29","29","29"
"775.407330584","29","29","29"
"785.406640528","29","29","29"
"795.407648889","29","29","29"
"805.407042445","29","29","29"
"815.406908113","29","29","29"
"825.407163018","29","29","29"
"835.407661746","29","29","29"
"845.407272162","29","29","29"
"855.407263463","29","29","29"
"865.407378752","29","29","29"
"875.407530549","29","29","29"
"885.406557235","29","29","29"
"895.407416082","29","29","29"
"905.407359831","29","29","29"
"915.40757305","29","29","29"
"925.407246895","29","29","29"
"935.406781487","29","29","29"
"945.407328145","29","29","29"
"955.407170123","29","29","29"
"965.406726156","29","29","29"
"975.407338703","29","29","29"
"985.407317299","29","29","29"
"995.407028255","29","29","29"
"1005.406974091","29","29","29"
"1015.407547787","29","29","29"
"1025.407144881","29","29","29"
"1035.40783205","29","29","29"
"1045.407436372","29","29","29"
"1055.406921782","29","29","29"
"1065.407642133","29","29","29"
"1075.407473264","29","29","29"
"1085.407335801","29","29","29"
"1095.407147751","29","29","29"
"1105.407274325","29","29","29"
"1165.407443364","29","29","29"
"1175.406965273","29","29","29"
"1185.407283812","29","29","29"
"1195.406655547","29","29","29"
"1205.406601237","29","29","29"
"1215.407092711","29","29","29"
"1225.40755636","29","29","29"
"1235.407904764","29","29","29"
"1245.406750119","29","29","29"
"1255.407682162","29","29","29"
"1265.407727124","29","29","29"
"1275.407582108","29","29","29"
"1285.407374816","29","29","29"
"1295.407026239","29","29","29"
"1305.40689143","29","29","29"
"1315.407674752","29","29","29"
"1325.407090782","29","29","29"
"1335.40721436","29","29","29"
"1345.40678851","29","29","29"
"1355.407461611","29","29","29"
"1365.407142289","29","29","29"
"1375.407434475","29","29","29"
"1385.407200579","29","29","29"
"1395.406528546","29","29","29"
"1405.407251113","29","29","29"
"1415.407019278","29","29","29"
"1425.406812084","29","29","29"
"1435.407464305","29","29","29"
"1445.407271576","29","29","29"
"1455.407588278","29","29","29"
"1465.407216689","29","29","29"
"1475.407568102","29","29","29"
"1485.407851261","29","29","29"
"1495.407236759","29","29","29"
"1505.407423235","29","29","29"
"1515.406538986","29","29","29"
"1525.407457162","29","29","29"
"1535.406791811","29","29","29"
"1545.406827291","29","29","29"
"1555.407619018","29","29","29"
"1565.407481756","29","29","29"
"1575.407009172","29","29","29"
"1585.407181842","29","29","29"
"1595.406798895","29","29","29"
"1605.406799216","29","29","29"
"1615.406849491","29","29","29"
"1625.406771271","29","29","29"
"1635.407251923","29","29","29"
"1645.406911912","29","29","29"
"1655.407441184","29","29","29"
"1665.406901195","29","29","29"
"1675.407324952","29","29","29"
"1685.406832206","29","29","29"
"1695.407017059","29","29","29"
"1705.40726496","29","29","29"
"1715.407410851","29","29","29"
"1725.407123697","29","29","29"
"1735.407406999","29","29","29"
"1745.406988437","29","29","29"
"1755.407159628","29","29","29"
"1765.407579525","29","29","29"
"1775.407211818","29","29","29"
"1785.40694868","29","29","29"
"1795.407009513","29","29","29"
"1805.407651764","29","29","29"
"1815.407615506","29","29","29"
"1825.406900865","29","29","29"
"1835.406725007","29","29","29"
"1845.40755822","29","29","29"
"1855.4070174","29","29","29"
"1865.407333135","29","29","29"
"1875.407169593","29","29","29"
"1885.407488849","29","29","29"
"1895.40654132","29","29","29"
"1905.407816051","29","29","29"
"1915.407238066","29","29","29"
"1925.407238184","29","29","29"
"1935.407519925","29","29","29"
"1945.406734905","29","29","29"
"1955.40744448","29","29","29"
"1965.407429548","29","29","29"
"1975.407027345","29","29","29"
"1985.40731373","29","29","29"
"1995.40735582","29","29","29"
"2005.407285555","29","29","29"
"2015.407245198","29","29","29"
"2025.407579567","29","29","29"
"2035.408480885","29","29","29"
"2045.406681118","29","29","29"
"2055.406545536","29","29","29"
"2065.407188843","29","29","29"
"2075.406774868","29","29","29"
"2085.407565037","29","29","29"
"2095.40758501","29","29","29"
"2105.406834256","29","29","29"
"2115.407795037","29","29","29"
"2125.407238551","29","29","29"
"2135.406793941","29","29","29"
"2145.407632152","29","29","29"
"2155.407501983","29","29","29"
"2165.406687888","29","29","29"
"2175.407049128","29","29","29"
"2185.407575224","29","29","29"
"2195.40665812","29","29","29"
"2205.406910286","29","29","29"
"2215.407184226","29","29","29"
"2225.407187857","29","29","29"
"2235.40668544","29","29","29"
"2245.4065579","29","29","29"
"2255.407400866","29","29","29"
"2265.40715787","29","29","29"
"2275.406764789","29","29","29"
"2285.406553","29","29","29"
"2295.407691609","29","29","29"
"2305.407504705","29","29","29"
"2315.406663611","29","29","29"
"2325.407835608","29","29","29"
"2335.407516424","29","29","29"
"2345.407651607","29","29","29"
"2355.407351593","29","29","29"
"2365.407000212","29","29","29"
"2375.406565745","29","29","29"
"2385.406804172","29","29","29"
"2395.406852298","29","29","29"
"2405.407121957","29","29","29"
"2415.407252838","29","29","29"
"2425.407170754","29","29","29"
"2435.407092067","29","29","29"
"2445.406799988","29","29","29"
"2455.407477611","29","29","29"
"2465.407453355","29","29","29"
"2475.407383006","29","29","29"
"2485.407705598","29","29","29"
"2495.407207073","29","29","29"
"2505.407183775","29","29","29"
"2515.406985853","29","29","29"
"2525.407169669","29","29","29"
"2535.407813697","29","29","29"
"2545.406723871","29","29","29"
"2555.40770937","29","29","29"
"2565.407523547","29","29","29"
"2575.40695978","29","29","29"
"2585.407483775","29","29","29"
"2595.40733179","29","29","29"
"2605.407649082","29","29","29"
"2615.407086864","29","29","29"
"2625.407891031","29","29","29"
"2635.406597562","29","29","29"
"2645.407541131","29","29","29"
"2655.40737824","29","29","29"
"2665.407275203","29","29","29"
"2675.40745673","29","29","29"
"2685.407370538","29","29","29"
"2695.407458188","29","29","29"
"2705.407522238","29","29","29"
"2715.40800736","29","29","29"
"2725.407261677","29","29","29"
"2735.407213073","29","29","29"
"2745.407340202","29","29","29"
"2755.407511233","29","29","29"
"2765.407191178","29","29","29"
"2775.406603835","29","29","29"
"2785.406939334","29","29","29"
"2795.407273988","29","29","29"
"2805.406772221","29","29","29"
"2815.406781226","29","29","29"
"2825.407402644","29","29","29"
"2835.407407641","29","29","29"
"2845.406609115","29","29","29"
"2855.40683755","29","29","29"
"2865.407203155","29","29","29"
"2875.406724244","29","29","29"
"2885.406650046","29","29","29"
"2895.406650156","29","29","29"
"2905.406971828","29","29","29"
"2915.407786255","29","29","29"
"2925.407205376","29","29","29"
"2935.407615752","29","29","29"
"2945.406975572","29","29","29"
"2955.406770244","29","29","29"
"2965.407733787","29","29","29"
"2975.406674236","29","29","29"
"2985.407229158","29","29","29"
"2995.407621992","29","29","29"
"3005.40726494","29","29","29"
"3015.407171916","29","29","29"
"3025.407300668","29","29","29"
"3035.407132309","29","29","29"
"3045.407306907","29","29","29"
"3055.407147427","29","29","29"
"3065.406885302","29","29","29"
"3075.407401377","29","29","29"
"3085.407812352","29","29","29"
"3095.407135711","29","29","29"
"3105.406596938","29","29","29"
"3115.407259316","29","29","29"
"3125.407004093","29","29","29"
"3135.406770318","29","29","29"
"3145.407573725","29","29","29"
"3155.407612928","29","29","29"
"3165.407213988","29","29","29"
"3175.407613803","29","29","29"
"3185.407238697","29","29","29"
"3195.407114166","29","29","29"
"3205.407626664","29","29","29"
"3215.407512715","29","29","29"
"3225.407153888","29","29","29"
"3235.406852259","29","29","29"
"3245.407513711","29","29","29"
"3255.407208755","29","29","29"
"3265.406829093","29","29","29"
"3275.407493915","29","29","29"
"3285.407051032","29","29","29"
"3295.40739811","29","29","29"
"3305.407316042","29","29","29"
"3315.406553845","29","29","29"
"3325.406625512","29","29","29"
"3335.406993175","29","29","29"
"3345.406741335","29","29","29"
"3355.407534322","29","29","29"
"3365.407299747","29","29","29"
"3375.406595615","29","29","29"
"3385.406911783","29","29","29"
"3395.406574153","29","29","29"
"3405.407654991","29","29","29"
"3415.407386174","29","29","29"
"3425.40799448","29","29","29"
"3435.407263867","29","29","29"
"3445.407330007","29","29","29"
"3455.40677046","29","29","29"
"3465.40733054","29","29","29"
"3475.407462988","29","29","29"
"3485.407031593","29","29","29"
"3495.407504991","29","29","29"
"3505.40757631","29","29","29"
"3515.407437085","29","29","29"
"3525.407408297","29","29","29"
"3535.40725828","29","29","29"
"3545.406918455","29","29","29"
"3555.407123101","29","29","29"
"3565.407139858","29","29","29"
"3575.406743617","29","29","29"
"3585.407221094","29","29","29"
"3595.407502027","29","29","29"
"3605.407384535","29","29","29"
"3615.406886001","29","29","29"
"3625.407466365","29","29","29"
"3635.407234022","29","29","29"
"3645.406943571","29","29","29"
"3655.406946181","29","29","29"
"3665.406785585","29","29","29"
"3675.407324733","29","29","29"
"3685.407314164","29","29","29"
"3695.40691749","29","29","29"
"3705.406670551","29","29","29"
"3715.407859819","29","29","29"
"3725.407215598","29","29","29"
"3735.407596008","29","29","29"
"3745.407178787","29","29","29"
"3755.407518214","29","29","29"
"3765.407419896","29","29","29"
"3775.407528593","29","29","29"
"3785.407369997","29","29","29"
"3795.407103349","29","29","29"
"3805.407781479","29","29","29"
"3815.407018661","29","29","29"
"3825.407326125","29","29","29"
"3835.407399323","29","29","29"
"3845.407180651","29","29","29"
"3855.407133591","29","29","29"
"3865.40685801","29","29","29"
"3875.407402563","29","29","29"
"3885.406792256","29","29","29"
"3895.40752429","29","29","29"
"3905.407214123","29","29","29"
"3915.406865124","29","29","29"
"3925.406841983","29","29","29"
"3935.406696713","29","29","29"
"3945.407213227","29","29","29"
"3955.406702751","29","29","29"
"3965.406579763","29","29","29"
"3975.407614237","29","29","29"
"3985.407384767","29","29","29"
"3995.407383895","29","29","29"
"4005.407386063","29","29","29"
"4015.407417407","29","29","29"
"4025.407361596","29","29","29"
"4035.407686973","29","29","29"
"4045.407339041","29","29","29"
"4055.406817047","29","29","29"
"4065.406968622","29","29","29"
"4075.407762809","29","29","29"
"4085.407010183","29","29","29"
"4095.407586354","29","29","29"
"4105.406889037","29","29","29"
"4115.407312265","29","29","29"
"4125.407506086","29","29","29"
"4135.407224633","29","29","29"
"4145.407364313","29","29","29"
"4155.406500645","29","29","29"
"4165.406719854","29","29","29"
"4175.406590011","29","29","29"
"4185.407976305","29","29","29"
"4195.407448419","29","29","29"
"4205.407672751","29","29","29"
"4215.407534175","29","29","29"
"4225.407367177","29","29","29"
"4235.406925854","29","29","29"
"4245.407687504","29","29","29"
"4255.407551005","29","29","29"
"4265.406752812","29","29","29"
"4275.407401922","29","29","29"
"4285.407573323","29","29","29"
"4295.407469753","29","29","29"
"4305.407291719","29","29","29"
"4315.406799877","29","29","29"
"4325.406536782","29","29","29"
"4335.40689881","29","29","29"
"4345.406942272","29","29","29"
"4355.407045258","29","29","29"
"4365.406843207","29","29","29"
"4375.406887885","29","29","29"
"4385.40654984","29","29","29"
"4395.407348631","29","29","29"
"4405.406687906","29","29","29"
"4415.406940606","29","29","29"
"4425.406935879","29","29","29"
"4435.40699018","29","29","29"
"4445.4072295","29","29","29"
"4455.406742135","29","29","29"
"4465.407580425","29","29","29"
"4475.40711177","29","29","29"
"4485.406584498","29","29","29"
"4495.407175092","29","29","29"
"4505.407571747","29","29","29"
"4515.407462953","29","29","29"
"4525.40770919","29","29","29"
"4535.40699579","29","29","29"
"4545.407033391","29","29","29"
"4555.407386393","29","29","29"
"4565.407411856","29","29","29"
"4575.406799043","29","29","29"
"4585.406635649","29","29","29"
"4595.406774778","29","29","29"
"4605.407184213","29","29","29"
"4615.406684119","29","29","29"
"4625.406489501","29","29","29"
"4635.406601068","29","29","29"
"4645.407196899","29","29","29"
"4655.406668501","29","29","29"
"4665.406888556","29","29","29"
"4675.407655212","29","29","29"
"4685.407475063","29","29","29"
"4695.406735337","29","29","29"
"4705.406792026","29","29","29"
"4715.407329681","29","29","29"
"4725.407626781","29","29","29"
"4735.407131134","29","29","29"
"4745.4078698","29","29","29"
"4755.407295354","29","29","29"
"4765.407573312","29","29","29"
"4775.407266439","29","29","29"
"4785.407559254","29","29","29"
"4795.406969945","29","29","29"
"4805.406514879","29","29","29"
"4815.406968177","29","29","29"
"4825.407737938","29","29","29"
"4835.407450478","29","29","29"
"4845.407270938","29","29","29"
"4855.407325451","29","29","29"
"4865.406497786","29","29","29"
"4875.406985581","29","29","29"
"4885.408121691","29","29","29"
"4895.407543277","29","29","29"
"4905.406921289","29","29","29"
"4915.407424807","29","29","29"
"4925.407585154","29","29","29"
"4935.406745447","29","29","29"
"4945.406889758","29","29","29"
"4955.406815646","29","29","29"
"4965.407732971","29","29","29"
"4975.407420167","29","29","29"
"4985.406811477","29","29","29"
"4995.406874376","29","29","29"
"5005.407204189","29","29","29"
"5015.407300784","29","29","29"
"5025.407440727","29","29","29"
"5035.407265018","29","29","29"
"5045.406909289","29","29","29"
"5055.40758741","29","29","29"
"5065.407688244","29","29","29"
"5075.407561059","29","29","29"
"5085.407490609","29","29","29"
"5095.407130996","29","29","29"
"5105.406892411","29","29","29"
"5115.407624811","29","29","29"
"5125.407623912","29","29","29"
"5135.407501374","29","29","29"
"5145.407302546","29","29","29"
"5155.407508371","29","29","29"
"5165.406743227","29","29","29"
"5175.407130163","29","29","29"
"5185.407652815","29","29","29"
"5195.407680206","29","29","29"
"5205.40723929","29","29","29"
"5215.406796142","29","29","29"
"5225.408448256","29","29","29"
"5235.407294567","29","29","29"
"5245.40730969","29","29","29"
"5255.406668658","29","29","29"
"5265.406983802","29","29","29"
"5275.408239984","29","29","29"
"5285.407449153","29","29","29"
"5295.407689642","29","29","29"
"5305.40690487","29","29","29"
"5315.407139502","29","29","29"
"5325.407311338","29","29","29"
"5335.40748044","29","29","29"
"5345.407459107","29","29","29"
"5355.406976274","29","29","29"
"5365.407299396","29","29","29"
"5375.40699675","29","29","29"
"5385.407168325","29","29","29"
"5395.406900693","29","29","29"
"5405.407248811","29","29","29"
"5415.407362736","29","29","29"
"5425.406669126","29","29","29"
"5435.407114751","29","29","29"
"5445.406978189","29","29","29"
"5455.407144867","29","29","29"
"5465.407039205","29","29","29"
"5475.407361241","29","29","29"
"5485.407268616","29","29","29"
"5495.406783272","29","29","29"
"5505.407107092","29","29","29"
"5515.407089489","29","29","29"
"5525.406765998","29","29","29"
"5535.408002018","29","29","29"
"5545.406644628","29","29","29"
"5555.406536651","29","29","29"
"5565.407146396","29","29","29"
"5575.407471346","29","29","29"
"5585.407114205","29","29","29"
"5595.406497536","29","29","29"
"5605.40665294","29","29","29"
"5615.407828658","29","29","29"
"5625.407673537","29","29","29"
"5635.406800719","29","29","29"
"5645.406738776","29","29","29"
"5655.407025193","29","29","29"
"5665.406859643","29","29","29"
"5675.407388812","29","29","29"
"5685.407185005","29","29","29"
"5695.406966719","29","29","29"
"5705.407479135","29","29","29"
"5715.407365501","29","29","29"
"5725.406898117","29","29","29"
"5735.406877989","29","29","29"
"5745.407127068","29","29","29"
"5755.407517707","29","29","29"
"5765.407472507","29","29","29"
"5775.407751056","29","29","29"
"5785.408270906","29","29","29"
"5795.406817918","29","29","29"
"5805.407346504","29","29","29"
"5815.40756142","29","29","29"
"5825.407528805","29","29","29"
"5835.407741384","29","29","29"
"5845.40690195","29","29","29"
"5855.406988063","29","29","29"
"5865.407541694","29","29","29"
"5875.408076696","29","29","29"
"5885.406918772","29","29","29"
"5895.407041452","29","29","29"
"5905.406826568","29","29","29"
"5915.406969148","29","29","29"
"5925.407121752","29","29","29"
"5935.406502866","29","29","29"
"5945.407011792","29","29","29"
"5955.407188231","29","29","29"
"5965.407434567","29","29","29"
"5975.406746717","29","29","29"
"5985.406990287","29","29","29"
"5995.407102474","29","29","29"
"6005.407504597","29","29","29"
"6015.40773248","29","29","29"
"6025.406959318","29","29","29"
"6035.407361971","29","29","29"
"6045.406724146","29","29","29"
"6055.407539526","29","29","29"
"6065.407207118","29","29","29"
"6075.406729591","29","29","29"
"6085.406936524","29","29","29"
"6095.407416076","29","29","29"
"6105.406978849","29","29","29"
"6115.407285355","29","29","29"
"6125.406757862","29","29","29"
"6135.407291039","29","29","29"
"6145.407216117","29","29","29"
"6155.407645077","29","29","29"
"6165.407348855","29","29","29"
"6175.407736063","29","29","29"
"6185.407837563","29","29","29"
"6195.407226082","29","29","29"
"6205.406884835","29","29","29"
"6215.406953089","29","29","29"
"6225.407400912","29","29","29"
"6235.408294785","29","29","29"
"6245.407295129","29","29","29"
"6255.407255766","29","29","29"
"6265.407497516","29","29","29"
"6275.406833228","29","29","29"
"6285.407470819","29","29","29"
"6295.407369301","29","29","29"
"6305.407235923","29","29","29"
"6315.407532407","29","29","29"
"6325.407121427","29","29","29"
"6335.407307983","29","29","29"
"6345.407186577","29","29","29"
"6355.407138044","29","29","29"
"6365.406678926","29","29","29"
"6375.407203426","29","29","29"
"6385.407653306","29","29","29"
"6395.40727124","29","29","29"
"6405.407121083","29","29","29"
"6415.407478697","29","29","29"
"6425.406730675","29","29","29"
"6435.406825537","29","29","29"
"6445.406638184","29","29","29"
"6455.407248728","29","29","29"
"6465.407414209","29","29","29"
"6475.407387083","29","29","29"
"6485.406843326","29","29","29"
"6495.407232694","29","29","29"
"6505.40715509","29","29","29"
"6515.407357982","29","29","29"
"6525.408031411","29","29","29"
"6535.407029928","29","29","29"
"6545.407503355","29","29","29"
"6555.407873133","29","29","29"
"6565.406595623","29","29","29"
"6575.407436755","29","29","29"
"6585.407509114","29","29","29"
"6595.406780555","29","29","29"
"6605.407396499","29","29","29"
"6615.407441521","29","29","29"
"6625.407250841","29","29","29"
"6635.407138333","29","29","29"
"6645.406529295","29","29","29"
"6655.407193917","29","29","29"
"6665.407535228","29","29","29"
"6675.407459291","29","29","29"
"6685.40698284","29","29","29"
"6695.407661409","29","29","29"
"6705.406922456","29","29","29"
"6715.40732092","29","29","29"
"6725.407475279","29","29","29"
"6735.406766073","29","29","29"
"6745.407050258","29","29","29"
"6755.406926824","29","29","29"
"6765.407014275","29","29","29"
"6775.406636674","29","29","29"
"6785.407295127","29","29","29"
"6795.407003875","29","29","29"
"6805.407018043","29","29","29"
"6815.407153586","29","29","29"
"6825.407605966","29","29","29"
"6835.407318547","29","29","29"
"6845.406718971","29","29","29"
"6855.406857631","29","29","29"
"6865.407111405","29","29","29"
"6875.407314513","29","29","29"
"6885.407352027","29","29","29"
"6895.407400015","29","29","29"
"6905.407694476","29","29","29"
"6915.406994619","29","29","29"
"6925.406725184","29","29","29"
"6935.408150819","29","29","29"
"6945.407493836","29","29","29"
"6955.407271131","29","29","29"
"6965.407739965","29","29","29"
"6975.407516679","29","29","29"
"6985.407168073","29","29","29"
"6995.406535971","29","29","29"
"7005.407406059","29","29","29"
"7015.406989942","29","29","29"
"7025.406916973","29","29","29"
"7035.407460266","29","29","29"
"7045.407121719","29","29","29"
"7055.407575222","29","29","29"
"7065.407393573","29","29","29"
"7075.407108521","29","29","29"
"7085.407387228","29","29","29"
"7095.406994009","29","29","29"
"7105.406640207","29","29","29"
"7115.406900325","29","29","29"
"7125.407026456","29","29","29"
"7135.407280254","29","29","29"
"7145.406988456","29","29","29"
"7155.407619665","29","29","29"
"7165.407397955","29","29","29"
"7175.406684365","29","29","29"
"7185.407733491","29","29","29"
"7195.407404187","29","29","29"
"7205.407721923","29","29","29"
"7215.407152121","29","29","29"
"7225.406704356","29","29","29"
"7235.407565164","29","29","29"
"7245.406737113","29","29","29"
"7255.407272389","29","29","29"
"7265.407354587","29","29","29"
"7275.406900288","29","29","29"
"7285.407576343","29","29","29"
"7295.407737868","29","29","29"
"7305.406836063","29","29","29"
"7315.406948772","29","29","29"
"7325.406776216","29","29","29"
"7335.40755261","29","29","29"
"7345.407521223","29","29","29"
"7355.407084357","29","29","29"
"7365.407011903","29","29","29"
"7375.407205924","29","29","29"
"7385.407369986","29","29","29"
"7395.407511682","29","29","29"
"7405.407431246","29","29","29"
"7415.406582968","29","29","29"
"7425.407010317","29","29","29"
"7435.407263855","29","29","29"
"7445.407098586","29","29","29"
"7455.407015876","29","29","29"
"7465.407491769","29","29","29"
"7475.407256467","29","29","29"
"7485.407085154","29","29","29"
"7495.407037836","29","29","29"
"7505.407291035","29","29","29"
"7515.407230895","29","29","29"
"7525.4071764","29","29","29"
"7535.407147522","29","29","29"
"7545.406890951","29","29","29"
"7555.407812657","29","29","29"
"7565.408368781","29","29","29"
"7575.4071473","29","29","29"
"7585.406587071","29","29","29"
"7595.407033913","29","29","29"
"7605.407033469","29","29","29"
"7615.407994514","29","29","29"
"7625.40703839","29","29","29"
"7635.406697342","29","29","29"
"7645.407404045","29","29","29"
"7655.408567795","29","29","29"
"7665.406688637","29","29","29"
"7675.406628196","29","29","29"
"7685.407122176","29","29","29"
"7695.40742466","29","29","29"
"7705.406604293","29","29","29"
"7715.407215638","29","29","29"
"7725.407681653","29","29","29"
"7735.407511265","29","29","29"
"7745.407414151","29","29","29"
"7755.407479385","29","29","29"
"7765.407364496","29","29","29"
"7775.407752501","29","29","29"
"7785.407660007","29","29","29"
"7795.407553381","29","29","29"
"7805.407442831","29","29","29"
"7815.40687403","29","29","29"
"7825.407489786","29","29","29"
"7835.407408234","29","29","29"
"7845.407482869","29","29","29"
"7855.406857948","29","29","29"
"7865.407268423","29","29","29"
"7875.407114862","29","29","29"
"7885.406720898","29","29","29"
"7895.406850088","29","29","29"
"7905.40752913","29","29","29"
"7915.406659046","29","29","29"
"7925.407239811","29","29","29"
"7935.407375786","29","29","29"
"7945.406864261","29","29","29"
"7955.407600846","29","29","29"
"7965.406856039","29","29","29"
"7975.406911852","29","29","29"
"7985.407539419","29","29","29"
"7995.407129907","29","29","29"
"8005.406490897","29","29","29"
"8015.406932384","29","29","29"
"8025.406751803","29","29","29"
"8035.407711686","29","29","29"
"8045.407287427","29","29","29"
"8055.407358348","29","29","29"
"8065.407060112","29","29","29"
"8075.406961003","29","29","29"
"8085.407179846","29","29","29"
"8095.407165194","29","29","29"
"8105.407224848","29","29","29"
"8115.407049705","29","29","29"
"8125.407456112","29","29","29"
"8135.406495807","29","29","29"
"8145.407146795","29","29","29"
"8155.407482114","29","29","29"
"8165.407019734","29","29","29"
"8175.40752647","29","29","29"
"8185.406590877","29","29","29"
"8195.407725385","29","29","29"
"8205.406662037","29","29","29"
"8215.406906956","29","29","29"
"8225.406788695","29","29","29"
"8235.407558273","29","29","29"
"8245.408377376","29","29","29"
"8255.408040256","29","29","29"
"8265.406816441","29","29","29"
"8275.407413348","29","29","29"
"8285.407152816","29","29","29"
"8295.406920407","29","29","29"
"8305.407620851","29","29","29"
"8315.407794039","29","29","29"
"8325.407121647","29","29","29"
"8335.406888173","29","29","29"
"8345.407366746","29","29","29"
"8355.407113907","29","29","29"
"8365.407267048","29","29","29"
"8375.407886593","29","29","29"
"8385.407289347","29","29","29"
"8395.407208519","29","29","29"
"8405.407270723","29","29","29"
"8415.406767664","29","29","29"
"8425.407114387","29","29","29"
"8435.407179594","29","29","29"
"8445.406735425","29","29","29"
"8455.406729591","29","29","29"
"8465.406808337","29","29","29"
"8475.406745079","29","29","29"
"8485.406800642","29","29","29"
"8495.407735811","29","29","29"
"8505.407565821","29","29","29"
"8515.407287136","29","29","29"
"8525.406748812","29","29","29"
"8535.407272864","29","29","29"
"8545.407336088","29","29","29"
"8555.406805446","29","29","29"
"8565.407185403","29","29","29"
"8575.407110128","29","29","29"
"8585.407136407","29","29","29"
"8595.407255514","29","29","29"
"8605.406984242","29","29","29"
"8615.406587435","29","29","29"
"8625.407357438","29","29","29"
"8635.406726927","29","29","29"
"8645.40694925","29","29","29"
"8655.406935884","29","29","29"
"8665.407864533","29","29","29"
"8675.407455321","29","29","29"
"8685.406711781","29","29","29"
"8695.407489796","29","29","29"
"8705.407433897","29","29","29"
"8715.407461424","29","29","29"
"8725.407214755","29","29","29"
"8735.407744779","29","29","29"
"8745.407757649","29","29","29"
"8755.407289851","29","29","29"
"8765.406916754","29","29","29"
"8775.406978806","29","29","29"
"8785.40688111","29","29","29"
"8795.407083771","29","29","29"
"8805.407559214","29","29","29"
"8815.4072957","29","29","29"
"8825.407282921","29","29","29"
"8835.407689853","29","29","29"
"8845.407248474","29","29","29"
"8855.40695053","29","29","29"
"8865.407112803","29","29","29"
"8875.407512906","29","29","29"
"8885.407442977","29","29","29"
"8895.406709344","29","29","29"
"8905.407494972","29","29","29"
"8915.407084104","29","29","29"
"8925.407850841","29","29","29"
"8935.406964135","29","29","29"
"8945.406951261","29","29","29"
"8955.407684602","29","29","29"
"8965.406749649","29","29","29"
"8975.407204499","29","29","29"
"8985.407205476","29","29","29"
"8995.407590301","29","29","29"
"9005.406921993","29","29","29"
"9015.406962277","29","29","29"
"9025.407359443","29","29","29"
"9035.406660324","29","29","29"
"9045.406977364","29","29","29"
"9055.407343654","29","29","29"
"9065.407366696","29","29","29"
"9075.407394383","29","29","29"
"9085.407010109","29","29","29"
"9095.407266845","29","29","29"
"9105.4072645","29","29","29"
"9115.407209956","29","29","29"
"9125.407088871","29","29","29"
"9135.407025107","29","29","29"
"9145.40749276","29","29","29"
"9155.407135797","29","29","29"
"9165.407164705","29","29","29"
"9175.406737099","29","29","29"
"9185.40718798","29","29","29"
"9195.406627347","29","29","29"
"9205.407087267","29","29","29"
"9215.407467342","29","29","29"
"9225.407415078","29","29","29"
"9235.407237907","29","29","29"
"9245.407616459","29","29","29"
"9255.406931098","29","29","29"
"9265.40757763","29","29","29"
"9275.407501947","29","29","29"
"9285.406909748","29","29","29"
"9295.406968765","29","29","29"
"9305.407135501","29","29","29"
"9315.407539058","29","29","29"
"9325.407192725","29","29","29"
"9335.406898764","29","29","29"
"9345.407205217","29","29","29"
"9355.407747381","29","29","29"
"9365.407398163","29","29","29"
"9375.407100697","29","29","29"
"9385.406646256","29","29","29"
"9395.407614392","29","29","29"
"9405.407712426","29","29","29"
"9415.407373055","29","29","29"
"9425.407453038","29","29","29"
"9435.407143112","29","29","29"
"9445.407413649","29","29","29"
"9455.407166039","29","29","29"
"9465.407234785","29","29","29"
"9475.406791416","29","29","29"
"9485.407192638","29","29","29"
"9495.407691922","29","29","29"
"9505.407709372","29","29","29"
"9515.408048277","29","29","29"
"9525.407677967","29","29","29"
"9535.407198894","29","29","29"
"9545.407506575","29","29","29"
"9555.407124331","29","29","29"
"9565.406805054","29","29","29"
"9575.407152181","29","29","29"
"9585.407766539","29","29","29"
"9595.407278564","29","29","29"
"9605.407796526","29","29","29"
"9615.407002653","29","29","29"
"9625.407043201","29","29","29"
"9635.407572398","29","29","29"
"9645.407747297","29","29","29"
"9655.407504751","29","29","29"
"9665.407641593","29","29","29"
"9675.406639446","29","29","29"
"9685.406922001","29","29","29"
"9695.406534373","29","29","29"
"9705.407482029","29","29","29"
"9715.407613282","29","29","29"
"9725.406698782","29","29","29"
"9735.406822787","29","29","29"
"9745.407003562","29","29","29"
"9755.407454059","29","29","29"
"9765.406801517","29","29","29"
"9775.40718151","29","29","29"
"9785.407481365","29","29","29"
"9795.407218487","29","29","29"
"9805.406860413","29","29","29"
"9815.406847916","29","29","29"
"9825.406571385","29","29","29"
"9835.406877372","29","29","29"
"9845.407439648","29","29","29"
"9855.407135857","29","29","29"
"9865.406982603","29","29","29"
"9875.407139356","29","29","29"
"9885.406823652","29","29","29"
"9895.407112153","29","29","29"
"9905.407363252","29","29","29"
"9915.407549772","29","29","29"
"9925.4069139","29","29","29"
"9935.407409077","29","29","29"
"9945.407010101","29","29","29"
"9955.407414756","29","29","29"
"9965.407208496","29","29","29"
"9975.407144815","29","29","29"
"9985.407075786","29","29","29"
"9995.407348603","29","29","29"
"10005.406787636","29","29","29"
"10015.407183798","29","29","29"
"10025.407322199","29","29","29"
"10035.406990991","29","29","29"
"10045.40752533","29","29","29"
"10055.407920172","29","29","29"
"10065.406603062","29","29","29"
"10075.408105174","29","29","29"
"10085.40747288","29","29","29"
"10095.407278316","29","29","29"
"10105.406590438","29","29","29"
"10115.406992347","29","29","29"
"10125.407170357","29","29","29"
"10135.407124123","29","29","29"
"10145.407500613","29","29","29"
"10155.407113891","29","29","29"
"10165.407761135","29","29","29"
"10175.407430965","29","29","29"
"10185.407007822","29","29","29"
"10195.407241408","29","29","29"
"10205.407430362","29","29","29"
"10215.407583688","29","29","29"
"10225.407329396","29","29","29"
"10235.406786367","29","29","29"
"10245.407454995","29","29","29"
"10255.406646173","29","29","29"
"10265.407309127","29","29","29"
"10275.407246074","29","29","29"
"10285.407598616","29","29","29"
"10295.406654169","29","29","29"
"10305.406841884","29","29","29"
"10315.407428829","29","29","29"
"10325.406977588","29","29","29"
"10335.407256311","29","29","29"
"10345.406967246","29","29","29"
"10355.407217842","29","29","29"
"10365.407451183","29","29","29"
"10375.406801796","29","29","29"
"10385.406913006","29","29","29"
"10395.406809185","29","29","29"
"10405.406735967","29","29","29"
"10415.406778115","29","29","29"
"10425.406956531","29","29","29"
"10435.407913731","29","29","29"
"10445.407490768","29","29","29"
"10455.406671836","29","29","29"
"10465.406984861","29","29","29"
"10475.407293223","29","29","29"
"10485.406856239","29","29","29"
"10495.406912949","29","29","29"
"10505.406999591","29","29","29"
"10515.406662775","29","29","29"
"10525.407536942","29","29","29"
"10535.406568138","29","29","29"
"10545.406800338","29","29","29"
"10555.407205701","29","29","29"
"10565.407567296","29","29","29"
"10575.406875954","29","29","29"
"10585.407051477","29","29","29"
"10595.407382","29","29","29"
"10605.407265523","29","29","29"
"10615.407673821","29","29","29"
"10625.406679608","29","29","29"
"10635.407009316","29","29","29"
"10645.407221403","29","29","29"
"10655.407130001","29","29","29"
"10665.406828829","29","29","29"
"10675.407467571","29","29","29"
"10685.407052103","29","29","29"
"10695.407620001","29","29","29"
"10705.406910491","29","29","29"
"10715.407615178","29","29","29"
"10725.406801066","29","29","29"
"10735.407827235","29","29","29"
"10745.406928615","29","29","29"
"10755.406936793","29","29","29"
"10765.407219098","29","29","29"
"10775.407281385","29","29","29"
"10785.406617964","29","29","29"
"10795.407122749","29","29","29"
"10805.406589579","29","29","29"
"10815.406856791","29","29","29"
"10825.407980508","29","29","29"
"10835.407323115","29","29","29"
"10845.407521148","29","29","29"
"10855.40717485","29","29","29"
"10865.406783994","29","29","29"
"10875.407670758","29","29","29"
"10885.407774003","29","29","29"
"10895.406842322","29","29","29"
"10905.407362199","29","29","29"
"10915.407513064","29","29","29"
"10925.407395872","29","29","29"
"10935.407231304","29","29","29"
"10945.407654343","29","29","29"
"10955.406859838","29","29","29"
"10965.407053598","29","29","29"
"10975.40739094","29","29","29"
"10985.406545094","29","29","29"
"10995.406647113","29","29","29"
"11005.40692953","29","29","29"
"11015.406769035","29","29","29"
"11025.40703467","29","29","29"
"11035.407203769","29","29","29"
"11045.40716364","29","29","29"
"11055.406857286","29","29","29"
"11065.407456502","29","29","29"
"11075.406739151","29","29","29"
"11085.406591226","29","29","29"
"11095.406771699","29","29","29"
"11105.406895488","29","29","29"
"11115.40679247","29","29","29"
"11125.406843228","29","29","29"
"11135.407588968","29","29","29"
"11145.407130694","29","29","29"
"11155.406908778","29","29","29"
"11165.407511343","29","29","29"
"11175.407616505","29","29","29"
"11185.407226421","29","29","29"
"11195.407477307","29","29","29"
"11205.40725467","29","29","29"
"11215.407043156","29","29","29"
"11225.407077565","29","29","29"
"11235.406694549","29","29","29"
"11245.407617384","29","29","29"
"11255.407843339","29","29","29"
"11265.407199605","29","29","29"
"11275.407184996","29","29","29"
"11285.407822232","29","29","29"
"11295.407540296","29","29","29"
"11305.406994399","29","29","29"
"11315.407144463","29","29","29"
"11325.406526842","29","29","29"
"11335.407050664","29","29","29"
"11345.407367125","29","29","29"
"11355.407317228","29","29","29"
"11365.407169881","29","29","29"
"11375.407038912","29","29","29"
"11385.406635663","29","29","29"
"11395.407286006","29","29","29"
"11405.407117723","29","29","29"
"11415.407305052","29","29","29"
"11425.407025556","29","29","29"
"11435.407265808","29","29","29"
"11445.407288758","29","29","29"
"11455.407350556","29","29","29"
"11465.407181946","29","29","29"
"11475.406709888","29","29","29"
"11485.407127616","29","29","29"
"11495.407582261","29","29","29"
"11505.407310397","29","29","29"
"11515.407759416","29","29","29"
"11525.406707355","29","29","29"
"11535.406647788","29","29","29"
"11545.40704488","29","29","29"
"11555.406837378","29","29","29"
"11565.406847714","29","29","29"
"11575.40734703","29","29","29"
"11585.407134646","29","29","29"
"11595.406784314","29","29","29"
"11605.407480281","29","29","29"
"11615.407356949","29","29","29"
"11625.406790452","29","29","29"
"11635.407017542","29","29","29"
"11645.40647539","29","29","29"
"11655.407411829","29","29","29"
"11665.406612908","29","29","29"
"11675.407699051","29","29","29"
"11685.406918513","29","29","29"
"11695.406560216","29","29","29"
"11705.407652609","29","29","29"
"11715.407173459","29","29","29"
"11725.406979882","29","29","29"
"11735.407336483","29","29","29"
"11745.406551209","29","29","29"
"11755.407151107","29","29","29"
"11765.407673562","29","29","29"
"11775.406813744","29","29","29"
"11785.407144484","29","29","29"
"11795.407254674","29","29","29"
"11805.406533531","29","29","29"
"11815.406938557","29","29","29"
"11825.406617236","29","29","29"
"11835.407401419","29","29","29"
"11845.406727823","29","29","29"
"11855.407084468","29","29","29"
"11865.407673336","29","29","29"
"11875.407268323","29","29","29"
"11885.407667908","29","29","29"
"11895.406516076","29","29","29"
"11905.407424443","29","29","29"
"11915.406488441","29","29","29"
"11925.407176244","29","29","29"
"11935.406678824","29","29","29"
"11945.407127354","29","29","29"
"11955.406749364","29","29","29"
"11965.407619898","29","29","29"
"11975.40661711","29","29","29"
"11985.407394435","29","29","29"
"11995.407569055","29","29","29"
"12005.406681124","29","29","29"
"12015.407588814","29","29","29"
"12025.407712929","29","29","29"
"12035.406640513","29","29","29"
"12045.407359775","29","29","29"
"12055.407366842","29","29","29"
"12065.406766989","29","29","29"
"12075.406527925","29","29","29"
"12085.407122711","29","29","29"
"12095.406569097","29","29","29"
"12105.409327806","29","29","29"
"12115.407254863","29","29","29"
"12125.407795625","29","29","29"
"12135.407026002","29","29","29"
"12145.407364756","29","29","29"
"12155.408223215","29","29","29"
"12165.406909997","29","29","29"
"12175.406958501","29","29","29"
"12185.407521815","29","29","29"
"12195.407051186","29","29","29"
"12205.407162727","29","29","29"
"12215.406980546","29","29","29"
"12225.407121367","29","29","29"
"12235.407659517","29","29","29"
"12245.406938018","29","29","29"
"12255.407186396","29","29","29"
"12265.407026563","29","29","29"
"12275.406770305","29","29","29"
"12285.407290767","29","29","29"
"12295.406669154","29","29","29"
"12305.406597577","29","29","29"
"12315.40699594","29","29","29"
"12325.40785788","29","29","29"
"12335.40697846","29","29","29"
"12345.407123515","29","29","29"
"12355.40658875","29","29","29"
"12365.407005502","29","29","29"
"12375.407595164","29","29","29"
"12385.406984277","29","29","29"
"12395.407324203","29","29","29"
"12405.406884436","29","29","29"
"12415.406664128","29","29","29"
"12425.407356813","29","29","29"
"12435.407285606","29","29","29"
"12445.407097563","29","29","29"
"12455.406483778","29","29","29"
"12465.406920115","29","29","29"
"12475.406869722","29","29","29"
"12485.406892062","29","29","29"
"12495.406787474","29","29","29"
"12505.407141597","29","29","29"
"12515.407910877","29","29","29"
"12525.407216885","29","29","29"
"12535.406644166","29","29","29"
"12545.407162125","29","29","29"
"12555.407271497","29","29","29"
"12565.407444912","29","29","29"
"12575.406842139","29","29","29"
"12585.406986009","29","29","29"
"12595.407199315","29","29","29"
"12605.406799657","29","29","29"
"12615.406958446","29","29","29"
"12625.407243676","29","29","29"
"12635.407254246","29","29","29"
"12645.407162979","29","29","29"
"12655.407309911","29","29","29"
"12665.407470581","29","29","29"
"12675.406895844","29","29","29"
"12685.407599438","29","29","29"
"12695.407352695","29","29","29"
"12705.407570151","29","29","29"
"12715.407514392","29","29","29"
"12725.40803143","29","29","29"
"12735.406818696","29","29","29"
"12745.407471652","29","29","29"
"12755.407404235","29","29","29"
"12765.406973275","29","29","29"
"12775.407611576","29","29","29"
"12785.406952993","29","29","29"
"12795.407402034","29","29","29"
"12805.407302254","29","29","29"
"12815.406747968","29","29","29"
"12825.407599824","29","29","29"
"12835.407700648","29","29","29"
"12845.407417936","29","29","29"
"12855.407542528","29","29","29"
"12865.407493212","29","29","29"
"12875.406862403","29","29","29"
"12885.407048832","29","29","29"
"12895.40699194","29","29","29"
"12905.406504043","29","29","29"
"12915.407763455","29","29","29"
"12925.407272003","29","29","29"
"12935.407032174","29","29","29"
"12945.407094587","29","29","29"
"12955.407623868","29","29","29"
"12965.407241527","29","29","29"
"12975.407500808","29","29","29"
"12985.406789608","29","29","29"
"12995.406680774","29","29","29"
"13005.407182436","29","29","29"
"13015.406843657","29","29","29"
"13025.407187258","29","29","29"
"13035.407235546","29","29","29"
"13045.407414202","29","29","29"
"13055.407260886","29","29","29"
"13065.407216784","29","29","29"
"13075.407523964","29","29","29"
"13085.406761952","29","29","29"
"13095.406709071","29","29","29"
"13105.406696703","29","29","29"
"13115.407927409","29","29","29"
"13125.406609942","29","29","29"
"13135.407054098","29","29","29"
"13145.407176486","29","29","29"
"13155.406764361","29","29","29"
"13165.407691535","29","29","29"
"13175.406744071","29","29","29"
"13185.40696878","29","29","29"
"13195.40687077","29","29","29"
"13205.406968559","29","29","29"
"13215.407053029","29","29","29"
"13225.40757987","29","29","29"
"13235.407480973","29","29","29"
"13245.406994573","29","29","29"
"13255.406760413","29","29","29"
"13265.407120355","29","29","29"
"13275.406945354","29","29","29"
"13285.407350587","29","29","29"
"13295.407000235","29","29","29"
"13305.408610751","29","29","29"
"13315.407412802","29","29","29"
"13325.407477939","29","29","29"
"13335.406887327","29","29","29"
"13345.40743668","29","29","29"
"13355.407196252","29","29","29"
"13365.407530801","29","29","29"
"13375.406852395","29","29","29"
"13385.407192625","29","29","29"
"13395.407799415","29","29","29"
"13405.406916399","29","29","29"
"13415.407120521","29","29","29"
"13425.407693969","29","29","29"
"13435.407509884","29","29","29"
"13445.407000532","29","29","29"
"13455.407240639","29","29","29"
"13465.407629151","29","29","29"
"13475.406918371","29","29","29"
"13485.406723368","29","29","29"
"13495.407587137","29","29","29"
"13505.407747458","29","29","29"
"13515.407035504","29","29","29"
"13525.406463151","29","29","29"
"13535.406663864","29","29","29"
"13545.406765942","29","29","29"
"13555.407137252","29","29","29"
"13565.407133696","29","29","29"
"13575.407780357","29","29","29"
"13585.406866424","29","29","29"
"13595.40669622","29","29","29"
"13605.407085979","29","29","29"
"13615.407014724","29","29","29"
"13625.406770796","29","29","29"
"13635.40751064","29","29","29"
"13645.406883137","29","29","29"
"13655.406942471","29","29","29"
"13665.407185454","29","29","29"
"13675.407722734","29","29","29"
"13685.407449514","29","29","29"
"13695.407416382","29","29","29"
"13705.407629401","29","29","29"
"13715.407649454","29","29","29"
"13725.407863301","29","29","29"
"13735.407034813","29","29","29"
"13745.407211074","29","29","29"
"13755.406803833","29","29","29"
"13765.407122868","29","29","29"
"13775.406844422","29","29","29"
"13785.407635136","29","29","29"
"13795.406692757","29","29","29"
"13805.407183198","29","29","29"
"13815.407604055","29","29","29"
"13825.407941757","29","29","29"
"13835.407805733","29","29","29"
"13845.407293512","29","29","29"
"13855.406498335","29","29","29"
"13865.406781638","29","29","29"
"13875.407219041","29","29","29"
"13885.407455617","29","29","29"
"13895.407197411","29","29","29"
"13905.407505148","29","29","29"
"13915.407520534","29","29","29"
"13925.406723756","29","29","29"
"13935.408038696","29","29","29"
"13945.407383431","29","29","29"
"13955.407514291","29","29","29"
"13965.406701607","29","29","29"
"13975.407284973","29","29","29"
"13985.40653469","29","29","29"
"13995.407420835","29","29","29"
"14005.40752138","29","29","29"
"14015.406508407","29","29","29"
"14025.407424092","29","29","29"
"14035.407577749","29","29","29"
"14045.407089926","29","29","29"
"14055.406941768","29","29","29"
"14065.40750402","29","29","29"
"14075.407163858","29","29","29"
"14085.407460254","29","29","29"
"14095.407169709","29","29","29"
"14105.406838675","29","29","29"
"14115.406752376","29","29","29"
"14125.406731288","29","29","29"
"14135.407521283","29","29","29"
"14145.408007777","29","29","29"
"14155.406570674","29","29","29"
"14165.406851034","29","29","29"
"14175.407228688","29","29","29"
"14185.407576624","29","29","29"
"14195.407684538","29","29","29"
"14205.406734552","29","29","29"
"14215.407361246","29","29","29"
"14225.406968171","29","29","29"
"14235.407085224","29","29","29"
"14245.407138931","29","29","29"
"14255.406866647","29","29","29"
"14265.407030592","29","29","29"
"14275.407239456","29","29","29"
"14285.407382049","29","29","29"
"14295.406991866","29","29","29"
"14305.407729707","29","29","29"
"14315.406946191","29","29","29"
"14325.406859749","29","29","29"
"14335.406872029","29","29","29"
"14345.406859252","29","29","29"
"14355.407004031","29","29","29"
"14365.40739789","29","29","29"
"14375.406574852","29","29","29"
"14385.407409849","29","29","29"
"14395.407446009","29","29","29"
"14405.407031338","29","29","29"
"14415.40726152","29","29","29"
"14425.406539854","29","29","29"
"14435.40729745","29","29","29"
"14445.406844323","29","29","29"
"14455.407590719","29","29","29"
"14465.407497874","29","29","29"
"14475.407204768","29","29","29"
"14485.406664011","29","29","29"
"14495.406988602","29","29","29"
"14505.406707338","29","29","29"
"14515.407730637","29","29","29"
"14525.40681056","29","29","29"
"14535.407099956","29","29","29"
"14545.406913566","29","29","29"
"14555.407286211","29","29","29"
"14565.406681717","29","29","29"
"14575.407754808","29","29","29"
"14585.407015121","29","29","29"
"14595.407960124","29","29","29"
"14605.407508129","29","29","29"
"14615.406998778","29","29","29"
"14625.40700623","29","29","29"
"14635.407036891","29","29","29"
"14645.407056868","29","29","29"
"14655.407561679","29","29","29"
"14665.407100568","29","29","29"
"14675.406800936","29","29","29"
"14685.406644761","29","29","29"
"14695.407023709","29","29","29"
"14705.407020622","29","29","29"
"14715.407192646","29","29","29"
"14725.407481133","29","29","29"
"14735.406812585","29","29","29"
"14745.40696254","29","29","29"
"14755.407444323","29","29","29"
"14765.406661223","29","29","29"
"14775.406963561","29","29","29"
"14785.406591046","29","29","29"
"14795.40779511","29","29","29"
"14805.406990855","29","29","29"
"14815.407031041","29","29","29"
"14825.407572908","29","29","29"
"14835.407867721","29","29","29"
"14845.407432515","29","29","29"
"14855.406985038","29","29","29"
"14865.407149216","29","29","29"
"14875.406677093","29","29","29"
"14885.406811617","29","29","29"
"14895.406835592","29","29","29"
"14905.407587814","29","29","29"
"14915.407516319","29","29","29"
"14925.406784077","29","29","29"
"14935.406577237","29","29","29"
"14945.406688091","29","29","29"
"14955.406876403","29","29","29"
"14965.406564989","29","29","29"
"14975.406907722","29","29","29"
"14985.407789675","29","29","29"
"14995.406904324","29","29","29"
"15005.406731497","29","29","29"
"15015.407457677","29","29","29"
"15025.406986086","29","29","29"
"15035.407387942","29","29","29"
"15045.407433665","29","29","29"
"15055.406604574","29","29","29"
"15065.407748517","29","29","29"
"15075.406695021","29","29","29"
"15085.406986192","29","29","29"
"15095.407595164","29","29","29"
"15105.40684797","29","29","29"
"15115.406965364","29","29","29"
"15125.406955097","29","29","29"
"15135.408271454","29","29","29"
"15145.407048127","29","29","29"
"15155.407681028","29","29","29"
"15165.407325529","29","29","29"
"15175.406691975","29","29","29"
"15185.406811783","29","29","29"
"15195.407369316","29","29","29"
"15205.407279117","29","29","29"
"15215.407111563","29","29","29"
"15225.407817302","29","29","29"
"15235.406721171","29","29","29"
"15245.407346582","29","29","29"
"15255.407525259","29","29","29"
"15265.406625886","29","29","29"
"15275.407206865","29","29","29"
"15285.407529066","29","29","29"
"15295.407854885","29","29","29"
"15305.407030355","29","29","29"
"15315.406961051","29","29","29"
"15325.406547586","29","29","29"
"15335.407386057","29","29","29"
"15345.406737204","29","29","29"
"15355.40808685","29","29","29"
"15365.407188166","29","29","29"
"15375.407034271","29","29","29"
"15385.407020564","29","29","29"
"15395.407228619","29","29","29"
"15405.406995075","29","29","29"
"15415.407179647","29","29","29"
"15425.407421472","29","29","29"
"15435.407124808","29","29","29"
"15445.406677344","29","29","29"
"15455.407605836","29","29","29"
"15465.406541525","29","29","29"
"15475.407297916","29","29","29"
"15485.406862502","29","29","29"
"15495.407593959","29","29","29"
"15505.406922644","29","29","29"
"15515.407019212","29","29","29"
"15525.406821253","29","29","29"
"15535.407687487","29","29","29"
"15545.407706839","29","29","29"
"15555.407295495","29","29","29"
"15565.407208165","29","29","29"
"15575.407433539","29","29","29"
"15585.407173439","29","29","29"
"15595.406883927","29","29","29"
"15605.407183606","29","29","29"
"15615.407807666","29","29","29"
"15625.407276376","29","29","29"
"15635.406856346","29","29","29"
"15645.407297242","29","29","29"
"15655.407111524","29","29","29"
"15665.406737879","29","29","29"
"15675.407386558","29","29","29"
"15685.40757205","29","29","29"
"15695.407346419","29","29","29"
"15705.406711907","29","29","29"
"15715.407611136","29","29","29"
"15725.406726888","29","29","29"
"15735.407290592","29","29","29"
"15745.407283032","29","29","29"
"15755.406983579","29","29","29"
"15765.407848977","29","29","29"
"15775.407244667","29","29","29"
"15785.407407004","29","29","29"
"15795.406786013","29","29","29"
"15805.406672211","29","29","29"
"15815.407250254","29","29","29"
"15825.407028649","29","29","29"
"15835.40720558","29","29","29"
"15845.406850949","29","29","29"
"15855.407034724","29","29","29"
"15865.40725805","29","29","29"
"15875.406820945","29","29","29"
"15885.407244887","29","29","29"
"15895.407591985","29","29","29"
"15905.407000799","29","29","29"
"15915.407294602","29","29","29"
"15925.406931084","29","29","29"
"15935.407670729","29","29","29"
"15945.407174447","29","29","29"
"15955.407625635","29","29","29"
"15965.407496273","29","29","29"
"15975.407994424","29","29","29"
"15985.406962816","29","29","29"
"15995.406857144","29","29","29"
"16005.408158412","29","29","29"
"16015.407036106","29","29","29"
"16025.40743646","29","29","29"
"16035.407232404","29","29","29"
"16045.406903515","29","29","29"
"16055.406634607","29","29","29"
"16065.407376027","29","29","29"
"16075.407152361","29","29","29"
"16085.4071657","29","29","29"
"16095.407461895","29","29","29"
"16105.407745573","29","29","29"
"16115.407040512","29","29","29"
"16125.406718722","29","29","29"
"16135.406607097","29","29","29"
"16145.407358454","29","29","29"
"16155.406702062","29","29","29"
"16165.40664486","29","29","29"
"16175.407746532","29","29","29"
"16185.406814712","29","29","29"
"16195.407185028","29","29","29"
"16205.40754041","29","29","29"
"16215.40732813","29","29","29"
"16225.407328929","29","29","29"
"16235.406899996","29","29","29"
"16245.40711625","29","29","29"
"16255.406938298","29","29","29"
"16265.406916823","29","29","29"
"16275.407045757","29","29","29"
"16285.406638583","29","29","29"
"16295.40663655","29","29","29"
"16305.406950004","29","29","29"
"16315.407424121","29","29","29"
"16325.4071942","29","29","29"
"16335.407110073","29","29","29"
"16345.407097498","29","29","29"
"16355.407362567","29","29","29"
"16365.407604109","29","29","29"
"16375.406759337","29","29","29"
"16385.407292558","29","29","29"
"16395.407855856","29","29","29"
"16405.407936164","29","29","29"
"16415.406987313","29","29","29"
"16425.406729956","29","29","29"
"16435.407802526","29","29","29"
"16445.406880126","29","29","29"
"16455.406661714","29","29","29"
"16465.407578511","29","29","29"
"16475.406916903","29","29","29"
"16485.406953255","29","29","29"
"16495.406867351","29","29","29"
"16505.4069981","29","29","29"
"16515.407124412","29","29","29"
"16525.407593391","29","29","29"
"16535.406864236","29","29","29"
"16545.407225427","29","29","29"
"16555.407585253","29","29","29"
"16565.407124729","29","29","29"
"16575.407209091","29","29","29"
"16585.407133302","29","29","29"
"16595.407683695","29","29","29"
"16605.407412905","29","29","29"
"16615.407589746","29","29","29"
"16625.407499008","29","29","29"
"16635.40748529","29","29","29"
"16645.407423242","29","29","29"
"16655.407027234","29","29","29"
"16665.40686687","29","29","29"
"16675.407550634","29","29","29"
"16685.407405769","29","29","29"
"16695.408310594","29","29","29"
"16705.406741133","29","29","29"
"16715.407538598","29","29","29"
"16725.406702541","29","29","29"
"16735.407396248","29","29","29"
"16745.407863849","29","29","29"
"16755.407369583","29","29","29"
"16765.407251312","29","29","29"
"16775.40676746","29","29","29"
"16785.408283476","29","29","29"
"16795.407311346","29","29","29"
"16805.40724973","29","29","29"
"16815.406617018","29","29","29"
"16825.407485364","29","29","29"
"16835.40663928","29","29","29"
"16845.407291344","29","29","29"
"16855.406989024","29","29","29"
"16865.406834855","29","29","29"
"16875.407480768","29","29","29"
"16885.406875538","29","29","29"
"16895.406683613","29","29","29"
"16905.406808879","29","29","29"
"16915.407354967","29","29","29"
"16925.406671679","29","29","29"
"16935.407412015","29","29","29"
"16945.407184191","29","29","29"
"16955.40749492","29","29","29"
"16965.408031101","29","29","29"
"16975.407374445","29","29","29"
"16985.406566659","29","29","29"
"16995.407155563","29","29","29"
"17005.406688738","29","29","29"
"17015.407546656","29","29","29"
"17025.407251243","29","29","29"
"17035.407303453","29","29","29"
"17045.407607988","29","29","29"
"17055.407423713","29","29","29"
"17065.407027893","29","29","29"
"17075.406972528","29","29","29"
"17085.407382517","29","29","29"
"17095.40703878","29","29","29"
"17105.40669919","29","29","29"
"17115.406805276","29","29","29"
"17125.406654322","29","29","29"
"17135.407725771","29","29","29"
"17145.407595722","29","29","29"
"17155.407387517","29","29","29"
"17165.407512637","29","29","29"
"17175.40676947","29","29","29"
"17185.407548304","29","29","29"
"17195.406620616","29","29","29"
"17205.406951247","29","29","29"
"17215.407750355","29","29","29"
"17225.406839029","29","29","29"
"17235.407571697","29","29","29"
"17245.406835412","29","29","29"
"17255.407450968","29","29","29"
"17265.406717189","29","29","29"
"17275.406986404","29","29","29"
"17285.406857345","29","29","29"
"17295.406996948","29","29","29"
"17305.406582253","29","29","29"
"17315.406567308","29","29","29"
"17325.406702485","29","29","29"
"17335.407496973","29","29","29"
"17345.406862494","29","29","29"
"17355.406713719","29","29","29"
"17365.407394745","29","29","29"
"17375.40734471","29","29","29"
"17385.407783028","29","29","29"
"17395.407269518","29","29","29"
"17405.407441192","29","29","29"
"17415.407020981","29","29","29"
"17425.407347573","29","29","29"
"17435.407105198","29","29","29"
"17445.407162948","29","29","29"
"17455.40757128","29","29","29"
"17465.406646689","29","29","29"
"17475.406938703","29","29","29"
"17485.406920182","29","29","29"
"17495.406899344","29","29","29"
"17505.406606956","29","29","29"
"17515.407616804","29","29","29"
"17525.407906402","29","29","29"
"17535.406963189","29","29","29"
"17545.407452381","29","29","29"
"17555.407238002","29","29","29"
"17565.407146887","29","29","29"
"17575.407289126","29","29","29"
"17585.407168548","29","29","29"
"17595.410739573","29","29","29"
"17605.407630697","29","29","29"
"17615.406676033","29","29","29"
"17625.406857767","29","29","29"
"17635.407291361","29","29","29"
"17645.407013261","29","29","29"
"17655.406604024","29","29","29"
"17665.40710489","29","29","29"
"17675.406654159","29","29","29"
"17685.406614708","29","29","29"
"17695.407213307","29","29","29"
"17705.406937198","29","29","29"
"17715.406530061","29","29","29"
"17725.407531099","29","29","29"
"17735.40692053","29","29","29"
"17745.407153412","29","29","29"
"17755.407086989","29","29","29"
"17765.407050864","29","29","29"
"17775.406614658","29","29","29"
"17785.406644939","29","29","29"
"17795.407392997","29","29","29"
"17805.407286047","29","29","29"
"17815.40771229","29","29","29"
"17825.406685919","29","29","29"
"17835.406970203","29","29","29"
"17845.407128382","29","29","29"
"17855.407191271","29","29","29"
"17865.406716485","29","29","29"
"17875.407182438","29","29","29"
"17885.407390116","29","29","29"
"17895.407169289","29","29","29"
"17905.406878041","29","29","29"
"17915.406994464","29","29","29"
"17925.407563805","29","29","29"
"17935.40719081","29","29","29"
"17945.407488409","29","29","29"
"17955.407357155","29","29","29"
"17965.407378651","29","29","29"
"17975.407136479","29","29","29"
"17985.406872627","29","29","29"
"17995.407325635","29","29","29"
"18005.406764275","29","29","29"
"18015.407454262","29","29","29"
"18025.407253312","29","29","29"
"18035.407448245","29","29","29"
"18045.407361902","29","29","29"
"18055.407248674","29","29","29"
"18065.406668839","29","29","29"
"18075.40695763","29","29","29"
"18085.407175208","29","29","29"
"18095.407101267","29","29","29"
"18105.407005218","29","29","29"
"18115.406954226","29","29","29"
"18125.406998178","29","29","29"
"18135.407147026","29","29","29"
"18145.406765005","29","29","29"
"18155.406923829","29","29","29"
"18165.407182418","29","29","29"
"18175.40718326","29","29","29"
"18185.40814152","29","29","29"
"18195.407170057","29","29","29"
"18205.406834692","29","29","29"
"18215.406718033","29","29","29"
"18225.407077522","29","29","29"
"18235.407630992","29","29","29"
"18245.408178596","29","29","29"
"18255.407241589","29","29","29"
"18265.406939118","29","29","29"
"18275.407148925","29","29","29"
"18285.407353981","29","29","29"
"18295.407608489","29","29","29"
"18305.407787793","29","29","29"
"18315.407490931","29","29","29"
"18325.406874642","29","29","29"
"18335.406681462","29","29","29"
"18345.406899629","29","29","29"
"18355.406703615","29","29","29"
"18365.407663633","29","29","29"
"18375.40731561","29","29","29"
"18385.407432051","29","29","29"
"18395.40683386","29","29","29"
"18405.407025601","29","29","29"
"18415.407139843","29","29","29"
"18425.40770226","29","29","29"
"18435.406989451","29","29","29"
"18445.407539839","29","29","29"
"18455.406558528","29","29","29"
"18465.407175241","29","29","29"
"18475.407119566","29","29","29"
"18485.406706981","29","29","29"
"18495.406601348","29","29","29"
"18505.406512259","29","29","29"
"18515.407254428","29","29","29"
"18525.407109432","29","29","29"
"18535.406863727","29","29","29"
"18545.407271667","29","29","29"
"18555.40689334","29","29","29"
"18565.407596576","29","29","29"
"18575.407453154","29","29","29"
"18585.406566752","29","29","29"
"18595.406816365","29","29","29"
"18605.407501596","29","29","29"
"18615.407189807","29","29","29"
"18625.407115982","29","29","29"
"18635.407105793","29","29","29"
"18645.406696836","29","29","29"
"18655.407912538","29","29","29"
"18665.407545835","29","29","29"
"18675.406981845","29","29","29"
"18685.406783038","29","29","29"
"18695.406802868","29","29","29"
"18705.406804636","29","29","29"
"18715.407079943","29","29","29"
"18725.407448249","29","29","29"
"18735.407149675","29","29","29"
"18745.407880497","29","29","29"
"18755.407486331","29","29","29"
"18765.407180693","29","29","29"
"18775.40696326","29","29","29"
"18785.406529854","29","29","29"
"18795.407351688","29","29","29"
"18805.407373918","29","29","29"
"18815.407408187","29","29","29"
"18825.406884489","29","29","29"
"18835.407618533","29","29","29"
"18845.406651939","29","29","29"
"18855.407166333","29","29","29"
"18865.407180585","29","29","29"
"18875.40714231","29","29","29"
"18885.406676685","29","29","29"
"18895.406809158","29","29","29"
"18905.407566362","29","29","29"
"18915.406999557","29","29","29"
"18925.407230034","29","29","29"
"18935.407458962","29","29","29"
"18945.4065297","29","29","29"
"18955.406974312","29","29","29"
"18965.406866","29","29","29"
"18975.407078145","29","29","29"
"18985.407374149","29","29","29"
"18995.407388981","29","29","29"
"19005.407091251","29","29","29"
"19015.40689603","29","29","29"
"19025.407589817","29","29","29"
"19035.406730038","29","29","29"
"19045.407184762","29","29","29"
"19055.406938467","29","29","29"
"19065.40758964","29","29","29"
"19075.40665149","29","29","29"
"19085.407531053","29","29","29"
"19095.407831767","29","29","29"
"19105.407563561","29","29","29"
"19115.406785128","29","29","29"
"19125.407582777","29","29","29"
"19135.407610525","29","29","29"
"19145.407397411","29","29","29"
"19155.407600356","29","29","29"
"19165.407474307","29","29","29"
"19175.407548834","29","29","29"
"19185.407448808","29","29","29"
"19195.407556252","29","29","29"
"19205.407254877","29","29","29"
"19215.406792739","29","29","29"
"19225.407403177","29","29","29"
"19235.406588185","29","29","29"
"19245.407131146","29","29","29"
"19255.407330744","29","29","29"
"19265.406713537","29","29","29"
"19275.406988602","29","29","29"
"19285.40671671","29","29","29"
"19295.407113446","29","29","29"
"19305.40701013","29","29","29"
"19315.407490366","29","29","29"
"19325.407313948","29","29","29"
"19335.407401515","29","29","29"
"19345.408218967","29","29","29"
"19355.407174376","29","29","29"
"19365.407339384","29","29","29"
"19375.407170891","29","29","29"
"19385.407483715","29","29","29"
"19395.40687422","29","29","29"
"19405.407223675","29","29","29"
"19415.406750914","29","29","29"
"19425.40721119","29","29","29"
"19435.407608508","29","29","29"
"19445.407342057","29","29","29"
"19455.407329321","29","29","29"
"19465.40672171","29","29","29"
"19475.406968789","29","29","29"
"19485.407021527","29","29","29"
"19495.407204623","29","29","29"
"19505.407330044","29","29","29"
"19515.406901655","29","29","29"
"19525.407570846","29","29","29"
"19535.406837078","29","29","29"
"19545.407235633","29","29","29"
"19555.407339431","29","29","29"
"19565.407574824","29","29","29"
"19575.407156637","29","29","29"
"19585.407043123","29","29","29"
"19595.40798012","29","29","29"
"19605.407212124","29","29","29"
"19615.407353017","29","29","29"
"19625.407528281","29","29","29"
"19635.406857084","29","29","29"
"19645.407682116","29","29","29"
"19655.406637126","29","29","29"
"19665.406696516","29","29","29"
"19675.407220165","29","29","29"
"19685.407180242","29","29","29"
"19695.407346868","29","29","29"
"19705.407505312","29","29","29"
"19715.407466416","29","29","29"
"19725.406729449","29","29","29"
"19735.407392505","29","29","29"
"19745.407159951","29","29","29"
"19755.407131359","29","29","29"
"19765.408029496","29","29","29"
"19775.407099796","29","29","29"
"19785.407273872","29","29","29"
"19795.407712998","29","29","29"
"19805.40762381","29","29","29"
"19815.407461595","29","29","29"
"19825.407212261","29","29","29"
"19835.406979788","29","29","29"
"19845.407273128","29","29","29"
"19855.407031393","29","29","29"
"19865.406813492","29","29","29"
"19875.407475465","29","29","29"
"19885.406997225","29","29","29"
"19895.407524386","29","29","29"
"19905.407492531","29","29","29"
"19915.407768827","29","29","29"
"19925.407522507","29","29","29"
"19935.407034425","29","29","29"
"19945.407053746","29","29","29"
"19955.407302257","29","29","29"
"19965.407813337","29","29","29"
"19975.407043758","29","29","29"
"19985.407505767","29","29","29"
"19995.407625799","29","29","29"
"20005.407089388","29","29","29"
"20015.4065958","29","29","29"
"20025.407094159","29","29","29"
"20035.40746759","29","29","29"
"20045.407053204","29","29","29"
"20055.407685674","29","29","29"
"20065.407321141","29","29","29"
"20075.40676813","29","29","29"
"20085.407517614","29","29","29"
"20095.407151635","29","29","29"
"20105.407328926","29","29","29"
"20115.407529273","29","29","29"
"20125.407019533","29","29","29"
"20135.407071855","29","29","29"
"20145.406831308","29","29","29"
"20155.407279928","29","29","29"
"20165.407298601","29","29","29"
"20175.406609531","29","29","29"
"20185.407318123","29","29","29"
"20195.406862186","29","29","29"
"20205.406674813","29","29","29"
"20215.406691632","29","29","29"
"20225.407176717","29","29","29"
"20235.407317705","29","29","29"
"20245.407326033","29","29","29"
"20255.407210644","29","29","29"
"20265.407587493","29","29","29"
"20275.406888195","29","29","29"
"20285.407274","29","29","29"
"20295.407270429","29","29","29"
"20305.406490382","29","29","29"
"20315.407230901","29","29","29"
"20325.407127805","29","29","29"
"20335.406644437","29","29","29"
"20345.406865414","29","29","29"
"20355.407265588","29","29","29"
"20365.40745996","29","29","29"
"20375.407502715","29","29","29"
"20385.407620343","29","29","29"
"20395.406861864","29","29","29"
"20405.407820295","29","29","29"
"20415.407397369","29","29","29"
"20425.407800569","29","29","29"
"20435.407207291","29","29","29"
"20445.406794645","29","29","29"
"20455.406599794","29","29","29"
"20465.406851303","29","29","29"
"20475.407627821","29","29","29"
"20485.406758192","29","29","29"
"20495.407540424","29","29","29"
"20505.406937497","29","29","29"
"20515.406907885","29","29","29"
"20525.406986997","29","29","29"
"20535.40685617","29","29","29"
"20545.406780184","29","29","29"
"20555.407638485","29","29","29"
"20565.407176706","29","29","29"
"20575.407880834","29","29","29"
"20585.406589751","29","29","29"
"20595.407181768","29","29","29"
"20605.407432758","29","29","29"
"20615.407314914","29","29","29"
"20625.407250644","29","29","29"
"20635.407543372","29","29","29"
"20645.406972548","29","29","29"
"20655.406858455","29","29","29"
"20665.407336341","29","29","29"
"20675.407472394","29","29","29"
"20685.407544093","29","29","29"
"20695.406776159","29","29","29"
"20705.407399407","29","29","29"
"20715.406631857","29","29","29"
"20725.407708162","29","29","29"
"20735.407234161","29","29","29"
"20745.407209837","29","29","29"
"20755.407709972","29","29","29"
"20765.406643599","29","29","29"
"20775.40727203","29","29","29"
"20785.407312392","29","29","29"
"20795.40745242","29","29","29"
"20805.406989851","29","29","29"
"20815.406544058","29","29","29"
"20825.40730484","29","29","29"
"20835.406544421","29","29","29"
"20845.406632212","29","29","29"
"20855.406954572","29","29","29"
"20865.407086258","29","29","29"
"20875.407224053","29","29","29"
"20885.406979892","29","29","29"
"20895.407565735","29","29","29"
"20905.407106987","29","29","29"
"20915.407262779","29","29","29"
"20925.407144967","29","29","29"
"20935.4072512","29","29","29"
"20945.406811854","29","29","29"
"20955.406635604","29","29","29"
"20965.406552964","29","29","29"
"20975.407161275","29","29","29"
"20985.407556252","29","29","29"
"20995.406958419","29","29","29"
"21005.406960491","29","29","29"
"21015.407206803","29","29","29"
"21025.407634238","29","29","29"
"21035.407307145","29","29","29"
"21045.406588929","29","29","29"
"21055.406874809","29","29","29"
"21065.407024751","29","29","29"
"21075.407231643","29","29","29"
"21085.407665896","29","29","29"
"21095.407087856","29","29","29"
"21105.407079147","29","29","29"
"21115.406520786","29","29","29"
"21125.40718737","29","29","29"
"21135.407776872","29","29","29"
"21145.407081869","29","29","29"
"21155.407571653","29","29","29"
"21165.407025333","29","29","29"
"21175.406589267","29","29","29"
"21185.40736209","29","29","29"
"21195.406707789","29","29","29"
"21205.407201492","29","29","29"
"21215.406737457","29","29","29"
"21225.407673375","29","29","29"
"21235.408067819","29","29","29"
"21245.407234595","29","29","29"
"21255.406829376","29","29","29"
"21265.407320739","29","29","29"
"21275.407178101","29","29","29"
"21285.407611399","29","29","29"
"21295.407250744","29","29","29"
"21305.406892667","29","29","29"
"21315.407726331","29","29","29"
"21325.407326432","29","29","29"
"21335.406882126","29","29","29"
"21345.407215944","29","29","29"
"21355.406900286","29","29","29"
"21365.407087737","29","29","29"
"21375.406649705","29","29","29"
"21385.407559559","29","29","29"
"21395.407468847","29","29","29"
"21405.40766714","29","29","29"
"21415.407247587","29","29","29"
"21425.407117219","29","29","29"
"21435.406957672","29","29","29"
"21445.407154361","29","29","29"
"21455.407943537","29","29","29"
"21465.4073062","29","29","29"
"21475.407098033","29","29","29"
"21485.407478289","29","29","29"
"21495.407658538","29","29","29"
"21505.407223795","29","29","29"
"21515.407352031","29","29","29"
"21525.406880817","29","29","29"
"21535.406887537","29","29","29"
"21545.407186101","29","29","29"
"21555.407285637","29","29","29"
"21565.406472892","29","29","29"
"21575.40756992","29","29","29"
"21585.406767454","29","29","29"
"21595.406967714","29","29","29"
"21605.407560732","29","29","29"
"21615.40701483","29","29","29"
"21625.407030461","29","29","29"
"21635.407279212","29","29","29"
"21645.407646276","29","29","29"
"21655.407528404","29","29","29"
"21665.406922774","29","29","29"
"21675.406948101","29","29","29"
"21685.40750811","29","29","29"
"21695.407376011","29","29","29"
"21705.407518464","29","29","29"
"21715.406991432","29","29","29"
"21725.407404641","29","29","29"
"21735.406826875","29","29","29"
"21745.407419219","29","29","29"
"21755.406966051","29","29","29"
"21765.407178914","29","29","29"
"21775.406975693","29","29","29"
"21785.407163495","29","29","29"
"21795.407205044","29","29","29"
"21805.40722883","29","29","29"
"21815.407536513","29","29","29"
"21825.407385651","29","29","29"
"21835.407528749","29","29","29"
"21845.407401457","29","29","29"
"21855.407116204","29","29","29"
"21865.407135364","29","29","29"
"21875.406869619","29","29","29"
"21885.407113148","29","29","29"
"21895.407088197","29","29","29"
"21905.406977951","29","29","29"
"21915.407221969","29","29","29"
"21925.407260802","29","29","29"
"21935.406993744","29","29","29"
"21945.406904498","29","29","29"
"21955.406782327","29","29","29"
"21965.407108781","29","29","29"
"21975.407697038","29","29","29"
"21985.407083752","29","29","29"
"21995.406667089","29","29","29"
"22005.406943661","29","29","29"
"22015.40715702","29","29","29"
"22025.407483275","29","29","29"
"22035.40670797","29","29","29"
"22045.407595973","29","29","29"
"22055.407909906","29","29","29"
"22065.407413293","29","29","29"
"22075.406924956","29","29","29"
"22085.406718518","29","29","29"
"22095.407530806","29","29","29"
"22105.407605108","29","29","29"
"22115.407263044","29","29","29"
"22125.407434941","29","29","29"
"22135.40715716","29","29","29"
"22145.407189881","29","29","29"
"22155.40693698","29","29","29"
"22165.407368736","29","29","29"
"22175.407437399","29","29","29"
"22185.407447661","29","29","29"
"22195.407659262","29","29","29"
"22205.406524596","29","29","29"
"22215.406807597","29","29","29"
"22225.406886537","29","29","29"
"22235.406807881","29","29","29"
"22245.408194515","29","29","29"
"22255.406935087","29","29","29"
"22265.406695189","29","29","29"
"22275.406631381","29","29","29"
"22285.406770511","29","29","29"
"22295.407622414","29","29","29"
"22305.4070312","29","29","29"
"22315.407820976","29","29","29"
"22325.406777808","29","29","29"
"22335.406717987","29","29","29"
"22345.406883958","29","29","29"
"22355.406681551","29","29","29"
"22365.406672404","29","29","29"
"22375.406781401","29","29","29"
"22385.407482803","29","29","29"
"22395.407208753","29","29","29"
"22405.406728062","29","29","29"
"22415.407252312","29","29","29"
"22425.4066417","29","29","29"
"22435.407396188","29","29","29"
"22445.407254504","29","29","29"
"22455.408236636","29","29","29"
"22465.407469366","29","29","29"
"22475.406791419","29","29","29"
"22485.407705217","29","29","29"
"22495.40747793","29","29","29"
"22505.407554966","29","29","29"
"22515.406708128","29","29","29"
"22525.407475021","29","29","29"
"22535.40695151","29","29","29"
"22545.407410055","29","29","29"
"22555.406674064","29","29","29"
"22565.4071809","29","29","29"
"22575.407228377","29","29","29"
"22585.407133789","29","29","29"
"22595.406896399","29","29","29"
"22605.407331868","29","29","29"
"22615.407082628","29","29","29"
"22775.407807522","29","29","29"
"22785.407658778","29","29","29"
"22825.407386273","29","29","29"
"22895.407537693","29","29","29"
"23165.406787955","29","29","29"
"23175.406980827","29","29","29"
"23735.407641846","29","29","29"
"23745.407318281","30","30","30"
"23755.408294165","30","30","30"
"23765.40680747","30","30","30"
"23775.407625924","30","30","30"
"23785.406790696","30","30","30"
"23795.406974348","30","30","30"
"23805.406690347","30","30","30"
"23815.407455855","30","30","30"
"23825.407355107","30","30","30"
"23835.407687123","30","30","30"
"23845.407053491","30","30","30"
"23855.407325606","30","30","30"
"23865.406814173","30","30","30"
"23875.407331901","30","30","30"
"23885.407380541","30","30","30"
"23895.406863465","30","30","30"
"23905.4065573","30","30","30"
"23915.406971968","30","30","30"
"23925.406736727","30","30","30"
"23935.410319101","30","30","30"
"23945.406595904","30","30","30"
"23955.406882932","30","30","30"
"23965.407479799","30","30","30"
"23975.408031945","342","342","342"
"23985.408144969","521","521","521"
"23995.411854857","521","521","521"
"24005.408534336","419","419","419"
"24015.407380033","419","419","419"
"24025.407155644","30","30","30"
"24035.406643441","30","30","30"
"24185.407186123","30","30","30"
"24195.407022191","30","30","30"
"24205.40724049","30","30","30"
"24215.407030395","30","30","30"
"24225.406642197","30","30","30"
"24235.407221463","30","30","30"
"24365.406742104","30","30","30"
"24375.406875364","30","30","30"
"24385.407327111","30","30","30"
"24435.407243062","31","31","31"
"24445.406518244","31","31","31"
"24455.407107524","31","31","31"