"Relative Time (Process)","StudyAbroadGPT-7B - system/gpu.0.smClock","StudyAbroadGPT-7B - system/gpu.0.smClock__MIN","StudyAbroadGPT-7B - system/gpu.0.smClock__MAX"
"15.425162786","1189","1189","1189"
"25.411170905","1189","1189","1189"
"35.41650665","1189","1189","1189"
"45.412082953","1189","1189","1189"
"55.411647896","1328","1328","1328"
"65.410750028","1328","1328","1328"
"75.411987443","1328","1328","1328"
"85.411154126","1328","1328","1328"
"95.413444781","1290","1290","1290"
"105.411745891","1328","1328","1328"
"115.41526759","1290","1290","1290"
"125.41274821","1290","1290","1290"
"135.411143151","1328","1328","1328"
"145.411460307","1328","1328","1328"
"155.411179978","1328","1328","1328"
"165.412856815","1265","1265","1265"
"175.411718585","1328","1328","1328"
"185.417926847","1278","1278","1278"
"195.416734093","1278","1278","1278"
"205.412168924","1278","1278","1278"
"215.412241878","1328","1328","1328"
"225.410963416","1290","1290","1290"
"235.410916983","1290","1290","1290"
"245.412930809","1328","1328","1328"
"255.413412871","1328","1328","1328"
"265.413962464","1278","1278","1278"
"275.411847665","1328","1328","1328"
"285.412324095","1278","1278","1278"
"295.411800343","1290","1290","1290"
"305.410990462","1303","1303","1303"
"315.411803627","1303","1303","1303"
"325.411617658","1278","1278","1278"
"335.411659993","1303","1303","1303"
"345.411543407","1328","1328","1328"
"355.413576806","1278","1278","1278"
"365.413375701","1278","1278","1278"
"375.411880802","1328","1328","1328"
"385.411386865","1278","1278","1278"
"395.411922033","1278","1278","1278"
"405.411579238","1328","1328","1328"
"415.413208171","1278","1278","1278"
"425.411391685","1303","1303","1303"
"435.420564496","1303","1303","1303"
"445.411278326","1316","1316","1316"
"455.41154727","1278","1278","1278"
"465.411873358","1278","1278","1278"
"475.411543309","1265","1265","1265"
"485.411307525","1252","1252","1252"
"495.414186389","1316","1316","1316"
"505.411627115","1316","1316","1316"
"515.411643092","1278","1278","1278"
"525.411536543","1290","1290","1290"
"535.411961667","1290","1290","1290"
"545.414903766","1316","1316","1316"
"555.411574335","1316","1316","1316"
"565.411605238","1316","1316","1316"
"575.411886907","1328","1328","1328"
"585.411148157","1328","1328","1328"
"595.411790811","1278","1278","1278"
"605.412844287","1290","1290","1290"
"615.410959963","1278","1278","1278"
"625.411152162","1316","1316","1316"
"635.41115456","1328","1328","1328"
"645.411396866","1278","1278","1278"
"655.411215965","1316","1316","1316"
"665.411447617","1316","1316","1316"
"675.411708735","1303","1303","1303"
"685.413250269","1278","1278","1278"
"695.415712913","1278","1278","1278"
"705.414790098","1328","1328","1328"
"715.416117331","1278","1278","1278"
"725.41243373","1290","1290","1290"
"735.412204049","1316","1316","1316"
"745.422772159","1303","1303","1303"
"755.41140016","1278","1278","1278"
"765.413200131","1278","1278","1278"
"775.411287526","1316","1316","1316"
"785.413768296","1265","1265","1265"
"795.414209559","1278","1278","1278"
"805.410863026","1265","1265","1265"
"815.418935021","1278","1278","1278"
"825.411161662","1278","1278","1278"
"835.411784927","1328","1328","1328"
"845.411410987","1278","1278","1278"
"855.411450387","1316","1316","1316"
"865.411566001","1252","1252","1252"
"875.411758451","1316","1316","1316"
"885.411256187","1290","1290","1290"
"895.413545923","1328","1328","1328"
"905.414758753","1265","1265","1265"
"915.414766365","1290","1290","1290"
"925.411433485","1328","1328","1328"
"935.416039687","1316","1316","1316"
"945.415146133","1290","1290","1290"
"955.411211883","1265","1265","1265"
"965.410949956","1303","1303","1303"
"975.411458911","1278","1278","1278"
"985.41217042","1278","1278","1278"
"995.410882181","1278","1278","1278"
"1005.416159593","1265","1265","1265"
"1015.417560419","1316","1316","1316"
"1025.41220331","1278","1278","1278"
"1035.412366807","1316","1316","1316"
"1045.411945639","1328","1328","1328"
"1055.411855749","1278","1278","1278"
"1065.411972843","1316","1316","1316"
"1075.414148612","1278","1278","1278"
"1085.412118514","1328","1328","1328"
"1095.411621803","1290","1290","1290"
"1105.411358289","1316","1316","1316"
"1165.411526091","1189","1189","1189"
"1175.411280377","1189","1189","1189"
"1185.411684127","1316","1316","1316"
"1195.411098065","1328","1328","1328"
"1205.411416427","1328","1328","1328"
"1215.414845045","1316","1316","1316"
"1225.416654044","1278","1278","1278"
"1235.421953468","1278","1278","1278"
"1245.412685559","1265","1265","1265"
"1255.411782876","1328","1328","1328"
"1265.417403917","1290","1290","1290"
"1275.412366462","1290","1290","1290"
"1285.412067447","1278","1278","1278"
"1295.412269139","1303","1303","1303"
"1305.414049776","1328","1328","1328"
"1315.412324033","1290","1290","1290"
"1325.411433718","1328","1328","1328"
"1335.411620528","1328","1328","1328"
"1345.42071848","1303","1303","1303"
"1355.411978755","1303","1303","1303"
"1365.411280973","1328","1328","1328"
"1375.411685197","1328","1328","1328"
"1385.412401337","1328","1328","1328"
"1395.413757554","1252","1252","1252"
"1405.415982389","1278","1278","1278"
"1415.414811241","1278","1278","1278"
"1425.411018948","1328","1328","1328"
"1435.417357699","1265","1265","1265"
"1445.412702813","1328","1328","1328"
"1455.411861168","1290","1290","1290"
"1465.411470573","1278","1278","1278"
"1475.416475973","1278","1278","1278"
"1485.411978191","1316","1316","1316"
"1495.411225047","1278","1278","1278"
"1505.411418593","1328","1328","1328"
"1515.412096692","1328","1328","1328"
"1525.411797115","1316","1316","1316"
"1535.41215091","1328","1328","1328"
"1545.411575285","1328","1328","1328"
"1555.413502788","1278","1278","1278"
"1565.411770218","1278","1278","1278"
"1575.411377596","1303","1303","1303"
"1585.413201754","1328","1328","1328"
"1595.41208573","1316","1316","1316"
"1605.411505287","1278","1278","1278"
"1615.41119377","1328","1328","1328"
"1625.414853191","1316","1316","1316"
"1635.411561774","1278","1278","1278"
"1645.411175304","1328","1328","1328"
"1655.414889588","1316","1316","1316"
"1665.412189542","1316","1316","1316"
"1675.411589644","1278","1278","1278"
"1685.411341906","1278","1278","1278"
"1695.41133584","1278","1278","1278"
"1705.411849433","1328","1328","1328"
"1715.411816956","1328","1328","1328"
"1725.411594798","1328","1328","1328"
"1735.411436234","1316","1316","1316"
"1745.412907621","1316","1316","1316"
"1755.412017972","1316","1316","1316"
"1765.412928491","1328","1328","1328"
"1775.411452888","1278","1278","1278"
"1785.41129968","1265","1265","1265"
"1795.411356581","1278","1278","1278"
"1805.41169315","1290","1290","1290"
"1815.412798172","1316","1316","1316"
"1825.411378939","1328","1328","1328"
"1835.411087002","1278","1278","1278"
"1845.415328485","1252","1252","1252"
"1855.412131859","1303","1303","1303"
"1865.411642772","1316","1316","1316"
"1875.411685599","1278","1278","1278"
"1885.415151084","1278","1278","1278"
"1895.410943346","1290","1290","1290"
"1905.411863177","1316","1316","1316"
"1915.414444999","1278","1278","1278"
"1925.411661817","1316","1316","1316"
"1935.411822146","1278","1278","1278"
"1945.410928452","1328","1328","1328"
"1955.411954203","1278","1278","1278"
"1965.411688597","1290","1290","1290"
"1975.411296676","1316","1316","1316"
"1985.411615627","1316","1316","1316"
"1995.411671586","1278","1278","1278"
"2005.411340933","1278","1278","1278"
"2015.411535953","1278","1278","1278"
"2025.419728547","1328","1328","1328"
"2035.416590021","1278","1278","1278"
"2045.410984659","1316","1316","1316"
"2055.410947966","1290","1290","1290"
"2065.417816842","1303","1303","1303"
"2075.41819205","1278","1278","1278"
"2085.411611926","1290","1290","1290"
"2095.412664482","1328","1328","1328"
"2105.413740336","1278","1278","1278"
"2115.412671575","1316","1316","1316"
"2125.411266492","1278","1278","1278"
"2135.412028954","1290","1290","1290"
"2145.412587752","1252","1252","1252"
"2155.416712195","1278","1278","1278"
"2165.411165136","1328","1328","1328"
"2175.411513244","1303","1303","1303"
"2185.412031306","1328","1328","1328"
"2195.410952215","1328","1328","1328"
"2205.411903602","1328","1328","1328"
"2215.414278402","1328","1328","1328"
"2225.412007559","1328","1328","1328"
"2235.411102679","1316","1316","1316"
"2245.411622578","1278","1278","1278"
"2255.418894774","1328","1328","1328"
"2265.414956628","1278","1278","1278"
"2275.41184301","1278","1278","1278"
"2285.410963977","1328","1328","1328"
"2295.412530662","1278","1278","1278"
"2305.412772184","1290","1290","1290"
"2315.411893112","1316","1316","1316"
"2325.412098662","1278","1278","1278"
"2335.411781539","1278","1278","1278"
"2345.413673703","1328","1328","1328"
"2355.411483871","1328","1328","1328"
"2365.414724332","1290","1290","1290"
"2375.411127442","1265","1265","1265"
"2385.412079876","1303","1303","1303"
"2395.413505507","1278","1278","1278"
"2405.411173636","1328","1328","1328"
"2415.411728608","1278","1278","1278"
"2425.41421959","1303","1303","1303"
"2435.411555875","1316","1316","1316"
"2445.412270359","1265","1265","1265"
"2455.415381257","1278","1278","1278"
"2465.411972076","1278","1278","1278"
"2475.411609934","1316","1316","1316"
"2485.420319276","1265","1265","1265"
"2495.412461321","1278","1278","1278"
"2505.411227115","1265","1265","1265"
"2515.412221748","1328","1328","1328"
"2525.41166809","1278","1278","1278"
"2535.411933454","1290","1290","1290"
"2545.411108089","1278","1278","1278"
"2555.415908782","1316","1316","1316"
"2565.41164305","1278","1278","1278"
"2575.411383217","1316","1316","1316"
"2585.411887438","1328","1328","1328"
"2595.411575131","1328","1328","1328"
"2605.412543687","1290","1290","1290"
"2615.412879141","1328","1328","1328"
"2625.412219673","1303","1303","1303"
"2635.415326391","1328","1328","1328"
"2645.412669842","1290","1290","1290"
"2655.414269862","1278","1278","1278"
"2665.411804598","1278","1278","1278"
"2675.412909718","1328","1328","1328"
"2685.41492717","1278","1278","1278"
"2695.415691622","1278","1278","1278"
"2705.411692869","1303","1303","1303"
"2715.417262523","1328","1328","1328"
"2725.411737993","1278","1278","1278"
"2735.416437092","1290","1290","1290"
"2745.412202607","1328","1328","1328"
"2755.412723218","1328","1328","1328"
"2765.413595791","1278","1278","1278"
"2775.411016321","1316","1316","1316"
"2785.412239832","1290","1290","1290"
"2795.412653782","1278","1278","1278"
"2805.41127622","1316","1316","1316"
"2815.411299777","1278","1278","1278"
"2825.414858823","1328","1328","1328"
"2835.411694564","1316","1316","1316"
"2845.410824718","1278","1278","1278"
"2855.411135127","1278","1278","1278"
"2865.413289655","1303","1303","1303"
"2875.411754195","1278","1278","1278"
"2885.411952961","1278","1278","1278"
"2895.410986276","1290","1290","1290"
"2905.418403418","1278","1278","1278"
"2915.414726061","1290","1290","1290"
"2925.412528514","1278","1278","1278"
"2935.411922667","1290","1290","1290"
"2945.411438928","1316","1316","1316"
"2955.419458695","1290","1290","1290"
"2965.41245981","1278","1278","1278"
"2975.411159761","1328","1328","1328"
"2985.4129458","1265","1265","1265"
"2995.411836221","1316","1316","1316"
"3005.411503274","1278","1278","1278"
"3015.41202553","1278","1278","1278"
"3025.412129055","1328","1328","1328"
"3035.41113689","1328","1328","1328"
"3045.412566135","1278","1278","1278"
"3055.41143894","1316","1316","1316"
"3065.41114961","1278","1278","1278"
"3075.411812485","1278","1278","1278"
"3085.411781058","1252","1252","1252"
"3095.411323811","1290","1290","1290"
"3105.413356756","1265","1265","1265"
"3115.411721513","1278","1278","1278"
"3125.411144028","1278","1278","1278"
"3135.410916046","1316","1316","1316"
"3145.412565269","1278","1278","1278"
"3155.411772288","1328","1328","1328"
"3165.41139911","1316","1316","1316"
"3175.411626393","1278","1278","1278"
"3185.415291662","1278","1278","1278"
"3195.418259217","1316","1316","1316"
"3205.413663598","1278","1278","1278"
"3215.411990932","1265","1265","1265"
"3225.415938272","1278","1278","1278"
"3235.414777553","1316","1316","1316"
"3245.412894779","1316","1316","1316"
"3255.412327642","1328","1328","1328"
"3265.416183394","1290","1290","1290"
"3275.415586583","1328","1328","1328"
"3285.411374381","1290","1290","1290"
"3295.411724031","1328","1328","1328"
"3305.415908253","1303","1303","1303"
"3315.411827801","1290","1290","1290"
"3325.412928082","1278","1278","1278"
"3335.412504007","1316","1316","1316"
"3345.411899448","1316","1316","1316"
"3355.415283073","1303","1303","1303"
"3365.412171197","1278","1278","1278"
"3375.411887322","1278","1278","1278"
"3385.415729345","1290","1290","1290"
"3395.413464974","1290","1290","1290"
"3405.411836476","1278","1278","1278"
"3415.411663239","1278","1278","1278"
"3425.413046437","1278","1278","1278"
"3435.41222471","1278","1278","1278"
"3445.41202448","1278","1278","1278"
"3455.411501937","1290","1290","1290"
"3465.411740223","1252","1252","1252"
"3475.414189522","1278","1278","1278"
"3485.411418823","1328","1328","1328"
"3495.412666936","1303","1303","1303"
"3505.414221256","1278","1278","1278"
"3515.412248484","1278","1278","1278"
"3525.411449694","1278","1278","1278"
"3535.412392024","1316","1316","1316"
"3545.412229875","1316","1316","1316"
"3555.411300369","1316","1316","1316"
"3565.415825152","1265","1265","1265"
"3575.410949271","1328","1328","1328"
"3585.412363193","1278","1278","1278"
"3595.411394325","1278","1278","1278"
"3605.411601172","1303","1303","1303"
"3615.415986935","1278","1278","1278"
"3625.411864321","1328","1328","1328"
"3635.411411223","1278","1278","1278"
"3645.412200551","1278","1278","1278"
"3655.41381964","1316","1316","1316"
"3665.4120409","1278","1278","1278"
"3675.411426767","1316","1316","1316"
"3685.41247843","1316","1316","1316"
"3695.41121119","1278","1278","1278"
"3705.414031439","1278","1278","1278"
"3715.411874095","1290","1290","1290"
"3725.411789728","1328","1328","1328"
"3735.411520204","1278","1278","1278"
"3745.41126627","1328","1328","1328"
"3755.411623597","1290","1290","1290"
"3765.412567579","1290","1290","1290"
"3775.4123153","1303","1303","1303"
"3785.41610154","1290","1290","1290"
"3795.411575585","1290","1290","1290"
"3805.411674456","1278","1278","1278"
"3815.414091634","1252","1252","1252"
"3825.411660241","1278","1278","1278"
"3835.411720595","1278","1278","1278"
"3845.411603942","1328","1328","1328"
"3855.411410609","1316","1316","1316"
"3865.412122833","1290","1290","1290"
"3875.411448973","1303","1303","1303"
"3885.411172585","1278","1278","1278"
"3895.412336278","1278","1278","1278"
"3905.411326343","1252","1252","1252"
"3915.411600168","1278","1278","1278"
"3925.411138106","1278","1278","1278"
"3935.414650514","1316","1316","1316"
"3945.411224131","1290","1290","1290"
"3955.411527363","1252","1252","1252"
"3965.411134542","1316","1316","1316"
"3975.411738568","1265","1265","1265"
"3985.411737955","1316","1316","1316"
"3995.411733064","1316","1316","1316"
"4005.411638418","1278","1278","1278"
"4015.411785785","1316","1316","1316"
"4025.416441103","1278","1278","1278"
"4035.412585433","1316","1316","1316"
"4045.411685431","1278","1278","1278"
"4055.411179653","1252","1252","1252"
"4065.411197727","1290","1290","1290"
"4075.412704652","1316","1316","1316"
"4085.411683538","1303","1303","1303"
"4095.416198941","1278","1278","1278"
"4105.412114284","1278","1278","1278"
"4115.411753024","1316","1316","1316"
"4125.411903796","1328","1328","1328"
"4135.411431945","1303","1303","1303"
"4145.414139948","1278","1278","1278"
"4155.414993476","1290","1290","1290"
"4165.411279047","1303","1303","1303"
"4175.41092232","1278","1278","1278"
"4185.411775702","1316","1316","1316"
"4195.411983621","1328","1328","1328"
"4205.411901324","1278","1278","1278"
"4215.412958295","1278","1278","1278"
"4225.411759082","1316","1316","1316"
"4235.414241777","1316","1316","1316"
"4245.411837143","1278","1278","1278"
"4255.412181322","1278","1278","1278"
"4265.411068585","1278","1278","1278"
"4275.414172243","1328","1328","1328"
"4285.412727077","1278","1278","1278"
"4295.412047745","1303","1303","1303"
"4305.412316981","1316","1316","1316"
"4315.410896534","1278","1278","1278"
"4325.411141583","1278","1278","1278"
"4335.411796243","1316","1316","1316"
"4345.414026569","1278","1278","1278"
"4355.411444373","1278","1278","1278"
"4365.412180272","1316","1316","1316"
"4375.415355515","1278","1278","1278"
"4385.410981157","1316","1316","1316"
"4395.411910005","1328","1328","1328"
"4405.411313303","1328","1328","1328"
"4415.412789567","1316","1316","1316"
"4425.411631902","1303","1303","1303"
"4435.411403519","1328","1328","1328"
"4445.411445977","1278","1278","1278"
"4455.410982678","1278","1278","1278"
"4465.411938311","1328","1328","1328"
"4475.416395645","1290","1290","1290"
"4485.411582772","1316","1316","1316"
"4495.41144944","1316","1316","1316"
"4505.411692229","1328","1328","1328"
"4515.411985858","1278","1278","1278"
"4525.412561691","1278","1278","1278"
"4535.411802924","1278","1278","1278"
"4545.412233711","1303","1303","1303"
"4555.411343626","1316","1316","1316"
"4565.417542099","1278","1278","1278"
"4575.414976976","1278","1278","1278"
"4585.411935821","1316","1316","1316"
"4595.41091824","1278","1278","1278"
"4605.411597997","1278","1278","1278"
"4615.415628076","1278","1278","1278"
"4625.411628074","1278","1278","1278"
"4635.417137778","1316","1316","1316"
"4645.411522476","1316","1316","1316"
"4655.411107846","1278","1278","1278"
"4665.411556531","1278","1278","1278"
"4675.415020139","1316","1316","1316"
"4685.412048616","1316","1316","1316"
"4695.410947429","1328","1328","1328"
"4705.414130225","1265","1265","1265"
"4715.411427952","1303","1303","1303"
"4725.412731143","1328","1328","1328"
"4735.411486408","1278","1278","1278"
"4745.414613794","1290","1290","1290"
"4755.411465772","1265","1265","1265"
"4765.417970233","1316","1316","1316"
"4775.418225195","1278","1278","1278"
"4785.4125644","1316","1316","1316"
"4795.411198539","1316","1316","1316"
"4805.410995006","1278","1278","1278"
"4815.417311036","1278","1278","1278"
"4825.411859034","1290","1290","1290"
"4835.412154757","1316","1316","1316"
"4845.412242882","1278","1278","1278"
"4855.411421882","1278","1278","1278"
"4865.410760101","1290","1290","1290"
"4875.411271798","1328","1328","1328"
"4885.411845216","1328","1328","1328"
"4895.411696467","1278","1278","1278"
"4905.411156044","1278","1278","1278"
"4915.411613157","1328","1328","1328"
"4925.412454119","1290","1290","1290"
"4935.41094946","1278","1278","1278"
"4945.411097451","1278","1278","1278"
"4955.411075622","1316","1316","1316"
"4965.412198008","1303","1303","1303"
"4975.415365615","1278","1278","1278"
"4985.413327206","1290","1290","1290"
"4995.410899753","1303","1303","1303"
"5005.412497238","1316","1316","1316"
"5015.415762986","1278","1278","1278"
"5025.415778945","1316","1316","1316"
"5035.412575305","1328","1328","1328"
"5045.411197361","1278","1278","1278"
"5055.417270607","1265","1265","1265"
"5065.41254392","1316","1316","1316"
"5075.411879732","1278","1278","1278"
"5085.412316808","1316","1316","1316"
"5095.413861218","1278","1278","1278"
"5105.416465378","1278","1278","1278"
"5115.412833804","1316","1316","1316"
"5125.413131234","1278","1278","1278"
"5135.411910132","1316","1316","1316"
"5145.411282997","1303","1303","1303"
"5155.411852133","1316","1316","1316"
"5165.412187957","1328","1328","1328"
"5175.411423852","1278","1278","1278"
"5185.411780484","1328","1328","1328"
"5195.411876483","1290","1290","1290"
"5205.411728005","1328","1328","1328"
"5215.410897451","1316","1316","1316"
"5225.418901019","1328","1328","1328"
"5235.411601852","1252","1252","1252"
"5245.412196396","1303","1303","1303"
"5255.41341614","1252","1252","1252"
"5265.410942662","1328","1328","1328"
"5275.412392525","1290","1290","1290"
"5285.412361137","1316","1316","1316"
"5295.411828667","1303","1303","1303"
"5305.413166232","1278","1278","1278"
"5315.411453526","1278","1278","1278"
"5325.412625452","1328","1328","1328"
"5335.411909625","1303","1303","1303"
"5345.411741492","1278","1278","1278"
"5355.411398135","1328","1328","1328"
"5365.411649297","1328","1328","1328"
"5375.411434836","1265","1265","1265"
"5385.418016377","1278","1278","1278"
"5395.411334014","1278","1278","1278"
"5405.413813352","1278","1278","1278"
"5415.411733599","1316","1316","1316"
"5425.420727213","1316","1316","1316"
"5435.4114517","1278","1278","1278"
"5445.412683613","1252","1252","1252"
"5455.41219522","1278","1278","1278"
"5465.411952708","1265","1265","1265"
"5475.416679485","1278","1278","1278"
"5485.411533177","1328","1328","1328"
"5495.41327887","1265","1265","1265"
"5505.411426212","1328","1328","1328"
"5515.412216785","1278","1278","1278"
"5525.411577782","1328","1328","1328"
"5535.412939855","1328","1328","1328"
"5545.410899582","1328","1328","1328"
"5555.41386251","1278","1278","1278"
"5565.412568081","1265","1265","1265"
"5575.411995721","1303","1303","1303"
"5585.413962998","1278","1278","1278"
"5595.412749419","1316","1316","1316"
"5605.411272615","1278","1278","1278"
"5615.415209118","1303","1303","1303"
"5625.42277779","1316","1316","1316"
"5635.414624362","1278","1278","1278"
"5645.411048182","1316","1316","1316"
"5655.412284789","1278","1278","1278"
"5665.411319653","1316","1316","1316"
"5675.411776056","1290","1290","1290"
"5685.412801151","1278","1278","1278"
"5695.411079259","1316","1316","1316"
"5705.412101938","1328","1328","1328"
"5715.411631286","1328","1328","1328"
"5725.416782814","1278","1278","1278"
"5735.411292024","1328","1328","1328"
"5745.41214693","1265","1265","1265"
"5755.412486179","1278","1278","1278"
"5765.411470871","1316","1316","1316"
"5775.414051854","1303","1303","1303"
"5785.412592758","1328","1328","1328"
"5795.411126976","1278","1278","1278"
"5805.412426518","1316","1316","1316"
"5815.413858624","1290","1290","1290"
"5825.419230085","1278","1278","1278"
"5835.41283342","1290","1290","1290"
"5845.411376084","1290","1290","1290"
"5855.414410676","1303","1303","1303"
"5865.415347797","1278","1278","1278"
"5875.412254094","1278","1278","1278"
"5885.415112073","1328","1328","1328"
"5895.411499385","1290","1290","1290"
"5905.411079253","1278","1278","1278"
"5915.411417224","1328","1328","1328"
"5925.412710795","1328","1328","1328"
"5935.412456254","1328","1328","1328"
"5945.410947866","1278","1278","1278"
"5955.411235643","1278","1278","1278"
"5965.416361704","1278","1278","1278"
"5975.410777359","1303","1303","1303"
"5985.411006392","1328","1328","1328"
"5995.41181754","1278","1278","1278"
"6005.412070937","1316","1316","1316"
"6015.411909619","1303","1303","1303"
"6025.413377131","1328","1328","1328"
"6035.411676401","1278","1278","1278"
"6045.410853619","1278","1278","1278"
"6055.41190972","1303","1303","1303"
"6065.412305462","1316","1316","1316"
"6075.423772725","1328","1328","1328"
"6085.411243386","1328","1328","1328"
"6095.411784284","1328","1328","1328"
"6105.411341676","1328","1328","1328"
"6115.411651614","1278","1278","1278"
"6125.411677638","1278","1278","1278"
"6135.411516478","1316","1316","1316"
"6145.411421422","1316","1316","1316"
"6155.41355591","1328","1328","1328"
"6165.412135057","1278","1278","1278"
"6175.411787945","1278","1278","1278"
"6185.415005784","1278","1278","1278"
"6195.411557255","1278","1278","1278"
"6205.411214593","1328","1328","1328"
"6215.411932127","1290","1290","1290"
"6225.417741847","1278","1278","1278"
"6235.413190352","1278","1278","1278"
"6245.411644422","1278","1278","1278"
"6255.411667831","1278","1278","1278"
"6265.412938382","1316","1316","1316"
"6275.411980022","1278","1278","1278"
"6285.41162377","1290","1290","1290"
"6295.413141969","1328","1328","1328"
"6305.41214119","1278","1278","1278"
"6315.411573872","1316","1316","1316"
"6325.41235574","1278","1278","1278"
"6335.411625455","1316","1316","1316"
"6345.418116037","1316","1316","1316"
"6355.415880673","1278","1278","1278"
"6365.410776369","1316","1316","1316"
"6375.411448498","1265","1265","1265"
"6385.420605084","1278","1278","1278"
"6395.413899981","1290","1290","1290"
"6405.411811119","1316","1316","1316"
"6415.414862011","1290","1290","1290"
"6425.411411491","1278","1278","1278"
"6435.411152785","1278","1278","1278"
"6445.411743661","1316","1316","1316"
"6455.411372979","1328","1328","1328"
"6465.411605788","1328","1328","1328"
"6475.411836944","1278","1278","1278"
"6485.411213628","1328","1328","1328"
"6495.415892002","1290","1290","1290"
"6505.411350388","1278","1278","1278"
"6515.411723232","1303","1303","1303"
"6525.414254905","1265","1265","1265"
"6535.413709337","1316","1316","1316"
"6545.412772404","1328","1328","1328"
"6555.411687865","1328","1328","1328"
"6565.411246657","1328","1328","1328"
"6575.411448231","1328","1328","1328"
"6585.412792487","1303","1303","1303"
"6595.414748994","1265","1265","1265"
"6605.412676028","1290","1290","1290"
"6615.412675827","1278","1278","1278"
"6625.416235341","1290","1290","1290"
"6635.411263427","1316","1316","1316"
"6645.411835355","1328","1328","1328"
"6655.412236447","1316","1316","1316"
"6665.411761764","1316","1316","1316"
"6675.417607684","1278","1278","1278"
"6685.41166645","1278","1278","1278"
"6695.411712261","1290","1290","1290"
"6705.411005731","1328","1328","1328"
"6715.412565232","1252","1252","1252"
"6725.412787554","1316","1316","1316"
"6735.416417804","1278","1278","1278"
"6745.415216505","1328","1328","1328"
"6755.411204199","1278","1278","1278"
"6765.411202966","1278","1278","1278"
"6775.411068108","1328","1328","1328"
"6785.411322115","1316","1316","1316"
"6795.411360875","1278","1278","1278"
"6805.411529686","1328","1328","1328"
"6815.414144215","1278","1278","1278"
"6825.411785617","1316","1316","1316"
"6835.412175223","1316","1316","1316"
"6845.415324455","1278","1278","1278"
"6855.411459023","1316","1316","1316"
"6865.411381799","1278","1278","1278"
"6875.411450242","1278","1278","1278"
"6885.411733604","1328","1328","1328"
"6895.413631836","1316","1316","1316"
"6905.41220331","1278","1278","1278"
"6915.411367127","1316","1316","1316"
"6925.410833943","1316","1316","1316"
"6935.41803182","1316","1316","1316"
"6945.412048688","1316","1316","1316"
"6955.411623089","1328","1328","1328"
"6965.413185372","1316","1316","1316"
"6975.412107328","1316","1316","1316"
"6985.411434455","1278","1278","1278"
"6995.410864401","1328","1328","1328"
"7005.412443357","1328","1328","1328"
"7015.411427426","1328","1328","1328"
"7025.41210309","1278","1278","1278"
"7035.419625844","1290","1290","1290"
"7045.411399343","1278","1278","1278"
"7055.415930159","1278","1278","1278"
"7065.41183735","1278","1278","1278"
"7075.411509628","1316","1316","1316"
"7085.411428785","1265","1265","1265"
"7095.411191609","1290","1290","1290"
"7105.41104051","1265","1265","1265"
"7115.41147993","1328","1328","1328"
"7125.411825987","1316","1316","1316"
"7135.411696187","1316","1316","1316"
"7145.411368681","1278","1278","1278"
"7155.4117383","1316","1316","1316"
"7165.411690041","1278","1278","1278"
"7175.416513409","1278","1278","1278"
"7185.411794059","1303","1303","1303"
"7195.412335592","1278","1278","1278"
"7205.411831509","1278","1278","1278"
"7215.412346908","1328","1328","1328"
"7225.415303533","1278","1278","1278"
"7235.412866385","1328","1328","1328"
"7245.412006662","1278","1278","1278"
"7255.411298817","1328","1328","1328"
"7265.4117241","1265","1265","1265"
"7275.410917156","1278","1278","1278"
"7285.412436295","1278","1278","1278"
"7295.411912065","1290","1290","1290"
"7305.411876876","1316","1316","1316"
"7315.411560071","1316","1316","1316"
"7325.411895999","1278","1278","1278"
"7335.411633473","1278","1278","1278"
"7345.412173522","1265","1265","1265"
"7355.411106465","1328","1328","1328"
"7365.411327138","1278","1278","1278"
"7375.413843476","1278","1278","1278"
"7385.411946143","1316","1316","1316"
"7395.412888164","1328","1328","1328"
"7405.412625601","1278","1278","1278"
"7415.412719441","1328","1328","1328"
"7425.411336143","1316","1316","1316"
"7435.413130826","1316","1316","1316"
"7445.411457531","1328","1328","1328"
"7455.411512456","1328","1328","1328"
"7465.414218143","1290","1290","1290"
"7475.411607068","1290","1290","1290"
"7485.411280781","1278","1278","1278"
"7495.411382658","1278","1278","1278"
"7505.411700461","1328","1328","1328"
"7515.412408728","1278","1278","1278"
"7525.411258861","1328","1328","1328"
"7535.411417441","1278","1278","1278"
"7545.411048589","1303","1303","1303"
"7555.412241979","1328","1328","1328"
"7565.412256608","1316","1316","1316"
"7575.411906601","1265","1265","1265"
"7585.412449584","1316","1316","1316"
"7595.411447388","1316","1316","1316"
"7605.414672165","1328","1328","1328"
"7615.413399657","1316","1316","1316"
"7625.412545189","1278","1278","1278"
"7635.41557482","1252","1252","1252"
"7645.414348086","1278","1278","1278"
"7655.413136764","1278","1278","1278"
"7665.410798322","1290","1290","1290"
"7675.410886306","1278","1278","1278"
"7685.416125315","1328","1328","1328"
"7695.412294658","1328","1328","1328"
"7705.410853312","1328","1328","1328"
"7715.41142571","1328","1328","1328"
"7725.413213106","1252","1252","1252"
"7735.411717404","1265","1265","1265"
"7745.411833064","1316","1316","1316"
"7755.411779191","1328","1328","1328"
"7765.41184969","1278","1278","1278"
"7775.413807674","1278","1278","1278"
"7785.411687533","1303","1303","1303"
"7795.412236667","1278","1278","1278"
"7805.41168768","1290","1290","1290"
"7815.415570248","1278","1278","1278"
"7825.413615468","1278","1278","1278"
"7835.411497063","1278","1278","1278"
"7845.412361314","1303","1303","1303"
"7855.411014664","1278","1278","1278"
"7865.412445862","1316","1316","1316"
"7875.411252928","1278","1278","1278"
"7885.410986581","1316","1316","1316"
"7895.414295333","1278","1278","1278"
"7905.414170497","1290","1290","1290"
"7915.41139238","1278","1278","1278"
"7925.416415274","1328","1328","1328"
"7935.411765366","1278","1278","1278"
"7945.414294694","1316","1316","1316"
"7955.414652241","1278","1278","1278"
"7965.411041643","1278","1278","1278"
"7975.411325222","1316","1316","1316"
"7985.416624729","1265","1265","1265"
"7995.414535419","1278","1278","1278"
"8005.411576351","1278","1278","1278"
"8015.413032309","1278","1278","1278"
"8025.411588827","1303","1303","1303"
"8035.416859308","1290","1290","1290"
"8045.411701037","1278","1278","1278"
"8055.412420561","1278","1278","1278"
"8065.412158941","1328","1328","1328"
"8075.412423025","1265","1265","1265"
"8085.418446892","1303","1303","1303"
"8095.411314387","1278","1278","1278"
"8105.4155639","1278","1278","1278"
"8115.414093514","1278","1278","1278"
"8125.411886567","1290","1290","1290"
"8135.410859157","1265","1265","1265"
"8145.415673522","1303","1303","1303"
"8155.412759315","1328","1328","1328"
"8165.411234652","1328","1328","1328"
"8175.411925313","1278","1278","1278"
"8185.413569796","1278","1278","1278"
"8195.411776841","1290","1290","1290"
"8205.416342219","1290","1290","1290"
"8215.411248706","1303","1303","1303"
"8225.411947861","1278","1278","1278"
"8235.411797533","1278","1278","1278"
"8245.412213082","1278","1278","1278"
"8255.412224219","1278","1278","1278"
"8265.411098695","1328","1328","1328"
"8275.411443934","1328","1328","1328"
"8285.412239287","1278","1278","1278"
"8295.412050465","1278","1278","1278"
"8305.411856865","1265","1265","1265"
"8315.416549274","1316","1316","1316"
"8325.412105997","1316","1316","1316"
"8335.411138065","1278","1278","1278"
"8345.411598525","1278","1278","1278"
"8355.411294741","1290","1290","1290"
"8365.411464787","1316","1316","1316"
"8375.413021901","1328","1328","1328"
"8385.411708713","1316","1316","1316"
"8395.411462211","1328","1328","1328"
"8405.417415513","1278","1278","1278"
"8415.413142439","1278","1278","1278"
"8425.411938471","1328","1328","1328"
"8435.414227643","1303","1303","1303"
"8445.411174097","1278","1278","1278"
"8455.419267463","1278","1278","1278"
"8465.411260479","1316","1316","1316"
"8475.411243994","1316","1316","1316"
"8485.411709332","1278","1278","1278"
"8495.419633624","1303","1303","1303"
"8505.411948464","1328","1328","1328"
"8515.411644413","1278","1278","1278"
"8525.411198213","1316","1316","1316"
"8535.411918489","1290","1290","1290"
"8545.412198099","1278","1278","1278"
"8555.413325685","1265","1265","1265"
"8565.411727634","1328","1328","1328"
"8575.411193578","1328","1328","1328"
"8585.411909355","1278","1278","1278"
"8595.415168248","1278","1278","1278"
"8605.411580904","1328","1328","1328"
"8615.410890485","1328","1328","1328"
"8625.411589935","1328","1328","1328"
"8635.410986092","1278","1278","1278"
"8645.410963826","1278","1278","1278"
"8655.415330927","1278","1278","1278"
"8665.412265789","1328","1328","1328"
"8675.415963643","1252","1252","1252"
"8685.411135643","1290","1290","1290"
"8695.411977163","1278","1278","1278"
"8705.411701469","1290","1290","1290"
"8715.414989032","1316","1316","1316"
"8725.413671391","1278","1278","1278"
"8735.411950973","1303","1303","1303"
"8745.420402003","1278","1278","1278"
"8755.412885201","1278","1278","1278"
"8765.4110916","1328","1328","1328"
"8775.411341589","1328","1328","1328"
"8785.410864959","1316","1316","1316"
"8795.416774009","1278","1278","1278"
"8805.4116846","1290","1290","1290"
"8815.411653838","1278","1278","1278"
"8825.411435601","1328","1328","1328"
"8835.412579621","1316","1316","1316"
"8845.411558524","1303","1303","1303"
"8855.414882364","1328","1328","1328"
"8865.415814538","1278","1278","1278"
"8875.41196801","1316","1316","1316"
"8885.411297795","1278","1278","1278"
"8895.413409901","1328","1328","1328"
"8905.411681586","1316","1316","1316"
"8915.411824869","1278","1278","1278"
"8925.41188914","1278","1278","1278"
"8935.411015052","1278","1278","1278"
"8945.411812489","1278","1278","1278"
"8955.41542505","1278","1278","1278"
"8965.414522883","1290","1290","1290"
"8975.411463876","1328","1328","1328"
"8985.412053437","1328","1328","1328"
"8995.412824909","1328","1328","1328"
"9005.41178688","1278","1278","1278"
"9015.412437497","1278","1278","1278"
"9025.411839677","1278","1278","1278"
"9035.410909569","1316","1316","1316"
"9045.411417581","1290","1290","1290"
"9055.412315899","1278","1278","1278"
"9065.419968982","1290","1290","1290"
"9075.417759846","1278","1278","1278"
"9085.411040067","1278","1278","1278"
"9095.411957167","1278","1278","1278"
"9105.412312482","1328","1328","1328"
"9115.412670115","1328","1328","1328"
"9125.411352784","1328","1328","1328"
"9135.4111428","1328","1328","1328"
"9145.412128087","1328","1328","1328"
"9155.411491496","1278","1278","1278"
"9165.411540977","1316","1316","1316"
"9175.41341153","1278","1278","1278"
"9185.418483039","1290","1290","1290"
"9195.410967492","1303","1303","1303"
"9205.411211147","1278","1278","1278"
"9215.41552917","1278","1278","1278"
"9225.414264696","1278","1278","1278"
"9235.412021879","1316","1316","1316"
"9245.411822092","1278","1278","1278"
"9255.413920857","1278","1278","1278"
"9265.412511333","1290","1290","1290"
"9275.412396718","1278","1278","1278"
"9285.411278201","1278","1278","1278"
"9295.415848517","1265","1265","1265"
"9305.410961338","1278","1278","1278"
"9315.414792759","1316","1316","1316"
"9325.411575976","1278","1278","1278"
"9335.411493905","1328","1328","1328"
"9345.412135457","1278","1278","1278"
"9355.411739228","1316","1316","1316"
"9365.411520523","1278","1278","1278"
"9375.412434257","1278","1278","1278"
"9385.411740795","1328","1328","1328"
"9395.413397261","1278","1278","1278"
"9405.411853568","1316","1316","1316"
"9415.416343248","1290","1290","1290"
"9425.411692852","1278","1278","1278"
"9435.412738042","1265","1265","1265"
"9445.411544223","1278","1278","1278"
"9455.412603446","1316","1316","1316"
"9465.411458015","1278","1278","1278"
"9475.413944247","1316","1316","1316"
"9485.412220502","1278","1278","1278"
"9495.411876868","1278","1278","1278"
"9505.411735335","1316","1316","1316"
"9515.413351091","1316","1316","1316"
"9525.413980204","1278","1278","1278"
"9535.411357884","1290","1290","1290"
"9545.411828414","1278","1278","1278"
"9555.415567845","1316","1316","1316"
"9565.411942131","1278","1278","1278"
"9575.411520012","1316","1316","1316"
"9585.413928662","1303","1303","1303"
"9595.41644865","1316","1316","1316"
"9605.411824638","1316","1316","1316"
"9615.411106633","1303","1303","1303"
"9625.411227322","1316","1316","1316"
"9635.414800986","1278","1278","1278"
"9645.411925331","1278","1278","1278"
"9655.411893869","1290","1290","1290"
"9665.415911562","1328","1328","1328"
"9675.415139869","1278","1278","1278"
"9685.413179519","1316","1316","1316"
"9695.411113059","1316","1316","1316"
"9705.419333847","1278","1278","1278"
"9715.414174309","1278","1278","1278"
"9725.411747687","1316","1316","1316"
"9735.411996849","1265","1265","1265"
"9745.413598405","1328","1328","1328"
"9755.411573072","1278","1278","1278"
"9765.411014431","1303","1303","1303"
"9775.411439138","1278","1278","1278"
"9785.411877847","1278","1278","1278"
"9795.411573961","1328","1328","1328"
"9805.412863962","1278","1278","1278"
"9815.412022469","1290","1290","1290"
"9825.411475212","1290","1290","1290"
"9835.41192085","1316","1316","1316"
"9845.411710799","1316","1316","1316"
"9855.411417228","1290","1290","1290"
"9865.411919018","1278","1278","1278"
"9875.411482605","1265","1265","1265"
"9885.414977426","1278","1278","1278"
"9895.412788114","1328","1328","1328"
"9905.416602883","1278","1278","1278"
"9915.411612635","1278","1278","1278"
"9925.411038782","1303","1303","1303"
"9935.416323601","1278","1278","1278"
"9945.412322514","1316","1316","1316"
"9955.411516272","1328","1328","1328"
"9965.41188992","1328","1328","1328"
"9975.411433873","1328","1328","1328"
"9985.411440342","1278","1278","1278"
"9995.411557189","1316","1316","1316"
"10005.41497429","1328","1328","1328"
"10015.413472695","1278","1278","1278"
"10025.415502334","1290","1290","1290"
"10035.411100009","1278","1278","1278"
"10045.411791741","1278","1278","1278"
"10055.412251889","1303","1303","1303"
"10065.411713313","1328","1328","1328"
"10075.411662917","1265","1265","1265"
"10085.411802445","1278","1278","1278"
"10095.411518025","1316","1316","1316"
"10105.411019772","1316","1316","1316"
"10115.412121134","1328","1328","1328"
"10125.411660218","1290","1290","1290"
"10135.411407263","1328","1328","1328"
"10145.41764225","1265","1265","1265"
"10155.416434492","1290","1290","1290"
"10165.415733484","1316","1316","1316"
"10175.41237326","1328","1328","1328"
"10185.411201846","1278","1278","1278"
"10195.412034","1252","1252","1252"
"10205.411608996","1328","1328","1328"
"10215.412889079","1328","1328","1328"
"10225.414468489","1290","1290","1290"
"10235.411350868","1316","1316","1316"
"10245.411872358","1278","1278","1278"
"10255.410888814","1303","1303","1303"
"10265.411602472","1278","1278","1278"
"10275.41429325","1290","1290","1290"
"10285.411732181","1278","1278","1278"
"10295.411158918","1290","1290","1290"
"10305.411473582","1278","1278","1278"
"10315.411353641","1290","1290","1290"
"10325.411306633","1290","1290","1290"
"10335.414227834","1316","1316","1316"
"10345.412219529","1278","1278","1278"
"10355.411589748","1290","1290","1290"
"10365.411577788","1278","1278","1278"
"10375.411048922","1278","1278","1278"
"10385.410940941","1290","1290","1290"
"10395.413496121","1303","1303","1303"
"10405.412670575","1278","1278","1278"
"10415.4118349","1316","1316","1316"
"10425.411512607","1278","1278","1278"
"10435.411977136","1328","1328","1328"
"10445.411938515","1278","1278","1278"
"10455.414731835","1278","1278","1278"
"10465.411931301","1316","1316","1316"
"10475.413109947","1278","1278","1278"
"10485.411158019","1278","1278","1278"
"10495.418882854","1278","1278","1278"
"10505.41143518","1278","1278","1278"
"10515.411007857","1290","1290","1290"
"10525.412104487","1316","1316","1316"
"10535.418389249","1278","1278","1278"
"10545.412021829","1328","1328","1328"
"10555.413159223","1278","1278","1278"
"10565.411697707","1328","1328","1328"
"10575.412230851","1278","1278","1278"
"10585.411871941","1316","1316","1316"
"10595.412833172","1290","1290","1290"
"10605.411677812","1328","1328","1328"
"10615.411744091","1278","1278","1278"
"10625.410916154","1278","1278","1278"
"10635.414267995","1316","1316","1316"
"10645.411265685","1328","1328","1328"
"10655.411359603","1278","1278","1278"
"10665.411166761","1316","1316","1316"
"10675.411731404","1290","1290","1290"
"10685.41223705","1328","1328","1328"
"10695.411625838","1278","1278","1278"
"10705.412120439","1328","1328","1328"
"10715.412341459","1328","1328","1328"
"10725.411776606","1278","1278","1278"
"10735.416916819","1316","1316","1316"
"10745.411335014","1316","1316","1316"
"10755.411686724","1278","1278","1278"
"10765.413301716","1303","1303","1303"
"10775.411569438","1278","1278","1278"
"10785.411029332","1278","1278","1278"
"10795.413426805","1278","1278","1278"
"10805.410921191","1316","1316","1316"
"10815.417175335","1278","1278","1278"
"10825.414135193","1278","1278","1278"
"10835.414944075","1278","1278","1278"
"10845.412162128","1278","1278","1278"
"10855.413933298","1328","1328","1328"
"10865.4109623","1328","1328","1328"
"10875.412397348","1278","1278","1278"
"10885.412677909","1303","1303","1303"
"10895.421042681","1316","1316","1316"
"10905.411742305","1290","1290","1290"
"10915.411797077","1316","1316","1316"
"10925.41144593","1252","1252","1252"
"10935.413415778","1278","1278","1278"
"10945.411746102","1278","1278","1278"
"10955.411949694","1316","1316","1316"
"10965.411224206","1316","1316","1316"
"10975.413087847","1278","1278","1278"
"10985.410801581","1328","1328","1328"
"10995.414729985","1278","1278","1278"
"11005.411699617","1316","1316","1316"
"11015.411012922","1290","1290","1290"
"11025.411205973","1278","1278","1278"
"11035.414558836","1328","1328","1328"
"11045.413600007","1316","1316","1316"
"11055.413049688","1278","1278","1278"
"11065.412674818","1290","1290","1290"
"11075.411084045","1303","1303","1303"
"11085.410843959","1328","1328","1328"
"11095.413044334","1278","1278","1278"
"11105.41240184","1328","1328","1328"
"11115.411901975","1328","1328","1328"
"11125.411345163","1290","1290","1290"
"11135.414510556","1278","1278","1278"
"11145.411611429","1290","1290","1290"
"11155.411140066","1316","1316","1316"
"11165.41634564","1303","1303","1303"
"11175.415983425","1278","1278","1278"
"11185.411646053","1328","1328","1328"
"11195.411436011","1328","1328","1328"
"11205.411527159","1328","1328","1328"
"11215.41156479","1328","1328","1328"
"11225.411169588","1278","1278","1278"
"11235.41064321","1278","1278","1278"
"11245.411682144","1328","1328","1328"
"11255.412230613","1328","1328","1328"
"11265.41203481","1252","1252","1252"
"11275.411246063","1328","1328","1328"
"11285.412556145","1328","1328","1328"
"11295.411892367","1316","1316","1316"
"11305.411187851","1278","1278","1278"
"11315.413968415","1290","1290","1290"
"11325.410849662","1316","1316","1316"
"11335.411278914","1278","1278","1278"
"11345.411558051","1278","1278","1278"
"11355.411353889","1278","1278","1278"
"11365.411534218","1328","1328","1328"
"11375.412252958","1328","1328","1328"
"11385.413301833","1328","1328","1328"
"11395.41241853","1328","1328","1328"
"11405.411302055","1328","1328","1328"
"11415.419275469","1278","1278","1278"
"11425.411262523","1328","1328","1328"
"11435.411646802","1278","1278","1278"
"11445.411414863","1290","1290","1290"
"11455.411597042","1316","1316","1316"
"11465.411272806","1328","1328","1328"
"11475.41175865","1278","1278","1278"
"11485.412340491","1328","1328","1328"
"11495.41750397","1303","1303","1303"
"11505.412180197","1316","1316","1316"
"11515.412408937","1278","1278","1278"
"11525.411070445","1278","1278","1278"
"11535.410871737","1328","1328","1328"
"11545.413106512","1303","1303","1303"
"11555.411597142","1265","1265","1265"
"11565.411590392","1265","1265","1265"
"11575.411504354","1278","1278","1278"
"11585.416489106","1290","1290","1290"
"11595.412025994","1278","1278","1278"
"11605.412595358","1290","1290","1290"
"11615.411677729","1328","1328","1328"
"11625.41097465","1328","1328","1328"
"11635.411443459","1278","1278","1278"
"11645.410634247","1316","1316","1316"
"11655.412638387","1265","1265","1265"
"11665.41179934","1316","1316","1316"
"11675.4118183","1316","1316","1316"
"11685.411333374","1290","1290","1290"
"11695.412166093","1316","1316","1316"
"11705.411651329","1328","1328","1328"
"11715.414618222","1278","1278","1278"
"11725.411733376","1252","1252","1252"
"11735.411420389","1316","1316","1316"
"11745.412574193","1328","1328","1328"
"11755.412325205","1278","1278","1278"
"11765.412268177","1278","1278","1278"
"11775.411222619","1290","1290","1290"
"11785.411332948","1303","1303","1303"
"11795.414849294","1278","1278","1278"
"11805.412749306","1278","1278","1278"
"11815.410985546","1278","1278","1278"
"11825.410824394","1328","1328","1328"
"11835.412277461","1278","1278","1278"
"11845.411427993","1328","1328","1328"
"11855.41244567","1303","1303","1303"
"11865.412430048","1303","1303","1303"
"11875.411640663","1265","1265","1265"
"11885.412587152","1278","1278","1278"
"11895.411188356","1278","1278","1278"
"11905.411630995","1278","1278","1278"
"11915.41366728","1278","1278","1278"
"11925.411495113","1328","1328","1328"
"11935.410658871","1316","1316","1316"
"11945.412170248","1316","1316","1316"
"11955.4170121","1278","1278","1278"
"11965.411603741","1278","1278","1278"
"11975.416717935","1278","1278","1278"
"11985.415629573","1316","1316","1316"
"11995.411719891","1278","1278","1278"
"12005.410830456","1290","1290","1290"
"12015.41598256","1316","1316","1316"
"12025.414809515","1278","1278","1278"
"12035.411194352","1265","1265","1265"
"12045.411678725","1278","1278","1278"
"12055.41170128","1290","1290","1290"
"12065.410938775","1278","1278","1278"
"12075.413659741","1278","1278","1278"
"12085.411263359","1290","1290","1290"
"12095.411788135","1290","1290","1290"
"12105.41463963","1278","1278","1278"
"12115.412228011","1278","1278","1278"
"12125.411978399","1278","1278","1278"
"12135.412438506","1278","1278","1278"
"12145.411624558","1265","1265","1265"
"12155.412788265","1290","1290","1290"
"12165.411264308","1278","1278","1278"
"12175.416789726","1290","1290","1290"
"12185.412524708","1278","1278","1278"
"12195.415173386","1278","1278","1278"
"12205.411706571","1265","1265","1265"
"12215.411422914","1278","1278","1278"
"12225.411328874","1278","1278","1278"
"12235.415335318","1278","1278","1278"
"12245.411344528","1278","1278","1278"
"12255.411789578","1290","1290","1290"
"12265.411033273","1278","1278","1278"
"12275.411137328","1316","1316","1316"
"12285.41138343","1328","1328","1328"
"12295.413727305","1290","1290","1290"
"12305.411136438","1278","1278","1278"
"12315.413542365","1290","1290","1290"
"12325.413046811","1278","1278","1278"
"12335.410938779","1290","1290","1290"
"12345.411466449","1278","1278","1278"
"12355.416674525","1278","1278","1278"
"12365.412097766","1316","1316","1316"
"12375.411881532","1278","1278","1278"
"12385.411308335","1328","1328","1328"
"12395.415215525","1303","1303","1303"
"12405.412571883","1328","1328","1328"
"12415.41097255","1265","1265","1265"
"12425.412050208","1303","1303","1303"
"12435.411324969","1328","1328","1328"
"12445.411418236","1278","1278","1278"
"12455.417842019","1328","1328","1328"
"12465.41253231","1316","1316","1316"
"12475.411356277","1278","1278","1278"
"12485.411429084","1265","1265","1265"
"12495.414772009","1278","1278","1278"
"12505.410964365","1316","1316","1316"
"12515.413021697","1278","1278","1278"
"12525.411388611","1316","1316","1316"
"12535.410867256","1278","1278","1278"
"12545.411731349","1316","1316","1316"
"12555.411525398","1316","1316","1316"
"12565.411458025","1328","1328","1328"
"12575.411011446","1316","1316","1316"
"12585.412027474","1290","1290","1290"
"12595.416759559","1303","1303","1303"
"12605.41321051","1316","1316","1316"
"12615.411675921","1278","1278","1278"
"12625.412473837","1278","1278","1278"
"12635.416724396","1290","1290","1290"
"12645.412299778","1316","1316","1316"
"12655.411460146","1278","1278","1278"
"12665.411726708","1265","1265","1265"
"12675.412662889","1303","1303","1303"
"12685.415454782","1303","1303","1303"
"12695.411563748","1278","1278","1278"
"12705.413091546","1328","1328","1328"
"12715.416708171","1278","1278","1278"
"12725.414656464","1316","1316","1316"
"12735.410855684","1316","1316","1316"
"12745.413684032","1278","1278","1278"
"12755.411805631","1328","1328","1328"
"12765.411412727","1278","1278","1278"
"12775.412176554","1303","1303","1303"
"12785.411161239","1303","1303","1303"
"12795.411888749","1328","1328","1328"
"12805.411561272","1303","1303","1303"
"12815.411217408","1278","1278","1278"
"12825.41200372","1328","1328","1328"
"12835.411754687","1328","1328","1328"
"12845.411609044","1328","1328","1328"
"12855.416045738","1290","1290","1290"
"12865.411490944","1290","1290","1290"
"12875.41143739","1278","1278","1278"
"12885.41626405","1278","1278","1278"
"12895.410908279","1316","1316","1316"
"12905.411355699","1316","1316","1316"
"12915.413852081","1303","1303","1303"
"12925.411887113","1328","1328","1328"
"12935.411543478","1316","1316","1316"
"12945.4115625","1316","1316","1316"
"12955.412200175","1278","1278","1278"
"12965.411435311","1316","1316","1316"
"12975.41250896","1328","1328","1328"
"12985.410914598","1290","1290","1290"
"12995.410957068","1290","1290","1290"
"13005.413022291","1278","1278","1278"
"13015.411809145","1316","1316","1316"
"13025.411447649","1328","1328","1328"
"13035.411588795","1278","1278","1278"
"13045.412180444","1290","1290","1290"
"13055.411791451","1278","1278","1278"
"13065.413841696","1316","1316","1316"
"13075.415812464","1278","1278","1278"
"13085.411040457","1328","1328","1328"
"13095.411397598","1290","1290","1290"
"13105.410853034","1328","1328","1328"
"13115.416479185","1278","1278","1278"
"13125.411215967","1328","1328","1328"
"13135.4142032","1316","1316","1316"
"13145.413608465","1278","1278","1278"
"13155.411138778","1278","1278","1278"
"13165.412081757","1290","1290","1290"
"13175.411070815","1303","1303","1303"
"13185.413125497","1265","1265","1265"
"13195.411359027","1278","1278","1278"
"13205.41231487","1278","1278","1278"
"13215.412345184","1303","1303","1303"
"13225.412695365","1328","1328","1328"
"13235.411611046","1303","1303","1303"
"13245.411153191","1278","1278","1278"
"13255.411400816","1278","1278","1278"
"13265.411458829","1316","1316","1316"
"13275.41268247","1303","1303","1303"
"13285.411977","1290","1290","1290"
"13295.411385853","1316","1316","1316"
"13305.413094623","1278","1278","1278"
"13315.412438333","1316","1316","1316"
"13325.411588357","1278","1278","1278"
"13335.41113007","1328","1328","1328"
"13345.421094375","1290","1290","1290"
"13355.411930153","1303","1303","1303"
"13365.411707562","1278","1278","1278"
"13375.410937384","1328","1328","1328"
"13385.412345287","1278","1278","1278"
"13395.413128831","1278","1278","1278"
"13405.411863551","1328","1328","1328"
"13415.411707576","1252","1252","1252"
"13425.41166484","1328","1328","1328"
"13435.412871235","1278","1278","1278"
"13445.411216997","1278","1278","1278"
"13455.411175096","1328","1328","1328"
"13465.412607914","1328","1328","1328"
"13475.411292781","1316","1316","1316"
"13485.4142939","1278","1278","1278"
"13495.411709542","1328","1328","1328"
"13505.411722204","1316","1316","1316"
"13515.41111739","1278","1278","1278"
"13525.411960703","1328","1328","1328"
"13535.411678603","1328","1328","1328"
"13545.412026936","1328","1328","1328"
"13555.41312175","1278","1278","1278"
"13565.41140249","1290","1290","1290"
"13575.41181931","1278","1278","1278"
"13585.416221719","1303","1303","1303"
"13595.410840598","1290","1290","1290"
"13605.411432195","1278","1278","1278"
"13615.41087375","1328","1328","1328"
"13625.410957829","1278","1278","1278"
"13635.41199417","1316","1316","1316"
"13645.411105529","1278","1278","1278"
"13655.412128124","1278","1278","1278"
"13665.411863077","1278","1278","1278"
"13675.411874043","1328","1328","1328"
"13685.417331012","1265","1265","1265"
"13695.411337938","1316","1316","1316"
"13705.412835169","1328","1328","1328"
"13715.415327904","1278","1278","1278"
"13725.41447303","1252","1252","1252"
"13735.411371927","1328","1328","1328"
"13745.412270156","1278","1278","1278"
"13755.411011842","1278","1278","1278"
"13765.411424392","1278","1278","1278"
"13775.414950122","1265","1265","1265"
"13785.415884233","1328","1328","1328"
"13795.411002003","1252","1252","1252"
"13805.412268388","1316","1316","1316"
"13815.41187251","1328","1328","1328"
"13825.411632698","1328","1328","1328"
"13835.412011056","1265","1265","1265"
"13845.412608983","1316","1316","1316"
"13855.413473192","1316","1316","1316"
"13865.412021948","1328","1328","1328"
"13875.411269547","1278","1278","1278"
"13885.411922994","1316","1316","1316"
"13895.411902691","1316","1316","1316"
"13905.412019522","1316","1316","1316"
"13915.412511352","1316","1316","1316"
"13925.412737548","1278","1278","1278"
"13935.413683178","1328","1328","1328"
"13945.418038512","1278","1278","1278"
"13955.413428355","1278","1278","1278"
"13965.41123403","1303","1303","1303"
"13975.411438774","1278","1278","1278"
"13985.414997204","1303","1303","1303"
"13995.41222087","1328","1328","1328"
"14005.411996701","1265","1265","1265"
"14015.410927875","1278","1278","1278"
"14025.411592438","1316","1316","1316"
"14035.417840077","1316","1316","1316"
"14045.411269262","1278","1278","1278"
"14055.412179805","1290","1290","1290"
"14065.418432933","1278","1278","1278"
"14075.411269932","1278","1278","1278"
"14085.411850326","1278","1278","1278"
"14095.411524697","1290","1290","1290"
"14105.415134634","1316","1316","1316"
"14115.41613984","1278","1278","1278"
"14125.412029787","1328","1328","1328"
"14135.415035861","1278","1278","1278"
"14145.412026888","1316","1316","1316"
"14155.411825102","1328","1328","1328"
"14165.413269422","1265","1265","1265"
"14175.412694031","1290","1290","1290"
"14185.411565871","1278","1278","1278"
"14195.412714951","1290","1290","1290"
"14205.414093358","1278","1278","1278"
"14215.411419181","1303","1303","1303"
"14225.412341364","1328","1328","1328"
"14235.414595666","1328","1328","1328"
"14245.418117596","1316","1316","1316"
"14255.411151511","1316","1316","1316"
"14265.411447243","1290","1290","1290"
"14275.411159009","1265","1265","1265"
"14285.411457995","1278","1278","1278"
"14295.412089119","1278","1278","1278"
"14305.411823837","1278","1278","1278"
"14315.413251808","1328","1328","1328"
"14325.414696334","1278","1278","1278"
"14335.411281874","1278","1278","1278"
"14345.411417716","1278","1278","1278"
"14355.411534337","1316","1316","1316"
"14365.414306623","1278","1278","1278"
"14375.410952553","1303","1303","1303"
"14385.411453061","1278","1278","1278"
"14395.414106955","1278","1278","1278"
"14405.412000258","1316","1316","1316"
"14415.411951147","1328","1328","1328"
"14425.410880642","1303","1303","1303"
"14435.411776019","1278","1278","1278"
"14445.413878881","1278","1278","1278"
"14455.411598466","1328","1328","1328"
"14465.41167202","1328","1328","1328"
"14475.41226575","1278","1278","1278"
"14485.411202983","1290","1290","1290"
"14495.411965442","1278","1278","1278"
"14505.412461166","1328","1328","1328"
"14515.411731838","1278","1278","1278"
"14525.411315438","1316","1316","1316"
"14535.416245179","1290","1290","1290"
"14545.41405029","1278","1278","1278"
"14555.411637723","1328","1328","1328"
"14565.411277298","1328","1328","1328"
"14575.414582041","1290","1290","1290"
"14585.411440629","1316","1316","1316"
"14595.411666161","1328","1328","1328"
"14605.411902854","1278","1278","1278"
"14615.411270198","1328","1328","1328"
"14625.411368652","1278","1278","1278"
"14635.412309791","1328","1328","1328"
"14645.41146079","1278","1278","1278"
"14655.4122431","1278","1278","1278"
"14665.411979518","1328","1328","1328"
"14675.411691755","1328","1328","1328"
"14685.412905332","1316","1316","1316"
"14695.411994773","1278","1278","1278"
"14705.411711681","1278","1278","1278"
"14715.411436298","1290","1290","1290"
"14725.414082399","1328","1328","1328"
"14735.411369312","1278","1278","1278"
"14745.414872325","1278","1278","1278"
"14755.411704676","1303","1303","1303"
"14765.411151285","1278","1278","1278"
"14775.411097679","1328","1328","1328"
"14785.41170766","1316","1316","1316"
"14795.411845455","1328","1328","1328"
"14805.411227646","1316","1316","1316"
"14815.414618673","1328","1328","1328"
"14825.41290328","1328","1328","1328"
"14835.414611578","1316","1316","1316"
"14845.416576392","1290","1290","1290"
"14855.411187383","1278","1278","1278"
"14865.41579597","1303","1303","1303"
"14875.412451235","1328","1328","1328"
"14885.411412778","1328","1328","1328"
"14895.415977967","1278","1278","1278"
"14905.412525403","1252","1252","1252"
"14915.41193132","1290","1290","1290"
"14925.41123794","1328","1328","1328"
"14935.414516192","1316","1316","1316"
"14945.411585967","1278","1278","1278"
"14955.411238352","1278","1278","1278"
"14965.411029574","1316","1316","1316"
"14975.411535619","1278","1278","1278"
"14985.415129716","1316","1316","1316"
"14995.411206449","1278","1278","1278"
"15005.411222091","1316","1316","1316"
"15015.412164964","1278","1278","1278"
"15025.414369494","1278","1278","1278"
"15035.413321621","1328","1328","1328"
"15045.411696579","1278","1278","1278"
"15055.412436901","1316","1316","1316"
"15065.412003113","1316","1316","1316"
"15075.410980392","1316","1316","1316"
"15085.413852314","1303","1303","1303"
"15095.411857564","1278","1278","1278"
"15105.41117416","1316","1316","1316"
"15115.411249659","1252","1252","1252"
"15125.41672082","1278","1278","1278"
"15135.415228059","1278","1278","1278"
"15145.411176723","1278","1278","1278"
"15155.411729769","1265","1265","1265"
"15165.413360727","1328","1328","1328"
"15175.410812727","1278","1278","1278"
"15185.411942164","1316","1316","1316"
"15195.411973417","1278","1278","1278"
"15205.411867284","1278","1278","1278"
"15215.411350429","1316","1316","1316"
"15225.417541196","1303","1303","1303"
"15235.414914398","1278","1278","1278"
"15245.411623677","1265","1265","1265"
"15255.415206611","1265","1265","1265"
"15265.414017487","1316","1316","1316"
"15275.411513892","1278","1278","1278"
"15285.411969837","1278","1278","1278"
"15295.411841214","1328","1328","1328"
"15305.412121217","1278","1278","1278"
"15315.411538617","1278","1278","1278"
"15325.410999965","1278","1278","1278"
"15335.41716732","1278","1278","1278"
"15345.410940977","1278","1278","1278"
"15355.412259862","1303","1303","1303"
"15365.415205916","1265","1265","1265"
"15375.411162648","1328","1328","1328"
"15385.413192088","1278","1278","1278"
"15395.411710031","1328","1328","1328"
"15405.411386136","1328","1328","1328"
"15415.416440351","1316","1316","1316"
"15425.415540426","1328","1328","1328"
"15435.417433668","1278","1278","1278"
"15445.411884161","1278","1278","1278"
"15455.414609053","1265","1265","1265"
"15465.414566273","1290","1290","1290"
"15475.41128586","1303","1303","1303"
"15485.411308863","1316","1316","1316"
"15495.415678946","1316","1316","1316"
"15505.415253652","1316","1316","1316"
"15515.411218755","1316","1316","1316"
"15525.411013961","1278","1278","1278"
"15535.414309967","1316","1316","1316"
"15545.413009217","1278","1278","1278"
"15555.411568636","1316","1316","1316"
"15565.41149475","1316","1316","1316"
"15575.412446627","1328","1328","1328"
"15585.411410415","1278","1278","1278"
"15595.411315349","1265","1265","1265"
"15605.414564638","1290","1290","1290"
"15615.413227602","1278","1278","1278"
"15625.415995838","1316","1316","1316"
"15635.411340892","1278","1278","1278"
"15645.414447519","1278","1278","1278"
"15655.411398083","1316","1316","1316"
"15665.411733601","1278","1278","1278"
"15675.411730814","1278","1278","1278"
"15685.412562296","1278","1278","1278"
"15695.415708579","1316","1316","1316"
"15705.411120088","1278","1278","1278"
"15715.41235391","1278","1278","1278"
"15725.411741857","1316","1316","1316"
"15735.411646958","1316","1316","1316"
"15745.413192116","1290","1290","1290"
"15755.411138971","1278","1278","1278"
"15765.412686347","1328","1328","1328"
"15775.413164323","1278","1278","1278"
"15785.416848519","1278","1278","1278"
"15795.41113365","1278","1278","1278"
"15805.410865563","1316","1316","1316"
"15815.41573461","1328","1328","1328"
"15825.411095985","1328","1328","1328"
"15835.411579241","1316","1316","1316"
"15845.411427871","1328","1328","1328"
"15855.411252492","1278","1278","1278"
"15865.411277955","1290","1290","1290"
"15875.410976627","1328","1328","1328"
"15885.411688232","1316","1316","1316"
"15895.418174209","1316","1316","1316"
"15905.411205902","1265","1265","1265"
"15915.41126283","1290","1290","1290"
"15925.4131369","1278","1278","1278"
"15935.41187201","1328","1328","1328"
"15945.412220379","1328","1328","1328"
"15955.41247029","1328","1328","1328"
"15965.412502693","1316","1316","1316"
"15975.419678438","1316","1316","1316"
"15985.412209417","1316","1316","1316"
"15995.411356281","1328","1328","1328"
"16005.420297151","1278","1278","1278"
"16015.41461106","1328","1328","1328"
"16025.415185802","1290","1290","1290"
"16035.412119891","1316","1316","1316"
"16045.411009861","1278","1278","1278"
"16055.410987097","1290","1290","1290"
"16065.411703219","1290","1290","1290"
"16075.41154775","1328","1328","1328"
"16085.412764567","1303","1303","1303"
"16095.411779951","1265","1265","1265"
"16105.411579933","1316","1316","1316"
"16115.412043851","1328","1328","1328"
"16125.411290401","1278","1278","1278"
"16135.41160907","1303","1303","1303"
"16145.411507802","1278","1278","1278"
"16155.413932798","1278","1278","1278"
"16165.412116674","1328","1328","1328"
"16175.41325895","1328","1328","1328"
"16185.416793222","1278","1278","1278"
"16195.412579377","1278","1278","1278"
"16205.411569287","1316","1316","1316"
"16215.411435628","1316","1316","1316"
"16225.411516739","1328","1328","1328"
"16235.411506437","1328","1328","1328"
"16245.411878512","1328","1328","1328"
"16255.411452305","1328","1328","1328"
"16265.410952195","1328","1328","1328"
"16275.414367298","1278","1278","1278"
"16285.41338949","1278","1278","1278"
"16295.411086767","1328","1328","1328"
"16305.411863361","1328","1328","1328"
"16315.411849125","1278","1278","1278"
"16325.411346509","1316","1316","1316"
"16335.414278841","1328","1328","1328"
"16345.411165037","1303","1303","1303"
"16355.413161757","1316","1316","1316"
"16365.411182993","1265","1265","1265"
"16375.411991954","1316","1316","1316"
"16385.414040552","1278","1278","1278"
"16395.414828545","1316","1316","1316"
"16405.412473367","1278","1278","1278"
"16415.411183225","1278","1278","1278"
"16425.410967297","1278","1278","1278"
"16435.418873709","1316","1316","1316"
"16445.411260544","1328","1328","1328"
"16455.411069457","1328","1328","1328"
"16465.414052931","1316","1316","1316"
"16475.411720659","1328","1328","1328"
"16485.411528304","1328","1328","1328"
"16495.412704558","1278","1278","1278"
"16505.411389632","1328","1328","1328"
"16515.411890958","1316","1316","1316"
"16525.412789396","1278","1278","1278"
"16535.412603164","1316","1316","1316"
"16545.4122294","1278","1278","1278"
"16555.411665097","1328","1328","1328"
"16565.411768055","1265","1265","1265"
"16575.412086041","1278","1278","1278"
"16585.411528418","1278","1278","1278"
"16595.412360592","1328","1328","1328"
"16605.412549215","1328","1328","1328"
"16615.412316564","1328","1328","1328"
"16625.411450121","1316","1316","1316"
"16635.411722008","1303","1303","1303"
"16645.412085111","1278","1278","1278"
"16655.411345897","1316","1316","1316"
"16665.412177693","1316","1316","1316"
"16675.412422763","1316","1316","1316"
"16685.411541434","1328","1328","1328"
"16695.411735329","1290","1290","1290"
"16705.410925661","1328","1328","1328"
"16715.413026897","1328","1328","1328"
"16725.411703539","1328","1328","1328"
"16735.417109808","1265","1265","1265"
"16745.411806843","1328","1328","1328"
"16755.411424655","1278","1278","1278"
"16765.411584571","1328","1328","1328"
"16775.413770942","1278","1278","1278"
"16785.413139985","1316","1316","1316"
"16795.411604733","1278","1278","1278"
"16805.411205363","1278","1278","1278"
"16815.414737276","1278","1278","1278"
"16825.41155854","1290","1290","1290"
"16835.411025773","1290","1290","1290"
"16845.411913702","1278","1278","1278"
"16855.411421998","1316","1316","1316"
"16865.410919466","1278","1278","1278"
"16875.412388529","1328","1328","1328"
"16885.411220052","1278","1278","1278"
"16895.410953839","1303","1303","1303"
"16905.411163155","1316","1316","1316"
"16915.412411194","1316","1316","1316"
"16925.411439862","1328","1328","1328"
"16935.412305253","1290","1290","1290"
"16945.412024813","1303","1303","1303"
"16955.412293367","1316","1316","1316"
"16965.416906348","1278","1278","1278"
"16975.41639745","1278","1278","1278"
"16985.411087936","1328","1328","1328"
"16995.418844262","1316","1316","1316"
"17005.411002284","1316","1316","1316"
"17015.411433585","1265","1265","1265"
"17025.416205959","1278","1278","1278"
"17035.413623555","1278","1278","1278"
"17045.412886008","1328","1328","1328"
"17055.415457861","1278","1278","1278"
"17065.411144614","1316","1316","1316"
"17075.422205086","1316","1316","1316"
"17085.415441127","1278","1278","1278"
"17095.415527053","1303","1303","1303"
"17105.410959575","1303","1303","1303"
"17115.417015602","1328","1328","1328"
"17125.412598467","1328","1328","1328"
"17135.415765473","1278","1278","1278"
"17145.411648351","1278","1278","1278"
"17155.415783059","1278","1278","1278"
"17165.415492692","1290","1290","1290"
"17175.411016628","1316","1316","1316"
"17185.412176223","1316","1316","1316"
"17195.411863744","1316","1316","1316"
"17205.411277024","1278","1278","1278"
"17215.411776228","1316","1316","1316"
"17225.414702742","1316","1316","1316"
"17235.412717337","1278","1278","1278"
"17245.411469857","1278","1278","1278"
"17255.411664709","1316","1316","1316"
"17265.411755402","1278","1278","1278"
"17275.411315296","1316","1316","1316"
"17285.411651735","1316","1316","1316"
"17295.411496768","1316","1316","1316"
"17305.414526704","1278","1278","1278"
"17315.414795574","1278","1278","1278"
"17325.412884664","1290","1290","1290"
"17335.411854237","1328","1328","1328"
"17345.410899099","1265","1265","1265"
"17355.410881324","1252","1252","1252"
"17365.411553281","1278","1278","1278"
"17375.415279109","1328","1328","1328"
"17385.413181137","1278","1278","1278"
"17395.412397113","1278","1278","1278"
"17405.41192163","1290","1290","1290"
"17415.41327304","1328","1328","1328"
"17425.415445775","1278","1278","1278"
"17435.411658329","1278","1278","1278"
"17445.411331354","1328","1328","1328"
"17455.411478077","1278","1278","1278"
"17465.411039266","1316","1316","1316"
"17475.414749461","1265","1265","1265"
"17485.412078142","1328","1328","1328"
"17495.41156014","1278","1278","1278"
"17505.415433692","1278","1278","1278"
"17515.413709523","1278","1278","1278"
"17525.411817504","1316","1316","1316"
"17535.411616286","1278","1278","1278"
"17545.4125467","1265","1265","1265"
"17555.41143363","1316","1316","1316"
"17565.411328914","1278","1278","1278"
"17575.41246371","1278","1278","1278"
"17585.414201662","1252","1252","1252"
"17595.419076207","1278","1278","1278"
"17605.411766236","1328","1328","1328"
"17615.411264976","1316","1316","1316"
"17625.411184759","1278","1278","1278"
"17635.411902861","1328","1328","1328"
"17645.411371383","1328","1328","1328"
"17655.410928919","1278","1278","1278"
"17665.412037337","1278","1278","1278"
"17675.412934846","1278","1278","1278"
"17685.410911133","1290","1290","1290"
"17695.411186295","1316","1316","1316"
"17705.418137232","1328","1328","1328"
"17715.413100252","1278","1278","1278"
"17725.412194179","1290","1290","1290"
"17735.415641859","1290","1290","1290"
"17745.41266363","1278","1278","1278"
"17755.411442736","1278","1278","1278"
"17765.412080062","1316","1316","1316"
"17775.413860412","1316","1316","1316"
"17785.4118634","1278","1278","1278"
"17795.411809385","1278","1278","1278"
"17805.411413798","1252","1252","1252"
"17815.413402252","1328","1328","1328"
"17825.410840576","1316","1316","1316"
"17835.412168478","1278","1278","1278"
"17845.411432367","1278","1278","1278"
"17855.411676856","1316","1316","1316"
"17865.410988497","1328","1328","1328"
"17875.411851972","1265","1265","1265"
"17885.414596553","1328","1328","1328"
"17895.411929844","1328","1328","1328"
"17905.411838415","1328","1328","1328"
"17915.411644422","1328","1328","1328"
"17925.41201219","1278","1278","1278"
"17935.411466531","1278","1278","1278"
"17945.411935088","1278","1278","1278"
"17955.411665603","1278","1278","1278"
"17965.415940901","1278","1278","1278"
"17975.412212719","1328","1328","1328"
"17985.410907908","1328","1328","1328"
"17995.412164785","1278","1278","1278"
"18005.411715474","1328","1328","1328"
"18015.412579927","1303","1303","1303"
"18025.414366235","1278","1278","1278"
"18035.411745261","1278","1278","1278"
"18045.411449953","1278","1278","1278"
"18055.412268778","1316","1316","1316"
"18065.415591221","1290","1290","1290"
"18075.414728955","1290","1290","1290"
"18085.411641915","1278","1278","1278"
"18095.411459766","1316","1316","1316"
"18105.412263263","1328","1328","1328"
"18115.411198578","1278","1278","1278"
"18125.413680857","1278","1278","1278"
"18135.413168418","1290","1290","1290"
"18145.411144881","1278","1278","1278"
"18155.411293803","1278","1278","1278"
"18165.412387127","1290","1290","1290"
"18175.412662875","1265","1265","1265"
"18185.411628242","1278","1278","1278"
"18195.412041299","1328","1328","1328"
"18205.411281048","1328","1328","1328"
"18215.413684928","1278","1278","1278"
"18225.411252903","1290","1290","1290"
"18235.41170825","1328","1328","1328"
"18245.412167197","1290","1290","1290"
"18255.417327407","1316","1316","1316"
"18265.4115229","1278","1278","1278"
"18275.411458114","1328","1328","1328"
"18285.420706364","1290","1290","1290"
"18295.414613042","1278","1278","1278"
"18305.415027125","1278","1278","1278"
"18315.414121931","1278","1278","1278"
"18325.413005741","1316","1316","1316"
"18335.413969824","1290","1290","1290"
"18345.41137197","1278","1278","1278"
"18355.411023364","1316","1316","1316"
"18365.411676087","1278","1278","1278"
"18375.413764493","1278","1278","1278"
"18385.412553814","1265","1265","1265"
"18395.411870042","1316","1316","1316"
"18405.418608965","1278","1278","1278"
"18415.415793535","1278","1278","1278"
"18425.413494124","1328","1328","1328"
"18435.411182109","1316","1316","1316"
"18445.411589932","1303","1303","1303"
"18455.411733169","1278","1278","1278"
"18465.411442565","1278","1278","1278"
"18475.414434277","1328","1328","1328"
"18485.410825606","1328","1328","1328"
"18495.410996249","1328","1328","1328"
"18505.411746515","1316","1316","1316"
"18515.411600669","1316","1316","1316"
"18525.411507637","1316","1316","1316"
"18535.411049068","1328","1328","1328"
"18545.411533541","1278","1278","1278"
"18555.418513696","1290","1290","1290"
"18565.413694354","1328","1328","1328"
"18575.410858969","1290","1290","1290"
"18585.411103786","1316","1316","1316"
"18595.412821622","1328","1328","1328"
"18605.414904207","1316","1316","1316"
"18615.414468271","1278","1278","1278"
"18625.411434639","1316","1316","1316"
"18635.411442584","1290","1290","1290"
"18645.41462623","1316","1316","1316"
"18655.413865691","1278","1278","1278"
"18665.411602723","1278","1278","1278"
"18675.418768125","1290","1290","1290"
"18685.412286233","1328","1328","1328"
"18695.413704484","1278","1278","1278"
"18705.410955478","1303","1303","1303"
"18715.410902409","1290","1290","1290"
"18725.413692794","1328","1328","1328"
"18735.411709924","1328","1328","1328"
"18745.411683044","1278","1278","1278"
"18755.412591127","1316","1316","1316"
"18765.411370658","1278","1278","1278"
"18775.411142735","1328","1328","1328"
"18785.41074566","1278","1278","1278"
"18795.412606745","1316","1316","1316"
"18805.411450004","1278","1278","1278"
"18815.416207406","1278","1278","1278"
"18825.410909786","1278","1278","1278"
"18835.411912266","1278","1278","1278"
"18845.410956169","1316","1316","1316"
"18855.412017693","1278","1278","1278"
"18865.414657036","1328","1328","1328"
"18875.411780157","1290","1290","1290"
"18885.41299209","1328","1328","1328"
"18895.411917256","1278","1278","1278"
"18905.411193715","1278","1278","1278"
"18915.410943641","1265","1265","1265"
"18925.411899857","1328","1328","1328"
"18935.411430959","1278","1278","1278"
"18945.419483209","1278","1278","1278"
"18955.411352589","1265","1265","1265"
"18965.41470277","1303","1303","1303"
"18975.410881324","1278","1278","1278"
"18985.411906244","1290","1290","1290"
"18995.413552089","1303","1303","1303"
"19005.415322895","1328","1328","1328"
"19015.411566972","1278","1278","1278"
"19025.411735325","1328","1328","1328"
"19035.41814536","1278","1278","1278"
"19045.412112405","1290","1290","1290"
"19055.411318459","1278","1278","1278"
"19065.411632354","1328","1328","1328"
"19075.410919171","1278","1278","1278"
"19085.411626939","1278","1278","1278"
"19095.411828614","1265","1265","1265"
"19105.415412517","1303","1303","1303"
"19115.413483734","1290","1290","1290"
"19125.412264333","1278","1278","1278"
"19135.412307672","1303","1303","1303"
"19145.414174703","1328","1328","1328"
"19155.412821677","1278","1278","1278"
"19165.411785967","1303","1303","1303"
"19175.413683034","1278","1278","1278"
"19185.411885101","1316","1316","1316"
"19195.414860324","1303","1303","1303"
"19205.411801765","1328","1328","1328"
"19215.41165154","1328","1328","1328"
"19225.414878464","1278","1278","1278"
"19235.41134472","1328","1328","1328"
"19245.411462533","1328","1328","1328"
"19255.411690469","1328","1328","1328"
"19265.416271762","1265","1265","1265"
"19275.411183275","1278","1278","1278"
"19285.41116831","1316","1316","1316"
"19295.415356679","1328","1328","1328"
"19305.414333855","1278","1278","1278"
"19315.418994285","1303","1303","1303"
"19325.413439369","1316","1316","1316"
"19335.411726214","1290","1290","1290"
"19345.412243432","1278","1278","1278"
"19355.411409069","1328","1328","1328"
"19365.411625577","1316","1316","1316"
"19375.411524855","1278","1278","1278"
"19385.414954959","1278","1278","1278"
"19395.411077387","1328","1328","1328"
"19405.411714139","1328","1328","1328"
"19415.41220394","1290","1290","1290"
"19425.411485922","1252","1252","1252"
"19435.412095721","1278","1278","1278"
"19445.411289194","1278","1278","1278"
"19455.412159413","1328","1328","1328"
"19465.411138264","1328","1328","1328"
"19475.411233725","1316","1316","1316"
"19485.412319048","1290","1290","1290"
"19495.417075964","1278","1278","1278"
"19505.411627738","1278","1278","1278"
"19515.412018506","1290","1290","1290"
"19525.415458771","1252","1252","1252"
"19535.411927974","1316","1316","1316"
"19545.412359599","1328","1328","1328"
"19555.417245553","1278","1278","1278"
"19565.414099056","1278","1278","1278"
"19575.411904289","1328","1328","1328"
"19585.412756917","1316","1316","1316"
"19595.412098722","1278","1278","1278"
"19605.411348936","1316","1316","1316"
"19615.414596103","1278","1278","1278"
"19625.413135969","1290","1290","1290"
"19635.411218866","1265","1265","1265"
"19645.411591585","1278","1278","1278"
"19655.411188553","1303","1303","1303"
"19665.411942138","1278","1278","1278"
"19675.411208725","1328","1328","1328"
"19685.411432656","1278","1278","1278"
"19695.411623157","1278","1278","1278"
"19705.411871591","1278","1278","1278"
"19715.412215345","1316","1316","1316"
"19725.412906102","1278","1278","1278"
"19735.411340287","1278","1278","1278"
"19745.411619173","1278","1278","1278"
"19755.412181755","1316","1316","1316"
"19765.412909541","1328","1328","1328"
"19775.411887504","1328","1328","1328"
"19785.415996571","1290","1290","1290"
"19795.412846482","1303","1303","1303"
"19805.412234051","1278","1278","1278"
"19815.411644052","1278","1278","1278"
"19825.411622832","1278","1278","1278"
"19835.410839492","1290","1290","1290"
"19845.411888416","1303","1303","1303"
"19855.412301373","1328","1328","1328"
"19865.41238304","1328","1328","1328"
"19875.41218203","1316","1316","1316"
"19885.411374271","1316","1316","1316"
"19895.413434449","1303","1303","1303"
"19905.411878333","1290","1290","1290"
"19915.412597635","1328","1328","1328"
"19925.412279645","1278","1278","1278"
"19935.416261429","1316","1316","1316"
"19945.411437492","1278","1278","1278"
"19955.412591944","1316","1316","1316"
"19965.411903742","1278","1278","1278"
"19975.411989724","1328","1328","1328"
"19985.412131215","1278","1278","1278"
"19995.413325102","1278","1278","1278"
"20005.41210521","1265","1265","1265"
"20015.414738761","1303","1303","1303"
"20025.411579709","1265","1265","1265"
"20035.413312477","1278","1278","1278"
"20045.411308638","1278","1278","1278"
"20055.415867175","1328","1328","1328"
"20065.411411831","1278","1278","1278"
"20075.410899156","1278","1278","1278"
"20085.41351569","1303","1303","1303"
"20095.416433605","1303","1303","1303"
"20105.41193267","1278","1278","1278"
"20115.411733931","1328","1328","1328"
"20125.412600939","1303","1303","1303"
"20135.411462576","1316","1316","1316"
"20145.412426192","1278","1278","1278"
"20155.411032559","1278","1278","1278"
"20165.417511918","1252","1252","1252"
"20175.412216944","1278","1278","1278"
"20185.411542675","1265","1265","1265"
"20195.414654573","1278","1278","1278"
"20205.410681827","1278","1278","1278"
"20215.411633814","1328","1328","1328"
"20225.412994935","1252","1252","1252"
"20235.41146275","1328","1328","1328"
"20245.412278481","1328","1328","1328"
"20255.411531172","1290","1290","1290"
"20265.411767421","1278","1278","1278"
"20275.416192387","1278","1278","1278"
"20285.411604251","1290","1290","1290"
"20295.411438048","1316","1316","1316"
"20305.41074606","1278","1278","1278"
"20315.414228371","1278","1278","1278"
"20325.411028254","1303","1303","1303"
"20335.410839191","1316","1316","1316"
"20345.414593954","1278","1278","1278"
"20355.412673542","1278","1278","1278"
"20365.412237366","1328","1328","1328"
"20375.414606598","1278","1278","1278"
"20385.412556626","1265","1265","1265"
"20395.411814209","1290","1290","1290"
"20405.415877942","1278","1278","1278"
"20415.412384781","1278","1278","1278"
"20425.411695941","1278","1278","1278"
"20435.418070423","1316","1316","1316"
"20445.411354967","1278","1278","1278"
"20455.410668117","1290","1290","1290"
"20465.411600641","1328","1328","1328"
"20475.412101737","1290","1290","1290"
"20485.410751184","1278","1278","1278"
"20495.411753985","1278","1278","1278"
"20505.413073486","1290","1290","1290"
"20515.411184111","1328","1328","1328"
"20525.411327899","1316","1316","1316"
"20535.411023183","1265","1265","1265"
"20545.410995427","1278","1278","1278"
"20555.411940353","1328","1328","1328"
"20565.411240289","1316","1316","1316"
"20575.411670571","1278","1278","1278"
"20585.414614768","1316","1316","1316"
"20595.412005727","1316","1316","1316"
"20605.415095031","1316","1316","1316"
"20615.411363006","1278","1278","1278"
"20625.412626867","1265","1265","1265"
"20635.419225253","1278","1278","1278"
"20645.41111751","1328","1328","1328"
"20655.411253983","1328","1328","1328"
"20665.418812255","1252","1252","1252"
"20675.411854047","1316","1316","1316"
"20685.412831509","1290","1290","1290"
"20695.411118648","1316","1316","1316"
"20705.414531906","1290","1290","1290"
"20715.411295648","1303","1303","1303"
"20725.412855753","1290","1290","1290"
"20735.419676862","1278","1278","1278"
"20745.412213712","1316","1316","1316"
"20755.411781146","1328","1328","1328"
"20765.411127212","1328","1328","1328"
"20775.411900914","1278","1278","1278"
"20785.416049567","1278","1278","1278"
"20795.411668707","1278","1278","1278"
"20805.412070626","1316","1316","1316"
"20815.411440846","1328","1328","1328"
"20825.414395225","1278","1278","1278"
"20835.410903316","1328","1328","1328"
"20845.417256408","1278","1278","1278"
"20855.412080907","1316","1316","1316"
"20865.413074522","1290","1290","1290"
"20875.411786355","1265","1265","1265"
"20885.411159365","1316","1316","1316"
"20895.411858433","1328","1328","1328"
"20905.416318656","1290","1290","1290"
"20915.411312613","1278","1278","1278"
"20925.420506259","1290","1290","1290"
"20935.414798704","1290","1290","1290"
"20945.411339667","1328","1328","1328"
"20955.412692392","1278","1278","1278"
"20965.410843417","1290","1290","1290"
"20975.411485508","1316","1316","1316"
"20985.412029648","1316","1316","1316"
"20995.411048406","1290","1290","1290"
"21005.41115382","1328","1328","1328"
"21015.411174191","1316","1316","1316"
"21025.412010121","1278","1278","1278"
"21035.411531666","1328","1328","1328"
"21045.410807805","1278","1278","1278"
"21055.410907174","1328","1328","1328"
"21065.413589199","1252","1252","1252"
"21075.411154131","1290","1290","1290"
"21085.411889643","1278","1278","1278"
"21095.411926805","1316","1316","1316"
"21105.415934155","1278","1278","1278"
"21115.411561251","1328","1328","1328"
"21125.411691546","1278","1278","1278"
"21135.411664606","1278","1278","1278"
"21145.411813706","1278","1278","1278"
"21155.411716463","1290","1290","1290"
"21165.411007726","1290","1290","1290"
"21175.414131007","1328","1328","1328"
"21185.412355094","1316","1316","1316"
"21195.410958494","1278","1278","1278"
"21205.411491341","1290","1290","1290"
"21215.411144121","1278","1278","1278"
"21225.415965416","1290","1290","1290"
"21235.412002091","1278","1278","1278"
"21245.411347355","1328","1328","1328"
"21255.410797256","1278","1278","1278"
"21265.414690998","1278","1278","1278"
"21275.41143294","1328","1328","1328"
"21285.411779562","1316","1316","1316"
"21295.411261685","1316","1316","1316"
"21305.411117526","1278","1278","1278"
"21315.411817156","1278","1278","1278"
"21325.411743139","1328","1328","1328"
"21335.410923686","1316","1316","1316"
"21345.411586221","1316","1316","1316"
"21355.411100041","1278","1278","1278"
"21365.414738323","1278","1278","1278"
"21375.410958013","1290","1290","1290"
"21385.413664776","1278","1278","1278"
"21395.411742374","1328","1328","1328"
"21405.412509937","1278","1278","1278"
"21415.416779707","1278","1278","1278"
"21425.411983897","1278","1278","1278"
"21435.411504492","1316","1316","1316"
"21445.411770402","1278","1278","1278"
"21455.411731832","1316","1316","1316"
"21465.414796665","1278","1278","1278"
"21475.412425026","1328","1328","1328"
"21485.414610619","1278","1278","1278"
"21495.411737289","1328","1328","1328"
"21505.411828295","1303","1303","1303"
"21515.412289871","1278","1278","1278"
"21525.411566255","1316","1316","1316"
"21535.410959568","1328","1328","1328"
"21545.413382714","1278","1278","1278"
"21555.412409617","1316","1316","1316"
"21565.410853061","1278","1278","1278"
"21575.411662959","1316","1316","1316"
"21585.41441544","1278","1278","1278"
"21595.411163625","1328","1328","1328"
"21605.414583713","1265","1265","1265"
"21615.411029177","1328","1328","1328"
"21625.411322382","1278","1278","1278"
"21635.414531085","1303","1303","1303"
"21645.411504803","1328","1328","1328"
"21655.41170018","1328","1328","1328"
"21665.411873787","1316","1316","1316"
"21675.414143549","1316","1316","1316"
"21685.411627634","1328","1328","1328"
"21695.412628","1278","1278","1278"
"21705.411436984","1278","1278","1278"
"21715.411856421","1328","1328","1328"
"21725.412381919","1328","1328","1328"
"21735.413360233","1278","1278","1278"
"21745.413363563","1290","1290","1290"
"21755.416473772","1316","1316","1316"
"21765.412606195","1303","1303","1303"
"21775.41502054","1278","1278","1278"
"21785.413047487","1328","1328","1328"
"21795.41142496","1290","1290","1290"
"21805.411449574","1328","1328","1328"
"21815.412398965","1316","1316","1316"
"21825.412333113","1278","1278","1278"
"21835.412071517","1278","1278","1278"
"21845.412094384","1316","1316","1316"
"21855.411684957","1278","1278","1278"
"21865.411393681","1328","1328","1328"
"21875.411983804","1328","1328","1328"
"21885.420743848","1303","1303","1303"
"21895.416388958","1278","1278","1278"
"21905.41120506","1278","1278","1278"
"21915.412163033","1316","1316","1316"
"21925.416572535","1278","1278","1278"
"21935.413674203","1316","1316","1316"
"21945.410895658","1278","1278","1278"
"21955.413488925","1316","1316","1316"
"21965.415297453","1252","1252","1252"
"21975.412302389","1290","1290","1290"
"21985.411688803","1252","1252","1252"
"21995.41099758","1278","1278","1278"
"22005.411176737","1265","1265","1265"
"22015.412721314","1316","1316","1316"
"22025.411577031","1316","1316","1316"
"22035.41115759","1290","1290","1290"
"22045.412794871","1265","1265","1265"
"22055.411471331","1316","1316","1316"
"22065.411538565","1278","1278","1278"
"22075.415527924","1278","1278","1278"
"22085.411966646","1265","1265","1265"
"22095.411984464","1290","1290","1290"
"22105.412352945","1316","1316","1316"
"22115.411365395","1316","1316","1316"
"22125.411559135","1290","1290","1290"
"22135.411892921","1328","1328","1328"
"22145.411526141","1328","1328","1328"
"22155.411850268","1328","1328","1328"
"22165.411488442","1316","1316","1316"
"22175.411726331","1316","1316","1316"
"22185.411479748","1278","1278","1278"
"22195.41771005","1290","1290","1290"
"22205.415028993","1328","1328","1328"
"22215.418107443","1290","1290","1290"
"22225.411551024","1290","1290","1290"
"22235.41181597","1303","1303","1303"
"22245.411795287","1278","1278","1278"
"22255.413806954","1328","1328","1328"
"22265.411418244","1278","1278","1278"
"22275.410900863","1328","1328","1328"
"22285.413886392","1316","1316","1316"
"22295.411602212","1278","1278","1278"
"22305.411284477","1278","1278","1278"
"22315.414142447","1278","1278","1278"
"22325.411145657","1278","1278","1278"
"22335.411243103","1316","1316","1316"
"22345.411006746","1290","1290","1290"
"22355.410919939","1316","1316","1316"
"22365.411567796","1278","1278","1278"
"22375.410999082","1328","1328","1328"
"22385.411441955","1316","1316","1316"
"22395.420929948","1316","1316","1316"
"22405.414120522","1278","1278","1278"
"22415.411146886","1328","1328","1328"
"22425.410993703","1278","1278","1278"
"22435.412349014","1316","1316","1316"
"22445.41160683","1328","1328","1328"
"22455.415431298","1328","1328","1328"
"22465.41245829","1328","1328","1328"
"22475.411971777","1328","1328","1328"
"22485.413440752","1328","1328","1328"
"22495.412726073","1278","1278","1278"
"22505.412432528","1328","1328","1328"
"22515.41091563","1328","1328","1328"
"22525.411734797","1328","1328","1328"
"22535.410897348","1328","1328","1328"
"22545.41219946","1328","1328","1328"
"22555.411201847","1328","1328","1328"
"22565.411435841","1328","1328","1328"
"22575.411372067","1328","1328","1328"
"22585.411537001","1328","1328","1328"
"22595.412843188","1328","1328","1328"
"22605.411348198","1328","1328","1328"
"22615.411265835","1328","1328","1328"
"22775.411693486","1189","1189","1189"
"22785.412247218","1189","1189","1189"
"22825.411309537","1189","1189","1189"
"22895.412129727","1189","1189","1189"
"23165.410852469","1189","1189","1189"
"23175.410951642","1189","1189","1189"
"23735.411809428","1189","1189","1189"
"23745.411985866","1189","1189","1189"
"23755.413535802","1189","1189","1189"
"23765.411525562","1189","1189","1189"
"23775.411473392","1189","1189","1189"
"23785.411322184","1189","1189","1189"
"23795.414205548","1189","1189","1189"
"23805.410675285","1189","1189","1189"
"23815.411662744","1189","1189","1189"
"23825.412009404","1189","1189","1189"
"23835.411818005","1189","1189","1189"
"23845.414435924","1189","1189","1189"
"23855.413622886","1189","1189","1189"
"23865.413013182","1189","1189","1189"
"23875.412149596","1189","1189","1189"
"23885.411627594","1189","1189","1189"
"23895.410916072","1189","1189","1189"
"23905.412483719","1189","1189","1189"
"23915.411929245","1189","1189","1189"
"23925.410735442","1189","1189","1189"
"23935.411865707","1189","1189","1189"
"23945.414130796","1189","1189","1189"
"23955.422960364","1189","1189","1189"
"23965.411434901","1189","1189","1189"
"23975.415647203","1189","1189","1189"
"23985.414186618","1189","1189","1189"
"23995.415701072","1189","1189","1189"
"24005.415935807","1189","1189","1189"
"24015.413742565","1189","1189","1189"
"24025.4115708","1189","1189","1189"
"24035.410426062","1189","1189","1189"
"24185.411843267","1189","1189","1189"
"24195.411637232","1189","1189","1189"
"24205.41135783","1189","1189","1189"
"24215.411147422","1189","1189","1189"
"24225.411620244","1189","1189","1189"
"24235.411848124","1189","1189","1189"
"24365.411133672","1189","1189","1189"
"24375.41101276","1189","1189","1189"
"24385.411511192","1189","1189","1189"
"24435.411047088","1189","1189","1189"
"24445.411867952","1189","1189","1189"
"24455.411126821","1189","1189","1189"