"Relative Time (Process)","StudyAbroadGPT-7B - system/gpu.0.memory","StudyAbroadGPT-7B - system/gpu.0.memory__MIN","StudyAbroadGPT-7B - system/gpu.0.memory__MAX"
"15.425162786","0","0","0"
"25.411170905","0","0","0"
"35.41650665","0","0","0"
"45.412082953","2","2","2"
"55.411647896","10","10","10"
"65.410750028","16","16","16"
"75.411987443","10","10","10"
"85.411154126","12","12","12"
"95.413444781","11","11","11"
"105.411745891","12","12","12"
"115.41526759","11","11","11"
"125.41274821","13","13","13"
"135.411143151","10","10","10"
"145.411460307","14","14","14"
"155.411179978","14","14","14"
"165.412856815","10","10","10"
"175.411718585","14","14","14"
"185.417926847","10","10","10"
"195.416734093","11","11","11"
"205.412168924","10","10","10"
"215.412241878","13","13","13"
"225.410963416","10","10","10"
"235.410916983","11","11","11"
"245.412930809","6","6","6"
"255.413412871","10","10","10"
"265.413962464","11","11","11"
"275.411847665","15","15","15"
"285.412324095","10","10","10"
"295.411800343","12","12","12"
"305.410990462","11","11","11"
"315.411803627","10","10","10"
"325.411617658","10","10","10"
"335.411659993","11","11","11"
"345.411543407","11","11","11"
"355.413576806","10","10","10"
"365.413375701","11","11","11"
"375.411880802","9","9","9"
"385.411386865","9","9","9"
"395.411922033","12","12","12"
"405.411579238","12","12","12"
"415.413208171","10","10","10"
"425.411391685","11","11","11"
"435.420564496","11","11","11"
"445.411278326","11","11","11"
"455.41154727","9","9","9"
"465.411873358","13","13","13"
"475.411543309","9","9","9"
"485.411307525","14","14","14"
"495.414186389","11","11","11"
"505.411627115","9","9","9"
"515.411643092","12","12","12"
"525.411536543","10","10","10"
"535.411961667","11","11","11"
"545.414903766","11","11","11"
"555.411574335","11","11","11"
"565.411605238","11","11","11"
"575.411886907","11","11","11"
"585.411148157","12","12","12"
"595.411790811","10","10","10"
"605.412844287","14","14","14"
"615.410959963","9","9","9"
"625.411152162","10","10","10"
"635.41115456","8","8","8"
"645.411396866","9","9","9"
"655.411215965","11","11","11"
"665.411447617","10","10","10"
"675.411708735","10","10","10"
"685.413250269","10","10","10"
"695.415712913","15","15","15"
"705.414790098","11","11","11"
"715.416117331","10","10","10"
"725.41243373","10","10","10"
"735.412204049","11","11","11"
"745.422772159","9","9","9"
"755.41140016","12","12","12"
"765.413200131","9","9","9"
"775.411287526","11","11","11"
"785.413768296","10","10","10"
"795.414209559","11","11","11"
"805.410863026","10","10","10"
"815.418935021","12","12","12"
"825.411161662","10","10","10"
"835.411784927","12","12","12"
"845.411410987","10","10","10"
"855.411450387","12","12","12"
"865.411566001","11","11","11"
"875.411758451","11","11","11"
"885.411256187","9","9","9"
"895.413545923","9","9","9"
"905.414758753","9","9","9"
"915.414766365","13","13","13"
"925.411433485","9","9","9"
"935.416039687","10","10","10"
"945.415146133","9","9","9"
"955.411211883","10","10","10"
"965.410949956","12","12","12"
"975.411458911","13","13","13"
"985.41217042","9","9","9"
"995.410882181","12","12","12"
"1005.416159593","9","9","9"
"1015.417560419","10","10","10"
"1025.41220331","10","10","10"
"1035.412366807","13","13","13"
"1045.411945639","6","6","6"
"1055.411855749","9","9","9"
"1065.411972843","10","10","10"
"1075.414148612","10","10","10"
"1085.412118514","11","11","11"
"1095.411621803","10","10","10"
"1105.411358289","11","11","11"
"1165.411526091","0","0","0"
"1175.411280377","0","0","0"
"1185.411684127","10","10","10"
"1195.411098065","12","12","12"
"1205.411416427","16","16","16"
"1215.414845045","11","11","11"
"1225.416654044","10","10","10"
"1235.421953468","9","9","9"
"1245.412685559","10","10","10"
"1255.411782876","14","14","14"
"1265.417403917","10","10","10"
"1275.412366462","10","10","10"
"1285.412067447","10","10","10"
"1295.412269139","11","11","11"
"1305.414049776","13","13","13"
"1315.412324033","12","12","12"
"1325.411433718","12","12","12"
"1335.411620528","13","13","13"
"1345.42071848","10","10","10"
"1355.411978755","11","11","11"
"1365.411280973","12","12","12"
"1375.411685197","10","10","10"
"1385.412401337","6","6","6"
"1395.413757554","9","9","9"
"1405.415982389","10","10","10"
"1415.414811241","9","9","9"
"1425.411018948","14","14","14"
"1435.417357699","10","10","10"
"1445.412702813","10","10","10"
"1455.411861168","10","10","10"
"1465.411470573","13","13","13"
"1475.416475973","10","10","10"
"1485.411978191","10","10","10"
"1495.411225047","11","11","11"
"1505.411418593","7","7","7"
"1515.412096692","9","9","9"
"1525.411797115","10","10","10"
"1535.41215091","6","6","6"
"1545.411575285","8","8","8"
"1555.413502788","13","13","13"
"1565.411770218","9","9","9"
"1575.411377596","11","11","11"
"1585.413201754","15","15","15"
"1595.41208573","10","10","10"
"1605.411505287","10","10","10"
"1615.41119377","12","12","12"
"1625.414853191","11","11","11"
"1635.411561774","9","9","9"
"1645.411175304","10","10","10"
"1655.414889588","10","10","10"
"1665.412189542","10","10","10"
"1675.411589644","10","10","10"
"1685.411341906","12","12","12"
"1695.41133584","9","9","9"
"1705.411849433","14","14","14"
"1715.411816956","8","8","8"
"1725.411594798","10","10","10"
"1735.411436234","11","11","11"
"1745.412907621","10","10","10"
"1755.412017972","10","10","10"
"1765.412928491","7","7","7"
"1775.411452888","9","9","9"
"1785.41129968","10","10","10"
"1795.411356581","11","11","11"
"1805.41169315","13","13","13"
"1815.412798172","11","11","11"
"1825.411378939","16","16","16"
"1835.411087002","11","11","11"
"1845.415328485","9","9","9"
"1855.412131859","11","11","11"
"1865.411642772","11","11","11"
"1875.411685599","13","13","13"
"1885.415151084","13","13","13"
"1895.410943346","11","11","11"
"1905.411863177","9","9","9"
"1915.414444999","12","12","12"
"1925.411661817","11","11","11"
"1935.411822146","10","10","10"
"1945.410928452","12","12","12"
"1955.411954203","10","10","10"
"1965.411688597","11","11","11"
"1975.411296676","11","11","11"
"1985.411615627","11","11","11"
"1995.411671586","11","11","11"
"2005.411340933","13","13","13"
"2015.411535953","10","10","10"
"2025.419728547","9","9","9"
"2035.416590021","9","9","9"
"2045.410984659","11","11","11"
"2055.410947966","10","10","10"
"2065.417816842","12","12","12"
"2075.41819205","10","10","10"
"2085.411611926","10","10","10"
"2095.412664482","14","14","14"
"2105.413740336","10","10","10"
"2115.412671575","9","9","9"
"2125.411266492","10","10","10"
"2135.412028954","13","13","13"
"2145.412587752","13","13","13"
"2155.416712195","11","11","11"
"2165.411165136","13","13","13"
"2175.411513244","11","11","11"
"2185.412031306","7","7","7"
"2195.410952215","10","10","10"
"2205.411903602","10","10","10"
"2215.414278402","11","11","11"
"2225.412007559","10","10","10"
"2235.411102679","11","11","11"
"2245.411622578","9","9","9"
"2255.418894774","14","14","14"
"2265.414956628","14","14","14"
"2275.41184301","11","11","11"
"2285.410963977","10","10","10"
"2295.412530662","13","13","13"
"2305.412772184","10","10","10"
"2315.411893112","10","10","10"
"2325.412098662","10","10","10"
"2335.411781539","13","13","13"
"2345.413673703","12","12","12"
"2355.411483871","10","10","10"
"2365.414724332","12","12","12"
"2375.411127442","7","7","7"
"2385.412079876","11","11","11"
"2395.413505507","13","13","13"
"2405.411173636","13","13","13"
"2415.411728608","13","13","13"
"2425.41421959","11","11","11"
"2435.411555875","11","11","11"
"2445.412270359","12","12","12"
"2455.415381257","13","13","13"
"2465.411972076","9","9","9"
"2475.411609934","11","11","11"
"2485.420319276","10","10","10"
"2495.412461321","14","14","14"
"2505.411227115","9","9","9"
"2515.412221748","11","11","11"
"2525.41166809","9","9","9"
"2535.411933454","11","11","11"
"2545.411108089","9","9","9"
"2555.415908782","10","10","10"
"2565.41164305","9","9","9"
"2575.411383217","11","11","11"
"2585.411887438","13","13","13"
"2595.411575131","12","12","12"
"2605.412543687","10","10","10"
"2615.412879141","11","11","11"
"2625.412219673","11","11","11"
"2635.415326391","13","13","13"
"2645.412669842","11","11","11"
"2655.414269862","12","12","12"
"2665.411804598","9","9","9"
"2675.412909718","11","11","11"
"2685.41492717","10","10","10"
"2695.415691622","10","10","10"
"2705.411692869","11","11","11"
"2715.417262523","14","14","14"
"2725.411737993","10","10","10"
"2735.416437092","11","11","11"
"2745.412202607","15","15","15"
"2755.412723218","11","11","11"
"2765.413595791","14","14","14"
"2775.411016321","11","11","11"
"2785.412239832","10","10","10"
"2795.412653782","10","10","10"
"2805.41127622","10","10","10"
"2815.411299777","9","9","9"
"2825.414858823","13","13","13"
"2835.411694564","10","10","10"
"2845.410824718","13","13","13"
"2855.411135127","9","9","9"
"2865.413289655","11","11","11"
"2875.411754195","10","10","10"
"2885.411952961","13","13","13"
"2895.410986276","10","10","10"
"2905.418403418","11","11","11"
"2915.414726061","10","10","10"
"2925.412528514","13","13","13"
"2935.411922667","10","10","10"
"2945.411438928","10","10","10"
"2955.419458695","10","10","10"
"2965.41245981","14","14","14"
"2975.411159761","9","9","9"
"2985.4129458","10","10","10"
"2995.411836221","11","11","11"
"3005.411503274","9","9","9"
"3015.41202553","14","14","14"
"3025.412129055","7","7","7"
"3035.41113689","9","9","9"
"3045.412566135","11","11","11"
"3055.41143894","11","11","11"
"3065.41114961","14","14","14"
"3075.411812485","11","11","11"
"3085.411781058","11","11","11"
"3095.411323811","11","11","11"
"3105.413356756","10","10","10"
"3115.411721513","13","13","13"
"3125.411144028","10","10","10"
"3135.410916046","11","11","11"
"3145.412565269","13","13","13"
"3155.411772288","13","13","13"
"3165.41139911","11","11","11"
"3175.411626393","12","12","12"
"3185.415291662","13","13","13"
"3195.418259217","10","10","10"
"3205.413663598","13","13","13"
"3215.411990932","10","10","10"
"3225.415938272","14","14","14"
"3235.414777553","10","10","10"
"3245.412894779","11","11","11"
"3255.412327642","13","13","13"
"3265.416183394","12","12","12"
"3275.415586583","11","11","11"
"3285.411374381","13","13","13"
"3295.411724031","7","7","7"
"3305.415908253","11","11","11"
"3315.411827801","11","11","11"
"3325.412928082","9","9","9"
"3335.412504007","12","12","12"
"3345.411899448","11","11","11"
"3355.415283073","12","12","12"
"3365.412171197","10","10","10"
"3375.411887322","12","12","12"
"3385.415729345","10","10","10"
"3395.413464974","12","12","12"
"3405.411836476","10","10","10"
"3415.411663239","11","11","11"
"3425.413046437","10","10","10"
"3435.41222471","11","11","11"
"3445.41202448","12","12","12"
"3455.411501937","10","10","10"
"3465.411740223","12","12","12"
"3475.414189522","13","13","13"
"3485.411418823","13","13","13"
"3495.412666936","11","11","11"
"3505.414221256","9","9","9"
"3515.412248484","11","11","11"
"3525.411449694","10","10","10"
"3535.412392024","11","11","11"
"3545.412229875","10","10","10"
"3555.411300369","10","10","10"
"3565.415825152","10","10","10"
"3575.410949271","14","14","14"
"3585.412363193","11","11","11"
"3595.411394325","13","13","13"
"3605.411601172","11","11","11"
"3615.415986935","10","10","10"
"3625.411864321","9","9","9"
"3635.411411223","10","10","10"
"3645.412200551","11","11","11"
"3655.41381964","11","11","11"
"3665.4120409","13","13","13"
"3675.411426767","10","10","10"
"3685.41247843","11","11","11"
"3695.41121119","13","13","13"
"3705.414031439","10","10","10"
"3715.411874095","14","14","14"
"3725.411789728","6","6","6"
"3735.411520204","9","9","9"
"3745.41126627","14","14","14"
"3755.411623597","13","13","13"
"3765.412567579","11","11","11"
"3775.4123153","10","10","10"
"3785.41610154","10","10","10"
"3795.411575585","10","10","10"
"3805.411674456","12","12","12"
"3815.414091634","10","10","10"
"3825.411660241","13","13","13"
"3835.411720595","9","9","9"
"3845.411603942","10","10","10"
"3855.411410609","10","10","10"
"3865.412122833","11","11","11"
"3875.411448973","10","10","10"
"3885.411172585","13","13","13"
"3895.412336278","11","11","11"
"3905.411326343","13","13","13"
"3915.411600168","10","10","10"
"3925.411138106","12","12","12"
"3935.414650514","10","10","10"
"3945.411224131","11","11","11"
"3955.411527363","9","9","9"
"3965.411134542","11","11","11"
"3975.411738568","11","11","11"
"3985.411737955","11","11","11"
"3995.411733064","10","10","10"
"4005.411638418","9","9","9"
"4015.411785785","11","11","11"
"4025.416441103","10","10","10"
"4035.412585433","10","10","10"
"4045.411685431","10","10","10"
"4055.411179653","14","14","14"
"4065.411197727","10","10","10"
"4075.412704652","10","10","10"
"4085.411683538","10","10","10"
"4095.416198941","12","12","12"
"4105.412114284","12","12","12"
"4115.411753024","11","11","11"
"4125.411903796","10","10","10"
"4135.411431945","11","11","11"
"4145.414139948","10","10","10"
"4155.414993476","10","10","10"
"4165.411279047","11","11","11"
"4175.41092232","10","10","10"
"4185.411775702","10","10","10"
"4195.411983621","14","14","14"
"4205.411901324","10","10","10"
"4215.412958295","12","12","12"
"4225.411759082","10","10","10"
"4235.414241777","11","11","11"
"4245.411837143","10","10","10"
"4255.412181322","12","12","12"
"4265.411068585","10","10","10"
"4275.414172243","13","13","13"
"4285.412727077","12","12","12"
"4295.412047745","11","11","11"
"4305.412316981","11","11","11"
"4315.410896534","10","10","10"
"4325.411141583","12","12","12"
"4335.411796243","11","11","11"
"4345.414026569","11","11","11"
"4355.411444373","9","9","9"
"4365.412180272","10","10","10"
"4375.415355515","10","10","10"
"4385.410981157","11","11","11"
"4395.411910005","6","6","6"
"4405.411313303","9","9","9"
"4415.412789567","11","11","11"
"4425.411631902","12","12","12"
"4435.411403519","11","11","11"
"4445.411445977","12","12","12"
"4455.410982678","10","10","10"
"4465.411938311","13","13","13"
"4475.416395645","11","11","11"
"4485.411582772","11","11","11"
"4495.41144944","11","11","11"
"4505.411692229","9","9","9"
"4515.411985858","10","10","10"
"4525.412561691","13","13","13"
"4535.411802924","10","10","10"
"4545.412233711","11","11","11"
"4555.411343626","12","12","12"
"4565.417542099","10","10","10"
"4575.414976976","10","10","10"
"4585.411935821","10","10","10"
"4595.41091824","10","10","10"
"4605.411597997","13","13","13"
"4615.415628076","12","12","12"
"4625.411628074","14","14","14"
"4635.417137778","11","11","11"
"4645.411522476","11","11","11"
"4655.411107846","12","12","12"
"4665.411556531","10","10","10"
"4675.415020139","11","11","11"
"4685.412048616","11","11","11"
"4695.410947429","12","12","12"
"4705.414130225","10","10","10"
"4715.411427952","12","12","12"
"4725.412731143","9","9","9"
"4735.411486408","10","10","10"
"4745.414613794","14","14","14"
"4755.411465772","10","10","10"
"4765.417970233","11","11","11"
"4775.418225195","10","10","10"
"4785.4125644","11","11","11"
"4795.411198539","10","10","10"
"4805.410995006","11","11","11"
"4815.417311036","11","11","11"
"4825.411859034","10","10","10"
"4835.412154757","11","11","11"
"4845.412242882","10","10","10"
"4855.411421882","10","10","10"
"4865.410760101","10","10","10"
"4875.411271798","13","13","13"
"4885.411845216","8","8","8"
"4895.411696467","9","9","9"
"4905.411156044","10","10","10"
"4915.411613157","14","14","14"
"4925.412454119","9","9","9"
"4935.41094946","10","10","10"
"4945.411097451","15","15","15"
"4955.411075622","11","11","11"
"4965.412198008","11","11","11"
"4975.415365615","9","9","9"
"4985.413327206","13","13","13"
"4995.410899753","10","10","10"
"5005.412497238","10","10","10"
"5015.415762986","10","10","10"
"5025.415778945","13","13","13"
"5035.412575305","8","8","8"
"5045.411197361","10","10","10"
"5055.417270607","11","11","11"
"5065.41254392","12","12","12"
"5075.411879732","10","10","10"
"5085.412316808","10","10","10"
"5095.413861218","11","11","11"
"5105.416465378","10","10","10"
"5115.412833804","10","10","10"
"5125.413131234","14","14","14"
"5135.411910132","10","10","10"
"5145.411282997","11","11","11"
"5155.411852133","10","10","10"
"5165.412187957","11","11","11"
"5175.411423852","9","9","9"
"5185.411780484","11","11","11"
"5195.411876483","10","10","10"
"5205.411728005","15","15","15"
"5215.410897451","12","12","12"
"5225.418901019","14","14","14"
"5235.411601852","9","9","9"
"5245.412196396","11","11","11"
"5255.41341614","9","9","9"
"5265.410942662","14","14","14"
"5275.412392525","14","14","14"
"5285.412361137","11","11","11"
"5295.411828667","10","10","10"
"5305.413166232","11","11","11"
"5315.411453526","10","10","10"
"5325.412625452","15","15","15"
"5335.411909625","10","10","10"
"5345.411741492","12","12","12"
"5355.411398135","11","11","11"
"5365.411649297","9","9","9"
"5375.411434836","9","9","9"
"5385.418016377","10","10","10"
"5395.411334014","14","14","14"
"5405.413813352","12","12","12"
"5415.411733599","10","10","10"
"5425.420727213","11","11","11"
"5435.4114517","9","9","9"
"5445.412683613","15","15","15"
"5455.41219522","10","10","10"
"5465.411952708","10","10","10"
"5475.416679485","12","12","12"
"5485.411533177","15","15","15"
"5495.41327887","9","9","9"
"5505.411426212","11","11","11"
"5515.412216785","10","10","10"
"5525.411577782","11","11","11"
"5535.412939855","8","8","8"
"5545.410899582","9","9","9"
"5555.41386251","12","12","12"
"5565.412568081","10","10","10"
"5575.411995721","11","11","11"
"5585.413962998","9","9","9"
"5595.412749419","11","11","11"
"5605.411272615","11","11","11"
"5615.415209118","11","11","11"
"5625.42277779","10","10","10"
"5635.414624362","11","11","11"
"5645.411048182","11","11","11"
"5655.412284789","10","10","10"
"5665.411319653","10","10","10"
"5675.411776056","13","13","13"
"5685.412801151","10","10","10"
"5695.411079259","11","11","11"
"5705.412101938","8","8","8"
"5715.411631286","9","9","9"
"5725.416782814","12","12","12"
"5735.411292024","13","13","13"
"5745.41214693","12","12","12"
"5755.412486179","11","11","11"
"5765.411470871","10","10","10"
"5775.414051854","10","10","10"
"5785.412592758","11","11","11"
"5795.411126976","9","9","9"
"5805.412426518","10","10","10"
"5815.413858624","10","10","10"
"5825.419230085","13","13","13"
"5835.41283342","14","14","14"
"5845.411376084","10","10","10"
"5855.414410676","11","11","11"
"5865.415347797","10","10","10"
"5875.412254094","11","11","11"
"5885.415112073","6","6","6"
"5895.411499385","10","10","10"
"5905.411079253","13","13","13"
"5915.411417224","8","8","8"
"5925.412710795","11","11","11"
"5935.412456254","10","10","10"
"5945.410947866","13","13","13"
"5955.411235643","14","14","14"
"5965.416361704","13","13","13"
"5975.410777359","10","10","10"
"5985.411006392","14","14","14"
"5995.41181754","10","10","10"
"6005.412070937","11","11","11"
"6015.411909619","10","10","10"
"6025.413377131","12","12","12"
"6035.411676401","10","10","10"
"6045.410853619","12","12","12"
"6055.41190972","11","11","11"
"6065.412305462","11","11","11"
"6075.423772725","10","10","10"
"6085.411243386","10","10","10"
"6095.411784284","15","15","15"
"6105.411341676","13","13","13"
"6115.411651614","11","11","11"
"6125.411677638","14","14","14"
"6135.411516478","11","11","11"
"6145.411421422","11","11","11"
"6155.41355591","14","14","14"
"6165.412135057","10","10","10"
"6175.411787945","12","12","12"
"6185.415005784","13","13","13"
"6195.411557255","11","11","11"
"6205.411214593","14","14","14"
"6215.411932127","10","10","10"
"6225.417741847","12","12","12"
"6235.413190352","9","9","9"
"6245.411644422","14","14","14"
"6255.411667831","10","10","10"
"6265.412938382","11","11","11"
"6275.411980022","9","9","9"
"6285.41162377","11","11","11"
"6295.413141969","15","15","15"
"6305.41214119","13","13","13"
"6315.411573872","11","11","11"
"6325.41235574","13","13","13"
"6335.411625455","10","10","10"
"6345.418116037","11","11","11"
"6355.415880673","10","10","10"
"6365.410776369","11","11","11"
"6375.411448498","10","10","10"
"6385.420605084","11","11","11"
"6395.413899981","10","10","10"
"6405.411811119","10","10","10"
"6415.414862011","12","12","12"
"6425.411411491","10","10","10"
"6435.411152785","11","11","11"
"6445.411743661","11","11","11"
"6455.411372979","8","8","8"
"6465.411605788","12","12","12"
"6475.411836944","12","12","12"
"6485.411213628","11","11","11"
"6495.415892002","12","12","12"
"6505.411350388","11","11","11"
"6515.411723232","12","12","12"
"6525.414254905","10","10","10"
"6535.413709337","9","9","9"
"6545.412772404","10","10","10"
"6555.411687865","8","8","8"
"6565.411246657","9","9","9"
"6575.411448231","15","15","15"
"6585.412792487","12","12","12"
"6595.414748994","9","9","9"
"6605.412676028","14","14","14"
"6615.412675827","11","11","11"
"6625.416235341","13","13","13"
"6635.411263427","11","11","11"
"6645.411835355","11","11","11"
"6655.412236447","11","11","11"
"6665.411761764","11","11","11"
"6675.417607684","14","14","14"
"6685.41166645","14","14","14"
"6695.411712261","10","10","10"
"6705.411005731","13","13","13"
"6715.412565232","11","11","11"
"6725.412787554","11","11","11"
"6735.416417804","10","10","10"
"6745.415216505","11","11","11"
"6755.411204199","9","9","9"
"6765.411202966","12","12","12"
"6775.411068108","14","14","14"
"6785.411322115","11","11","11"
"6795.411360875","12","12","12"
"6805.411529686","14","14","14"
"6815.414144215","10","10","10"
"6825.411785617","9","9","9"
"6835.412175223","11","11","11"
"6845.415324455","15","15","15"
"6855.411459023","12","12","12"
"6865.411381799","10","10","10"
"6875.411450242","12","12","12"
"6885.411733604","14","14","14"
"6895.413631836","11","11","11"
"6905.41220331","11","11","11"
"6915.411367127","10","10","10"
"6925.410833943","11","11","11"
"6935.41803182","11","11","11"
"6945.412048688","10","10","10"
"6955.411623089","16","16","16"
"6965.413185372","11","11","11"
"6975.412107328","11","11","11"
"6985.411434455","13","13","13"
"6995.410864401","10","10","10"
"7005.412443357","10","10","10"
"7015.411427426","12","12","12"
"7025.41210309","11","11","11"
"7035.419625844","14","14","14"
"7045.411399343","12","12","12"
"7055.415930159","12","12","12"
"7065.41183735","13","13","13"
"7075.411509628","11","11","11"
"7085.411428785","11","11","11"
"7095.411191609","11","11","11"
"7105.41104051","10","10","10"
"7115.41147993","14","14","14"
"7125.411825987","11","11","11"
"7135.411696187","10","10","10"
"7145.411368681","10","10","10"
"7155.4117383","12","12","12"
"7165.411690041","10","10","10"
"7175.416513409","11","11","11"
"7185.411794059","10","10","10"
"7195.412335592","12","12","12"
"7205.411831509","10","10","10"
"7215.412346908","10","10","10"
"7225.415303533","9","9","9"
"7235.412866385","14","14","14"
"7245.412006662","9","9","9"
"7255.411298817","10","10","10"
"7265.4117241","10","10","10"
"7275.410917156","12","12","12"
"7285.412436295","10","10","10"
"7295.411912065","10","10","10"
"7305.411876876","11","11","11"
"7315.411560071","11","11","11"
"7325.411895999","11","11","11"
"7335.411633473","11","11","11"
"7345.412173522","10","10","10"
"7355.411106465","14","14","14"
"7365.411327138","9","9","9"
"7375.413843476","10","10","10"
"7385.411946143","11","11","11"
"7395.412888164","14","14","14"
"7405.412625601","9","9","9"
"7415.412719441","9","9","9"
"7425.411336143","10","10","10"
"7435.413130826","11","11","11"
"7445.411457531","9","9","9"
"7455.411512456","8","8","8"
"7465.414218143","9","9","9"
"7475.411607068","12","12","12"
"7485.411280781","9","9","9"
"7495.411382658","12","12","12"
"7505.411700461","7","7","7"
"7515.412408728","10","10","10"
"7525.411258861","12","12","12"
"7535.411417441","10","10","10"
"7545.411048589","10","10","10"
"7555.412241979","9","9","9"
"7565.412256608","10","10","10"
"7575.411906601","14","14","14"
"7585.412449584","11","11","11"
"7595.411447388","10","10","10"
"7605.414672165","13","13","13"
"7615.413399657","9","9","9"
"7625.412545189","10","10","10"
"7635.41557482","12","12","12"
"7645.414348086","11","11","11"
"7655.413136764","9","9","9"
"7665.410798322","11","11","11"
"7675.410886306","10","10","10"
"7685.416125315","11","11","11"
"7695.412294658","8","8","8"
"7705.410853312","9","9","9"
"7715.41142571","9","9","9"
"7725.413213106","9","9","9"
"7735.411717404","15","15","15"
"7745.411833064","11","11","11"
"7755.411779191","10","10","10"
"7765.41184969","10","10","10"
"7775.413807674","10","10","10"
"7785.411687533","11","11","11"
"7795.412236667","12","12","12"
"7805.41168768","10","10","10"
"7815.415570248","12","12","12"
"7825.413615468","12","12","12"
"7835.411497063","12","12","12"
"7845.412361314","11","11","11"
"7855.411014664","10","10","10"
"7865.412445862","11","11","11"
"7875.411252928","10","10","10"
"7885.410986581","11","11","11"
"7895.414295333","10","10","10"
"7905.414170497","14","14","14"
"7915.41139238","10","10","10"
"7925.416415274","11","11","11"
"7935.411765366","10","10","10"
"7945.414294694","11","11","11"
"7955.414652241","12","12","12"
"7965.411041643","10","10","10"
"7975.411325222","11","11","11"
"7985.416624729","9","9","9"
"7995.414535419","11","11","11"
"8005.411576351","11","11","11"
"8015.413032309","12","12","12"
"8025.411588827","10","10","10"
"8035.416859308","11","11","11"
"8045.411701037","10","10","10"
"8055.412420561","13","13","13"
"8065.412158941","10","10","10"
"8075.412423025","10","10","10"
"8085.418446892","11","11","11"
"8095.411314387","10","10","10"
"8105.4155639","13","13","13"
"8115.414093514","10","10","10"
"8125.411886567","11","11","11"
"8135.410859157","10","10","10"
"8145.415673522","11","11","11"
"8155.412759315","8","8","8"
"8165.411234652","12","12","12"
"8175.411925313","10","10","10"
"8185.413569796","12","12","12"
"8195.411776841","11","11","11"
"8205.416342219","10","10","10"
"8215.411248706","11","11","11"
"8225.411947861","13","13","13"
"8235.411797533","13","13","13"
"8245.412213082","10","10","10"
"8255.412224219","12","12","12"
"8265.411098695","8","8","8"
"8275.411443934","10","10","10"
"8285.412239287","12","12","12"
"8295.412050465","10","10","10"
"8305.411856865","10","10","10"
"8315.416549274","10","10","10"
"8325.412105997","11","11","11"
"8335.411138065","10","10","10"
"8345.411598525","11","11","11"
"8355.411294741","11","11","11"
"8365.411464787","10","10","10"
"8375.413021901","12","12","12"
"8385.411708713","9","9","9"
"8395.411462211","13","13","13"
"8405.417415513","11","11","11"
"8415.413142439","11","11","11"
"8425.411938471","13","13","13"
"8435.414227643","11","11","11"
"8445.411174097","12","12","12"
"8455.419267463","9","9","9"
"8465.411260479","11","11","11"
"8475.411243994","11","11","11"
"8485.411709332","11","11","11"
"8495.419633624","11","11","11"
"8505.411948464","15","15","15"
"8515.411644413","11","11","11"
"8525.411198213","11","11","11"
"8535.411918489","12","12","12"
"8545.412198099","13","13","13"
"8555.413325685","9","9","9"
"8565.411727634","11","11","11"
"8575.411193578","16","16","16"
"8585.411909355","11","11","11"
"8595.415168248","13","13","13"
"8605.411580904","8","8","8"
"8615.410890485","8","8","8"
"8625.411589935","11","11","11"
"8635.410986092","13","13","13"
"8645.410963826","12","12","12"
"8655.415330927","10","10","10"
"8665.412265789","13","13","13"
"8675.415963643","10","10","10"
"8685.411135643","10","10","10"
"8695.411977163","12","12","12"
"8705.411701469","12","12","12"
"8715.414989032","11","11","11"
"8725.413671391","13","13","13"
"8735.411950973","11","11","11"
"8745.420402003","9","9","9"
"8755.412885201","13","13","13"
"8765.4110916","8","8","8"
"8775.411341589","9","9","9"
"8785.410864959","10","10","10"
"8795.416774009","12","12","12"
"8805.4116846","10","10","10"
"8815.411653838","12","12","12"
"8825.411435601","17","17","17"
"8835.412579621","10","10","10"
"8845.411558524","11","11","11"
"8855.414882364","13","13","13"
"8865.415814538","9","9","9"
"8875.41196801","10","10","10"
"8885.411297795","10","10","10"
"8895.413409901","11","11","11"
"8905.411681586","10","10","10"
"8915.411824869","13","13","13"
"8925.41188914","11","11","11"
"8935.411015052","13","13","13"
"8945.411812489","12","12","12"
"8955.41542505","10","10","10"
"8965.414522883","11","11","11"
"8975.411463876","11","11","11"
"8985.412053437","8","8","8"
"8995.412824909","11","11","11"
"9005.41178688","13","13","13"
"9015.412437497","9","9","9"
"9025.411839677","10","10","10"
"9035.410909569","11","11","11"
"9045.411417581","11","11","11"
"9055.412315899","14","14","14"
"9065.419968982","10","10","10"
"9075.417759846","9","9","9"
"9085.411040067","13","13","13"
"9095.411957167","10","10","10"
"9105.412312482","14","14","14"
"9115.412670115","7","7","7"
"9125.411352784","7","7","7"
"9135.4111428","12","12","12"
"9145.412128087","6","6","6"
"9155.411491496","10","10","10"
"9165.411540977","11","11","11"
"9175.41341153","10","10","10"
"9185.418483039","13","13","13"
"9195.410967492","10","10","10"
"9205.411211147","12","12","12"
"9215.41552917","10","10","10"
"9225.414264696","10","10","10"
"9235.412021879","10","10","10"
"9245.411822092","11","11","11"
"9255.413920857","9","9","9"
"9265.412511333","11","11","11"
"9275.412396718","10","10","10"
"9285.411278201","13","13","13"
"9295.415848517","10","10","10"
"9305.410961338","13","13","13"
"9315.414792759","9","9","9"
"9325.411575976","13","13","13"
"9335.411493905","6","6","6"
"9345.412135457","9","9","9"
"9355.411739228","11","11","11"
"9365.411520523","14","14","14"
"9375.412434257","10","10","10"
"9385.411740795","13","13","13"
"9395.413397261","10","10","10"
"9405.411853568","10","10","10"
"9415.416343248","11","11","11"
"9425.411692852","14","14","14"
"9435.412738042","11","11","11"
"9445.411544223","10","10","10"
"9455.412603446","10","10","10"
"9465.411458015","9","9","9"
"9475.413944247","11","11","11"
"9485.412220502","10","10","10"
"9495.411876868","11","11","11"
"9505.411735335","11","11","11"
"9515.413351091","11","11","11"
"9525.413980204","10","10","10"
"9535.411357884","13","13","13"
"9545.411828414","9","9","9"
"9555.415567845","10","10","10"
"9565.411942131","10","10","10"
"9575.411520012","10","10","10"
"9585.413928662","11","11","11"
"9595.41644865","11","11","11"
"9605.411824638","11","11","11"
"9615.411106633","11","11","11"
"9625.411227322","11","11","11"
"9635.414800986","10","10","10"
"9645.411925331","12","12","12"
"9655.411893869","10","10","10"
"9665.415911562","12","12","12"
"9675.415139869","10","10","10"
"9685.413179519","11","11","11"
"9695.411113059","11","11","11"
"9705.419333847","13","13","13"
"9715.414174309","10","10","10"
"9725.411747687","11","11","11"
"9735.411996849","9","9","9"
"9745.413598405","15","15","15"
"9755.411573072","10","10","10"
"9765.411014431","13","13","13"
"9775.411439138","10","10","10"
"9785.411877847","13","13","13"
"9795.411573961","7","7","7"
"9805.412863962","9","9","9"
"9815.412022469","10","10","10"
"9825.411475212","11","11","11"
"9835.41192085","11","11","11"
"9845.411710799","10","10","10"
"9855.411417228","10","10","10"
"9865.411919018","13","13","13"
"9875.411482605","9","9","9"
"9885.414977426","11","11","11"
"9895.412788114","15","15","15"
"9905.416602883","14","14","14"
"9915.411612635","10","10","10"
"9925.411038782","12","12","12"
"9935.416323601","9","9","9"
"9945.412322514","10","10","10"
"9955.411516272","9","9","9"
"9965.41188992","8","8","8"
"9975.411433873","11","11","11"
"9985.411440342","12","12","12"
"9995.411557189","11","11","11"
"10005.41497429","10","10","10"
"10015.413472695","9","9","9"
"10025.415502334","11","11","11"
"10035.411100009","10","10","10"
"10045.411791741","13","13","13"
"10055.412251889","11","11","11"
"10065.411713313","11","11","11"
"10075.411662917","10","10","10"
"10085.411802445","14","14","14"
"10095.411518025","9","9","9"
"10105.411019772","11","11","11"
"10115.412121134","11","11","11"
"10125.411660218","9","9","9"
"10135.411407263","12","12","12"
"10145.41764225","11","11","11"
"10155.416434492","11","11","11"
"10165.415733484","11","11","11"
"10175.41237326","14","14","14"
"10185.411201846","14","14","14"
"10195.412034","11","11","11"
"10205.411608996","14","14","14"
"10215.412889079","19","19","19"
"10225.414468489","10","10","10"
"10235.411350868","11","11","11"
"10245.411872358","10","10","10"
"10255.410888814","11","11","11"
"10265.411602472","10","10","10"
"10275.41429325","11","11","11"
"10285.411732181","9","9","9"
"10295.411158918","12","12","12"
"10305.411473582","10","10","10"
"10315.411353641","11","11","11"
"10325.411306633","11","11","11"
"10335.414227834","10","10","10"
"10345.412219529","10","10","10"
"10355.411589748","14","14","14"
"10365.411577788","10","10","10"
"10375.411048922","12","12","12"
"10385.410940941","10","10","10"
"10395.413496121","12","12","12"
"10405.412670575","10","10","10"
"10415.4118349","11","11","11"
"10425.411512607","10","10","10"
"10435.411977136","10","10","10"
"10445.411938515","11","11","11"
"10455.414731835","9","9","9"
"10465.411931301","12","12","12"
"10475.413109947","12","12","12"
"10485.411158019","11","11","11"
"10495.418882854","15","15","15"
"10505.41143518","10","10","10"
"10515.411007857","10","10","10"
"10525.412104487","10","10","10"
"10535.418389249","13","13","13"
"10545.412021829","10","10","10"
"10555.413159223","9","9","9"
"10565.411697707","15","15","15"
"10575.412230851","10","10","10"
"10585.411871941","10","10","10"
"10595.412833172","10","10","10"
"10605.411677812","14","14","14"
"10615.411744091","10","10","10"
"10625.410916154","13","13","13"
"10635.414267995","10","10","10"
"10645.411265685","14","14","14"
"10655.411359603","10","10","10"
"10665.411166761","12","12","12"
"10675.411731404","11","11","11"
"10685.41223705","14","14","14"
"10695.411625838","10","10","10"
"10705.412120439","10","10","10"
"10715.412341459","15","15","15"
"10725.411776606","13","13","13"
"10735.416916819","10","10","10"
"10745.411335014","10","10","10"
"10755.411686724","9","9","9"
"10765.413301716","11","11","11"
"10775.411569438","10","10","10"
"10785.411029332","13","13","13"
"10795.413426805","10","10","10"
"10805.410921191","11","11","11"
"10815.417175335","10","10","10"
"10825.414135193","11","11","11"
"10835.414944075","10","10","10"
"10845.412162128","11","11","11"
"10855.413933298","7","7","7"
"10865.4109623","7","7","7"
"10875.412397348","10","10","10"
"10885.412677909","11","11","11"
"10895.421042681","10","10","10"
"10905.411742305","10","10","10"
"10915.411797077","11","11","11"
"10925.41144593","10","10","10"
"10935.413415778","14","14","14"
"10945.411746102","9","9","9"
"10955.411949694","10","10","10"
"10965.411224206","11","11","11"
"10975.413087847","13","13","13"
"10985.410801581","8","8","8"
"10995.414729985","9","9","9"
"11005.411699617","11","11","11"
"11015.411012922","10","10","10"
"11025.411205973","13","13","13"
"11035.414558836","13","13","13"
"11045.413600007","12","12","12"
"11055.413049688","10","10","10"
"11065.412674818","14","14","14"
"11075.411084045","11","11","11"
"11085.410843959","13","13","13"
"11095.413044334","11","11","11"
"11105.41240184","14","14","14"
"11115.411901975","10","10","10"
"11125.411345163","10","10","10"
"11135.414510556","12","12","12"
"11145.411611429","11","11","11"
"11155.411140066","11","11","11"
"11165.41634564","11","11","11"
"11175.415983425","12","12","12"
"11185.411646053","8","8","8"
"11195.411436011","11","11","11"
"11205.411527159","10","10","10"
"11215.41156479","16","16","16"
"11225.411169588","10","10","10"
"11235.41064321","13","13","13"
"11245.411682144","11","11","11"
"11255.412230613","13","13","13"
"11265.41203481","13","13","13"
"11275.411246063","14","14","14"
"11285.412556145","14","14","14"
"11295.411892367","11","11","11"
"11305.411187851","9","9","9"
"11315.413968415","10","10","10"
"11325.410849662","10","10","10"
"11335.411278914","13","13","13"
"11345.411558051","10","10","10"
"11355.411353889","11","11","11"
"11365.411534218","8","8","8"
"11375.412252958","6","6","6"
"11385.413301833","7","7","7"
"11395.41241853","9","9","9"
"11405.411302055","9","9","9"
"11415.419275469","9","9","9"
"11425.411262523","14","14","14"
"11435.411646802","9","9","9"
"11445.411414863","11","11","11"
"11455.411597042","13","13","13"
"11465.411272806","10","10","10"
"11475.41175865","12","12","12"
"11485.412340491","14","14","14"
"11495.41750397","14","14","14"
"11505.412180197","10","10","10"
"11515.412408937","14","14","14"
"11525.411070445","10","10","10"
"11535.410871737","13","13","13"
"11545.413106512","11","11","11"
"11555.411597142","14","14","14"
"11565.411590392","10","10","10"
"11575.411504354","13","13","13"
"11585.416489106","10","10","10"
"11595.412025994","11","11","11"
"11605.412595358","10","10","10"
"11615.411677729","10","10","10"
"11625.41097465","11","11","11"
"11635.411443459","11","11","11"
"11645.410634247","11","11","11"
"11655.412638387","10","10","10"
"11665.41179934","11","11","11"
"11675.4118183","10","10","10"
"11685.411333374","12","12","12"
"11695.412166093","11","11","11"
"11705.411651329","14","14","14"
"11715.414618222","12","12","12"
"11725.411733376","12","12","12"
"11735.411420389","11","11","11"
"11745.412574193","9","9","9"
"11755.412325205","11","11","11"
"11765.412268177","11","11","11"
"11775.411222619","9","9","9"
"11785.411332948","10","10","10"
"11795.414849294","11","11","11"
"11805.412749306","13","13","13"
"11815.410985546","10","10","10"
"11825.410824394","13","13","13"
"11835.412277461","10","10","10"
"11845.411427993","12","12","12"
"11855.41244567","11","11","11"
"11865.412430048","12","12","12"
"11875.411640663","10","10","10"
"11885.412587152","13","13","13"
"11895.411188356","11","11","11"
"11905.411630995","10","10","10"
"11915.41366728","10","10","10"
"11925.411495113","10","10","10"
"11935.410658871","11","11","11"
"11945.412170248","11","11","11"
"11955.4170121","11","11","11"
"11965.411603741","10","10","10"
"11975.416717935","10","10","10"
"11985.415629573","10","10","10"
"11995.411719891","10","10","10"
"12005.410830456","12","12","12"
"12015.41598256","10","10","10"
"12025.414809515","10","10","10"
"12035.411194352","10","10","10"
"12045.411678725","11","11","11"
"12055.41170128","10","10","10"
"12065.410938775","13","13","13"
"12075.413659741","10","10","10"
"12085.411263359","11","11","11"
"12095.411788135","11","11","11"
"12105.41463963","10","10","10"
"12115.412228011","11","11","11"
"12125.411978399","9","9","9"
"12135.412438506","12","12","12"
"12145.411624558","10","10","10"
"12155.412788265","10","10","10"
"12165.411264308","10","10","10"
"12175.416789726","11","11","11"
"12185.412524708","10","10","10"
"12195.415173386","11","11","11"
"12205.411706571","9","9","9"
"12215.411422914","12","12","12"
"12225.411328874","10","10","10"
"12235.415335318","10","10","10"
"12245.411344528","10","10","10"
"12255.411789578","13","13","13"
"12265.411033273","13","13","13"
"12275.411137328","11","11","11"
"12285.41138343","14","14","14"
"12295.413727305","13","13","13"
"12305.411136438","10","10","10"
"12315.413542365","13","13","13"
"12325.413046811","15","15","15"
"12335.410938779","11","11","11"
"12345.411466449","10","10","10"
"12355.416674525","11","11","11"
"12365.412097766","9","9","9"
"12375.411881532","9","9","9"
"12385.411308335","10","10","10"
"12395.415215525","11","11","11"
"12405.412571883","14","14","14"
"12415.41097255","10","10","10"
"12425.412050208","11","11","11"
"12435.411324969","10","10","10"
"12445.411418236","10","10","10"
"12455.417842019","11","11","11"
"12465.41253231","11","11","11"
"12475.411356277","13","13","13"
"12485.411429084","14","14","14"
"12495.414772009","14","14","14"
"12505.410964365","10","10","10"
"12515.413021697","10","10","10"
"12525.411388611","10","10","10"
"12535.410867256","10","10","10"
"12545.411731349","10","10","10"
"12555.411525398","9","9","9"
"12565.411458025","10","10","10"
"12575.411011446","11","11","11"
"12585.412027474","15","15","15"
"12595.416759559","12","12","12"
"12605.41321051","11","11","11"
"12615.411675921","13","13","13"
"12625.412473837","11","11","11"
"12635.416724396","10","10","10"
"12645.412299778","10","10","10"
"12655.411460146","12","12","12"
"12665.411726708","10","10","10"
"12675.412662889","11","11","11"
"12685.415454782","11","11","11"
"12695.411563748","13","13","13"
"12705.413091546","12","12","12"
"12715.416708171","7","7","7"
"12725.414656464","11","11","11"
"12735.410855684","11","11","11"
"12745.413684032","11","11","11"
"12755.411805631","14","14","14"
"12765.411412727","11","11","11"
"12775.412176554","11","11","11"
"12785.411161239","12","12","12"
"12795.411888749","10","10","10"
"12805.411561272","10","10","10"
"12815.411217408","12","12","12"
"12825.41200372","11","11","11"
"12835.411754687","14","14","14"
"12845.411609044","11","11","11"
"12855.416045738","10","10","10"
"12865.411490944","11","11","11"
"12875.41143739","10","10","10"
"12885.41626405","11","11","11"
"12895.410908279","11","11","11"
"12905.411355699","11","11","11"
"12915.413852081","12","12","12"
"12925.411887113","14","14","14"
"12935.411543478","10","10","10"
"12945.4115625","10","10","10"
"12955.412200175","9","9","9"
"12965.411435311","11","11","11"
"12975.41250896","9","9","9"
"12985.410914598","10","10","10"
"12995.410957068","12","12","12"
"13005.413022291","10","10","10"
"13015.411809145","12","12","12"
"13025.411447649","6","6","6"
"13035.411588795","9","9","9"
"13045.412180444","10","10","10"
"13055.411791451","11","11","11"
"13065.413841696","11","11","11"
"13075.415812464","10","10","10"
"13085.411040457","9","9","9"
"13095.411397598","10","10","10"
"13105.410853034","11","11","11"
"13115.416479185","9","9","9"
"13125.411215967","9","9","9"
"13135.4142032","11","11","11"
"13145.413608465","11","11","11"
"13155.411138778","11","11","11"
"13165.412081757","10","10","10"
"13175.411070815","12","12","12"
"13185.413125497","10","10","10"
"13195.411359027","10","10","10"
"13205.41231487","9","9","9"
"13215.412345184","12","12","12"
"13225.412695365","10","10","10"
"13235.411611046","12","12","12"
"13245.411153191","7","7","7"
"13255.411400816","11","11","11"
"13265.411458829","10","10","10"
"13275.41268247","12","12","12"
"13285.411977","11","11","11"
"13295.411385853","13","13","13"
"13305.413094623","10","10","10"
"13315.412438333","10","10","10"
"13325.411588357","13","13","13"
"13335.41113007","11","11","11"
"13345.421094375","13","13","13"
"13355.411930153","11","11","11"
"13365.411707562","12","12","12"
"13375.410937384","11","11","11"
"13385.412345287","13","13","13"
"13395.413128831","13","13","13"
"13405.411863551","11","11","11"
"13415.411707576","9","9","9"
"13425.41166484","15","15","15"
"13435.412871235","11","11","11"
"13445.411216997","10","10","10"
"13455.411175096","6","6","6"
"13465.412607914","13","13","13"
"13475.411292781","11","11","11"
"13485.4142939","13","13","13"
"13495.411709542","11","11","11"
"13505.411722204","11","11","11"
"13515.41111739","10","10","10"
"13525.411960703","6","6","6"
"13535.411678603","8","8","8"
"13545.412026936","11","11","11"
"13555.41312175","14","14","14"
"13565.41140249","11","11","11"
"13575.41181931","10","10","10"
"13585.416221719","10","10","10"
"13595.410840598","8","8","8"
"13605.411432195","10","10","10"
"13615.41087375","14","14","14"
"13625.410957829","10","10","10"
"13635.41199417","11","11","11"
"13645.411105529","10","10","10"
"13655.412128124","10","10","10"
"13665.411863077","9","9","9"
"13675.411874043","10","10","10"
"13685.417331012","10","10","10"
"13695.411337938","10","10","10"
"13705.412835169","12","12","12"
"13715.415327904","10","10","10"
"13725.41447303","12","12","12"
"13735.411371927","11","11","11"
"13745.412270156","13","13","13"
"13755.411011842","11","11","11"
"13765.411424392","13","13","13"
"13775.414950122","9","9","9"
"13785.415884233","11","11","11"
"13795.411002003","9","9","9"
"13805.412268388","10","10","10"
"13815.41187251","6","6","6"
"13825.411632698","7","7","7"
"13835.412011056","14","14","14"
"13845.412608983","11","11","11"
"13855.413473192","10","10","10"
"13865.412021948","11","11","11"
"13875.411269547","9","9","9"
"13885.411922994","11","11","11"
"13895.411902691","11","11","11"
"13905.412019522","10","10","10"
"13915.412511352","11","11","11"
"13925.412737548","10","10","10"
"13935.413683178","9","9","9"
"13945.418038512","10","10","10"
"13955.413428355","15","15","15"
"13965.41123403","12","12","12"
"13975.411438774","11","11","11"
"13985.414997204","11","11","11"
"13995.41222087","11","11","11"
"14005.411996701","9","9","9"
"14015.410927875","12","12","12"
"14025.411592438","10","10","10"
"14035.417840077","11","11","11"
"14045.411269262","10","10","10"
"14055.412179805","12","12","12"
"14065.418432933","10","10","10"
"14075.411269932","14","14","14"
"14085.411850326","10","10","10"
"14095.411524697","11","11","11"
"14105.415134634","10","10","10"
"14115.41613984","12","12","12"
"14125.412029787","8","8","8"
"14135.415035861","9","9","9"
"14145.412026888","12","12","12"
"14155.411825102","10","10","10"
"14165.413269422","10","10","10"
"14175.412694031","12","12","12"
"14185.411565871","11","11","11"
"14195.412714951","13","13","13"
"14205.414093358","10","10","10"
"14215.411419181","12","12","12"
"14225.412341364","12","12","12"
"14235.414595666","11","11","11"
"14245.418117596","10","10","10"
"14255.411151511","11","11","11"
"14265.411447243","15","15","15"
"14275.411159009","13","13","13"
"14285.411457995","9","9","9"
"14295.412089119","12","12","12"
"14305.411823837","10","10","10"
"14315.413251808","13","13","13"
"14325.414696334","10","10","10"
"14335.411281874","13","13","13"
"14345.411417716","10","10","10"
"14355.411534337","11","11","11"
"14365.414306623","10","10","10"
"14375.410952553","12","12","12"
"14385.411453061","10","10","10"
"14395.414106955","12","12","12"
"14405.412000258","10","10","10"
"14415.411951147","12","12","12"
"14425.410880642","11","11","11"
"14435.411776019","9","9","9"
"14445.413878881","13","13","13"
"14455.411598466","14","14","14"
"14465.41167202","10","10","10"
"14475.41226575","13","13","13"
"14485.411202983","9","9","9"
"14495.411965442","11","11","11"
"14505.412461166","6","6","6"
"14515.411731838","9","9","9"
"14525.411315438","12","12","12"
"14535.416245179","10","10","10"
"14545.41405029","10","10","10"
"14555.411637723","8","8","8"
"14565.411277298","9","9","9"
"14575.414582041","11","11","11"
"14585.411440629","11","11","11"
"14595.411666161","10","10","10"
"14605.411902854","10","10","10"
"14615.411270198","9","9","9"
"14625.411368652","9","9","9"
"14635.412309791","14","14","14"
"14645.41146079","10","10","10"
"14655.4122431","11","11","11"
"14665.411979518","14","14","14"
"14675.411691755","9","9","9"
"14685.412905332","10","10","10"
"14695.411994773","13","13","13"
"14705.411711681","10","10","10"
"14715.411436298","11","11","11"
"14725.414082399","10","10","10"
"14735.411369312","13","13","13"
"14745.414872325","11","11","11"
"14755.411704676","12","12","12"
"14765.411151285","10","10","10"
"14775.411097679","7","7","7"
"14785.41170766","11","11","11"
"14795.411845455","9","9","9"
"14805.411227646","13","13","13"
"14815.414618673","8","8","8"
"14825.41290328","9","9","9"
"14835.414611578","11","11","11"
"14845.416576392","11","11","11"
"14855.411187383","12","12","12"
"14865.41579597","10","10","10"
"14875.412451235","11","11","11"
"14885.411412778","8","8","8"
"14895.415977967","9","9","9"
"14905.412525403","10","10","10"
"14915.41193132","11","11","11"
"14925.41123794","10","10","10"
"14935.414516192","11","11","11"
"14945.411585967","11","11","11"
"14955.411238352","12","12","12"
"14965.411029574","11","11","11"
"14975.411535619","10","10","10"
"14985.415129716","10","10","10"
"14995.411206449","9","9","9"
"15005.411222091","11","11","11"
"15015.412164964","12","12","12"
"15025.414369494","13","13","13"
"15035.413321621","11","11","11"
"15045.411696579","10","10","10"
"15055.412436901","11","11","11"
"15065.412003113","10","10","10"
"15075.410980392","11","11","11"
"15085.413852314","11","11","11"
"15095.411857564","11","11","11"
"15105.41117416","10","10","10"
"15115.411249659","9","9","9"
"15125.41672082","10","10","10"
"15135.415228059","13","13","13"
"15145.411176723","10","10","10"
"15155.411729769","15","15","15"
"15165.413360727","11","11","11"
"15175.410812727","10","10","10"
"15185.411942164","12","12","12"
"15195.411973417","10","10","10"
"15205.411867284","12","12","12"
"15215.411350429","11","11","11"
"15225.417541196","11","11","11"
"15235.414914398","12","12","12"
"15245.411623677","10","10","10"
"15255.415206611","12","12","12"
"15265.414017487","11","11","11"
"15275.411513892","11","11","11"
"15285.411969837","9","9","9"
"15295.411841214","12","12","12"
"15305.412121217","10","10","10"
"15315.411538617","14","14","14"
"15325.410999965","9","9","9"
"15335.41716732","14","14","14"
"15345.410940977","10","10","10"
"15355.412259862","12","12","12"
"15365.415205916","10","10","10"
"15375.411162648","12","12","12"
"15385.413192088","12","12","12"
"15395.411710031","8","8","8"
"15405.411386136","10","10","10"
"15415.416440351","12","12","12"
"15425.415540426","12","12","12"
"15435.417433668","15","15","15"
"15445.411884161","14","14","14"
"15455.414609053","10","10","10"
"15465.414566273","12","12","12"
"15475.41128586","11","11","11"
"15485.411308863","11","11","11"
"15495.415678946","11","11","11"
"15505.415253652","10","10","10"
"15515.411218755","11","11","11"
"15525.411013961","9","9","9"
"15535.414309967","10","10","10"
"15545.413009217","11","11","11"
"15555.411568636","11","11","11"
"15565.41149475","11","11","11"
"15575.412446627","12","12","12"
"15585.411410415","13","13","13"
"15595.411315349","10","10","10"
"15605.414564638","14","14","14"
"15615.413227602","12","12","12"
"15625.415995838","13","13","13"
"15635.411340892","12","12","12"
"15645.414447519","13","13","13"
"15655.411398083","10","10","10"
"15665.411733601","12","12","12"
"15675.411730814","10","10","10"
"15685.412562296","13","13","13"
"15695.415708579","11","11","11"
"15705.411120088","15","15","15"
"15715.41235391","9","9","9"
"15725.411741857","11","11","11"
"15735.411646958","10","10","10"
"15745.413192116","11","11","11"
"15755.411138971","10","10","10"
"15765.412686347","13","13","13"
"15775.413164323","10","10","10"
"15785.416848519","11","11","11"
"15795.41113365","10","10","10"
"15805.410865563","11","11","11"
"15815.41573461","11","11","11"
"15825.411095985","11","11","11"
"15835.411579241","11","11","11"
"15845.411427871","12","12","12"
"15855.411252492","11","11","11"
"15865.411277955","11","11","11"
"15875.410976627","11","11","11"
"15885.411688232","11","11","11"
"15895.418174209","11","11","11"
"15905.411205902","10","10","10"
"15915.41126283","10","10","10"
"15925.4131369","11","11","11"
"15935.41187201","10","10","10"
"15945.412220379","8","8","8"
"15955.41247029","11","11","11"
"15965.412502693","10","10","10"
"15975.419678438","10","10","10"
"15985.412209417","11","11","11"
"15995.411356281","8","8","8"
"16005.420297151","10","10","10"
"16015.41461106","12","12","12"
"16025.415185802","10","10","10"
"16035.412119891","11","11","11"
"16045.411009861","10","10","10"
"16055.410987097","9","9","9"
"16065.411703219","10","10","10"
"16075.41154775","14","14","14"
"16085.412764567","10","10","10"
"16095.411779951","10","10","10"
"16105.411579933","10","10","10"
"16115.412043851","11","11","11"
"16125.411290401","10","10","10"
"16135.41160907","11","11","11"
"16145.411507802","10","10","10"
"16155.413932798","12","12","12"
"16165.412116674","7","7","7"
"16175.41325895","7","7","7"
"16185.416793222","10","10","10"
"16195.412579377","12","12","12"
"16205.411569287","10","10","10"
"16215.411435628","10","10","10"
"16225.411516739","11","11","11"
"16235.411506437","8","8","8"
"16245.411878512","9","9","9"
"16255.411452305","13","13","13"
"16265.410952195","14","14","14"
"16275.414367298","11","11","11"
"16285.41338949","15","15","15"
"16295.411086767","6","6","6"
"16305.411863361","9","9","9"
"16315.411849125","14","14","14"
"16325.411346509","11","11","11"
"16335.414278841","9","9","9"
"16345.411165037","10","10","10"
"16355.413161757","9","9","9"
"16365.411182993","9","9","9"
"16375.411991954","11","11","11"
"16385.414040552","9","9","9"
"16395.414828545","9","9","9"
"16405.412473367","10","10","10"
"16415.411183225","15","15","15"
"16425.410967297","10","10","10"
"16435.418873709","13","13","13"
"16445.411260544","8","8","8"
"16455.411069457","8","8","8"
"16465.414052931","11","11","11"
"16475.411720659","8","8","8"
"16485.411528304","10","10","10"
"16495.412704558","13","13","13"
"16505.411389632","10","10","10"
"16515.411890958","10","10","10"
"16525.412789396","10","10","10"
"16535.412603164","12","12","12"
"16545.4122294","9","9","9"
"16555.411665097","9","9","9"
"16565.411768055","10","10","10"
"16575.412086041","10","10","10"
"16585.411528418","9","9","9"
"16595.412360592","15","15","15"
"16605.412549215","8","8","8"
"16615.412316564","11","11","11"
"16625.411450121","11","11","11"
"16635.411722008","13","13","13"
"16645.412085111","13","13","13"
"16655.411345897","11","11","11"
"16665.412177693","11","11","11"
"16675.412422763","10","10","10"
"16685.411541434","11","11","11"
"16695.411735329","14","14","14"
"16705.410925661","13","13","13"
"16715.413026897","8","8","8"
"16725.411703539","11","11","11"
"16735.417109808","10","10","10"
"16745.411806843","14","14","14"
"16755.411424655","11","11","11"
"16765.411584571","11","11","11"
"16775.413770942","15","15","15"
"16785.413139985","10","10","10"
"16795.411604733","9","9","9"
"16805.411205363","11","11","11"
"16815.414737276","10","10","10"
"16825.41155854","11","11","11"
"16835.411025773","10","10","10"
"16845.411913702","12","12","12"
"16855.411421998","10","10","10"
"16865.410919466","9","9","9"
"16875.412388529","10","10","10"
"16885.411220052","10","10","10"
"16895.410953839","11","11","11"
"16905.411163155","10","10","10"
"16915.412411194","9","9","9"
"16925.411439862","8","8","8"
"16935.412305253","10","10","10"
"16945.412024813","12","12","12"
"16955.412293367","11","11","11"
"16965.416906348","11","11","11"
"16975.41639745","9","9","9"
"16985.411087936","13","13","13"
"16995.418844262","10","10","10"
"17005.411002284","11","11","11"
"17015.411433585","9","9","9"
"17025.416205959","13","13","13"
"17035.413623555","10","10","10"
"17045.412886008","10","10","10"
"17055.415457861","10","10","10"
"17065.411144614","11","11","11"
"17075.422205086","9","9","9"
"17085.415441127","10","10","10"
"17095.415527053","10","10","10"
"17105.410959575","12","12","12"
"17115.417015602","11","11","11"
"17125.412598467","10","10","10"
"17135.415765473","13","13","13"
"17145.411648351","10","10","10"
"17155.415783059","11","11","11"
"17165.415492692","10","10","10"
"17175.411016628","11","11","11"
"17185.412176223","9","9","9"
"17195.411863744","10","10","10"
"17205.411277024","10","10","10"
"17215.411776228","10","10","10"
"17225.414702742","11","11","11"
"17235.412717337","12","12","12"
"17245.411469857","10","10","10"
"17255.411664709","11","11","11"
"17265.411755402","13","13","13"
"17275.411315296","11","11","11"
"17285.411651735","10","10","10"
"17295.411496768","10","10","10"
"17305.414526704","10","10","10"
"17315.414795574","9","9","9"
"17325.412884664","11","11","11"
"17335.411854237","8","8","8"
"17345.410899099","11","11","11"
"17355.410881324","14","14","14"
"17365.411553281","11","11","11"
"17375.415279109","11","11","11"
"17385.413181137","10","10","10"
"17395.412397113","12","12","12"
"17405.41192163","10","10","10"
"17415.41327304","14","14","14"
"17425.415445775","10","10","10"
"17435.411658329","10","10","10"
"17445.411331354","8","8","8"
"17455.411478077","9","9","9"
"17465.411039266","10","10","10"
"17475.414749461","10","10","10"
"17485.412078142","14","14","14"
"17495.41156014","9","9","9"
"17505.415433692","10","10","10"
"17515.413709523","11","11","11"
"17525.411817504","11","11","11"
"17535.411616286","11","11","11"
"17545.4125467","10","10","10"
"17555.41143363","12","12","12"
"17565.411328914","9","9","9"
"17575.41246371","13","13","13"
"17585.414201662","9","9","9"
"17595.419076207","10","10","10"
"17605.411766236","10","10","10"
"17615.411264976","9","9","9"
"17625.411184759","11","11","11"
"17635.411902861","10","10","10"
"17645.411371383","10","10","10"
"17655.410928919","10","10","10"
"17665.412037337","11","11","11"
"17675.412934846","9","9","9"
"17685.410911133","12","12","12"
"17695.411186295","11","11","11"
"17705.418137232","12","12","12"
"17715.413100252","10","10","10"
"17725.412194179","11","11","11"
"17735.415641859","10","10","10"
"17745.41266363","13","13","13"
"17755.411442736","9","9","9"
"17765.412080062","9","9","9"
"17775.413860412","10","10","10"
"17785.4118634","13","13","13"
"17795.411809385","9","9","9"
"17805.411413798","10","10","10"
"17815.413402252","14","14","14"
"17825.410840576","11","11","11"
"17835.412168478","10","10","10"
"17845.411432367","10","10","10"
"17855.411676856","11","11","11"
"17865.410988497","9","9","9"
"17875.411851972","10","10","10"
"17885.414596553","13","13","13"
"17895.411929844","6","6","6"
"17905.411838415","9","9","9"
"17915.411644422","8","8","8"
"17925.41201219","10","10","10"
"17935.411466531","14","14","14"
"17945.411935088","10","10","10"
"17955.411665603","13","13","13"
"17965.415940901","10","10","10"
"17975.412212719","11","11","11"
"17985.410907908","11","11","11"
"17995.412164785","10","10","10"
"18005.411715474","15","15","15"
"18015.412579927","11","11","11"
"18025.414366235","10","10","10"
"18035.411745261","10","10","10"
"18045.411449953","13","13","13"
"18055.412268778","10","10","10"
"18065.415591221","10","10","10"
"18075.414728955","10","10","10"
"18085.411641915","10","10","10"
"18095.411459766","10","10","10"
"18105.412263263","10","10","10"
"18115.411198578","10","10","10"
"18125.413680857","13","13","13"
"18135.413168418","10","10","10"
"18145.411144881","10","10","10"
"18155.411293803","10","10","10"
"18165.412387127","11","11","11"
"18175.412662875","9","9","9"
"18185.411628242","10","10","10"
"18195.412041299","8","8","8"
"18205.411281048","9","9","9"
"18215.413684928","13","13","13"
"18225.411252903","10","10","10"
"18235.41170825","13","13","13"
"18245.412167197","11","11","11"
"18255.417327407","11","11","11"
"18265.4115229","12","12","12"
"18275.411458114","14","14","14"
"18285.420706364","10","10","10"
"18295.414613042","12","12","12"
"18305.415027125","10","10","10"
"18315.414121931","11","11","11"
"18325.413005741","10","10","10"
"18335.413969824","10","10","10"
"18345.41137197","9","9","9"
"18355.411023364","11","11","11"
"18365.411676087","11","11","11"
"18375.413764493","14","14","14"
"18385.412553814","10","10","10"
"18395.411870042","11","11","11"
"18405.418608965","10","10","10"
"18415.415793535","12","12","12"
"18425.413494124","11","11","11"
"18435.411182109","10","10","10"
"18445.411589932","11","11","11"
"18455.411733169","9","9","9"
"18465.411442565","12","12","12"
"18475.414434277","6","6","6"
"18485.410825606","8","8","8"
"18495.410996249","11","11","11"
"18505.411746515","10","10","10"
"18515.411600669","10","10","10"
"18525.411507637","11","11","11"
"18535.411049068","11","11","11"
"18545.411533541","10","10","10"
"18555.418513696","12","12","12"
"18565.413694354","9","9","9"
"18575.410858969","11","11","11"
"18585.411103786","10","10","10"
"18595.412821622","10","10","10"
"18605.414904207","11","11","11"
"18615.414468271","9","9","9"
"18625.411434639","11","11","11"
"18635.411442584","12","12","12"
"18645.41462623","12","12","12"
"18655.413865691","11","11","11"
"18665.411602723","10","10","10"
"18675.418768125","14","14","14"
"18685.412286233","13","13","13"
"18695.413704484","9","9","9"
"18705.410955478","10","10","10"
"18715.410902409","10","10","10"
"18725.413692794","13","13","13"
"18735.411709924","8","8","8"
"18745.411683044","9","9","9"
"18755.412591127","11","11","11"
"18765.411370658","12","12","12"
"18775.411142735","11","11","11"
"18785.41074566","10","10","10"
"18795.412606745","10","10","10"
"18805.411450004","11","11","11"
"18815.416207406","13","13","13"
"18825.410909786","10","10","10"
"18835.411912266","13","13","13"
"18845.410956169","10","10","10"
"18855.412017693","10","10","10"
"18865.414657036","13","13","13"
"18875.411780157","11","11","11"
"18885.41299209","11","11","11"
"18895.411917256","9","9","9"
"18905.411193715","12","12","12"
"18915.410943641","10","10","10"
"18925.411899857","13","13","13"
"18935.411430959","10","10","10"
"18945.419483209","13","13","13"
"18955.411352589","9","9","9"
"18965.41470277","10","10","10"
"18975.410881324","11","11","11"
"18985.411906244","13","13","13"
"18995.413552089","10","10","10"
"19005.415322895","13","13","13"
"19015.411566972","9","9","9"
"19025.411735325","14","14","14"
"19035.41814536","9","9","9"
"19045.412112405","10","10","10"
"19055.411318459","10","10","10"
"19065.411632354","14","14","14"
"19075.410919171","10","10","10"
"19085.411626939","13","13","13"
"19095.411828614","10","10","10"
"19105.415412517","11","11","11"
"19115.413483734","9","9","9"
"19125.412264333","13","13","13"
"19135.412307672","9","9","9"
"19145.414174703","10","10","10"
"19155.412821677","12","12","12"
"19165.411785967","11","11","11"
"19175.413683034","12","12","12"
"19185.411885101","11","11","11"
"19195.414860324","11","11","11"
"19205.411801765","6","6","6"
"19215.41165154","7","7","7"
"19225.414878464","11","11","11"
"19235.41134472","13","13","13"
"19245.411462533","9","9","9"
"19255.411690469","7","7","7"
"19265.416271762","9","9","9"
"19275.411183275","11","11","11"
"19285.41116831","10","10","10"
"19295.415356679","12","12","12"
"19305.414333855","11","11","11"
"19315.418994285","14","14","14"
"19325.413439369","10","10","10"
"19335.411726214","13","13","13"
"19345.412243432","13","13","13"
"19355.411409069","11","11","11"
"19365.411625577","10","10","10"
"19375.411524855","13","13","13"
"19385.414954959","12","12","12"
"19395.411077387","6","6","6"
"19405.411714139","7","7","7"
"19415.41220394","10","10","10"
"19425.411485922","10","10","10"
"19435.412095721","9","9","9"
"19445.411289194","11","11","11"
"19455.412159413","6","6","6"
"19465.411138264","9","9","9"
"19475.411233725","9","9","9"
"19485.412319048","10","10","10"
"19495.417075964","11","11","11"
"19505.411627738","10","10","10"
"19515.412018506","13","13","13"
"19525.415458771","9","9","9"
"19535.411927974","11","11","11"
"19545.412359599","7","7","7"
"19555.417245553","10","10","10"
"19565.414099056","10","10","10"
"19575.411904289","13","13","13"
"19585.412756917","12","12","12"
"19595.412098722","10","10","10"
"19605.411348936","11","11","11"
"19615.414596103","11","11","11"
"19625.413135969","10","10","10"
"19635.411218866","9","9","9"
"19645.411591585","11","11","11"
"19655.411188553","12","12","12"
"19665.411942138","10","10","10"
"19675.411208725","13","13","13"
"19685.411432656","10","10","10"
"19695.411623157","13","13","13"
"19705.411871591","9","9","9"
"19715.412215345","11","11","11"
"19725.412906102","10","10","10"
"19735.411340287","11","11","11"
"19745.411619173","13","13","13"
"19755.412181755","11","11","11"
"19765.412909541","14","14","14"
"19775.411887504","11","11","11"
"19785.415996571","11","11","11"
"19795.412846482","11","11","11"
"19805.412234051","10","10","10"
"19815.411644052","13","13","13"
"19825.411622832","13","13","13"
"19835.410839492","11","11","11"
"19845.411888416","12","12","12"
"19855.412301373","6","6","6"
"19865.41238304","9","9","9"
"19875.41218203","10","10","10"
"19885.411374271","10","10","10"
"19895.413434449","11","11","11"
"19905.411878333","11","11","11"
"19915.412597635","10","10","10"
"19925.412279645","10","10","10"
"19935.416261429","9","9","9"
"19945.411437492","9","9","9"
"19955.412591944","9","9","9"
"19965.411903742","11","11","11"
"19975.411989724","13","13","13"
"19985.412131215","10","10","10"
"19995.413325102","12","12","12"
"20005.41210521","11","11","11"
"20015.414738761","11","11","11"
"20025.411579709","11","11","11"
"20035.413312477","13","13","13"
"20045.411308638","10","10","10"
"20055.415867175","14","14","14"
"20065.411411831","9","9","9"
"20075.410899156","13","13","13"
"20085.41351569","10","10","10"
"20095.416433605","11","11","11"
"20105.41193267","10","10","10"
"20115.411733931","11","11","11"
"20125.412600939","11","11","11"
"20135.411462576","10","10","10"
"20145.412426192","10","10","10"
"20155.411032559","10","10","10"
"20165.417511918","11","11","11"
"20175.412216944","11","11","11"
"20185.411542675","10","10","10"
"20195.414654573","13","13","13"
"20205.410681827","10","10","10"
"20215.411633814","12","12","12"
"20225.412994935","13","13","13"
"20235.41146275","14","14","14"
"20245.412278481","14","14","14"
"20255.411531172","10","10","10"
"20265.411767421","11","11","11"
"20275.416192387","10","10","10"
"20285.411604251","11","11","11"
"20295.411438048","10","10","10"
"20305.41074606","11","11","11"
"20315.414228371","11","11","11"
"20325.411028254","11","11","11"
"20335.410839191","10","10","10"
"20345.414593954","13","13","13"
"20355.412673542","10","10","10"
"20365.412237366","10","10","10"
"20375.414606598","8","8","8"
"20385.412556626","10","10","10"
"20395.411814209","11","11","11"
"20405.415877942","9","9","9"
"20415.412384781","12","12","12"
"20425.411695941","13","13","13"
"20435.418070423","14","14","14"
"20445.411354967","13","13","13"
"20455.410668117","11","11","11"
"20465.411600641","12","12","12"
"20475.412101737","11","11","11"
"20485.410751184","13","13","13"
"20495.411753985","8","8","8"
"20505.413073486","11","11","11"
"20515.411184111","13","13","13"
"20525.411327899","11","11","11"
"20535.411023183","10","10","10"
"20545.410995427","12","12","12"
"20555.411940353","8","8","8"
"20565.411240289","11","11","11"
"20575.411670571","13","13","13"
"20585.414614768","10","10","10"
"20595.412005727","10","10","10"
"20605.415095031","10","10","10"
"20615.411363006","13","13","13"
"20625.412626867","9","9","9"
"20635.419225253","13","13","13"
"20645.41111751","6","6","6"
"20655.411253983","13","13","13"
"20665.418812255","15","15","15"
"20675.411854047","12","12","12"
"20685.412831509","10","10","10"
"20695.411118648","9","9","9"
"20705.414531906","11","11","11"
"20715.411295648","12","12","12"
"20725.412855753","11","11","11"
"20735.419676862","10","10","10"
"20745.412213712","11","11","11"
"20755.411781146","10","10","10"
"20765.411127212","10","10","10"
"20775.411900914","10","10","10"
"20785.416049567","12","12","12"
"20795.411668707","9","9","9"
"20805.412070626","11","11","11"
"20815.411440846","6","6","6"
"20825.414395225","10","10","10"
"20835.410903316","10","10","10"
"20845.417256408","9","9","9"
"20855.412080907","11","11","11"
"20865.413074522","11","11","11"
"20875.411786355","9","9","9"
"20885.411159365","12","12","12"
"20895.411858433","15","15","15"
"20905.416318656","13","13","13"
"20915.411312613","11","11","11"
"20925.420506259","12","12","12"
"20935.414798704","11","11","11"
"20945.411339667","9","9","9"
"20955.412692392","11","11","11"
"20965.410843417","12","12","12"
"20975.411485508","11","11","11"
"20985.412029648","11","11","11"
"20995.411048406","10","10","10"
"21005.41115382","11","11","11"
"21015.411174191","11","11","11"
"21025.412010121","13","13","13"
"21035.411531666","10","10","10"
"21045.410807805","13","13","13"
"21055.410907174","12","12","12"
"21065.413589199","10","10","10"
"21075.411154131","11","11","11"
"21085.411889643","9","9","9"
"21095.411926805","10","10","10"
"21105.415934155","10","10","10"
"21115.411561251","12","12","12"
"21125.411691546","10","10","10"
"21135.411664606","13","13","13"
"21145.411813706","11","11","11"
"21155.411716463","11","11","11"
"21165.411007726","11","11","11"
"21175.414131007","12","12","12"
"21185.412355094","10","10","10"
"21195.410958494","10","10","10"
"21205.411491341","10","10","10"
"21215.411144121","11","11","11"
"21225.415965416","11","11","11"
"21235.412002091","13","13","13"
"21245.411347355","14","14","14"
"21255.410797256","14","14","14"
"21265.414690998","10","10","10"
"21275.41143294","14","14","14"
"21285.411779562","11","11","11"
"21295.411261685","10","10","10"
"21305.411117526","12","12","12"
"21315.411817156","13","13","13"
"21325.411743139","14","14","14"
"21335.410923686","11","11","11"
"21345.411586221","11","11","11"
"21355.411100041","11","11","11"
"21365.414738323","10","10","10"
"21375.410958013","11","11","11"
"21385.413664776","10","10","10"
"21395.411742374","12","12","12"
"21405.412509937","9","9","9"
"21415.416779707","14","14","14"
"21425.411983897","9","9","9"
"21435.411504492","11","11","11"
"21445.411770402","10","10","10"
"21455.411731832","9","9","9"
"21465.414796665","10","10","10"
"21475.412425026","13","13","13"
"21485.414610619","10","10","10"
"21495.411737289","9","9","9"
"21505.411828295","11","11","11"
"21515.412289871","14","14","14"
"21525.411566255","11","11","11"
"21535.410959568","11","11","11"
"21545.413382714","10","10","10"
"21555.412409617","10","10","10"
"21565.410853061","10","10","10"
"21575.411662959","11","11","11"
"21585.41441544","10","10","10"
"21595.411163625","12","12","12"
"21605.414583713","9","9","9"
"21615.411029177","11","11","11"
"21625.411322382","9","9","9"
"21635.414531085","12","12","12"
"21645.411504803","6","6","6"
"21655.41170018","9","9","9"
"21665.411873787","12","12","12"
"21675.414143549","11","11","11"
"21685.411627634","14","14","14"
"21695.412628","11","11","11"
"21705.411436984","10","10","10"
"21715.411856421","11","11","11"
"21725.412381919","10","10","10"
"21735.413360233","9","9","9"
"21745.413363563","11","11","11"
"21755.416473772","11","11","11"
"21765.412606195","12","12","12"
"21775.41502054","10","10","10"
"21785.413047487","15","15","15"
"21795.41142496","12","12","12"
"21805.411449574","13","13","13"
"21815.412398965","11","11","11"
"21825.412333113","12","12","12"
"21835.412071517","10","10","10"
"21845.412094384","10","10","10"
"21855.411684957","9","9","9"
"21865.411393681","11","11","11"
"21875.411983804","10","10","10"
"21885.420743848","14","14","14"
"21895.416388958","14","14","14"
"21905.41120506","13","13","13"
"21915.412163033","9","9","9"
"21925.416572535","10","10","10"
"21935.413674203","11","11","11"
"21945.410895658","10","10","10"
"21955.413488925","10","10","10"
"21965.415297453","9","9","9"
"21975.412302389","11","11","11"
"21985.411688803","9","9","9"
"21995.41099758","11","11","11"
"22005.411176737","10","10","10"
"22015.412721314","11","11","11"
"22025.411577031","9","9","9"
"22035.41115759","12","12","12"
"22045.412794871","14","14","14"
"22055.411471331","11","11","11"
"22065.411538565","9","9","9"
"22075.415527924","13","13","13"
"22085.411966646","10","10","10"
"22095.411984464","11","11","11"
"22105.412352945","11","11","11"
"22115.411365395","11","11","11"
"22125.411559135","12","12","12"
"22135.411892921","11","11","11"
"22145.411526141","8","8","8"
"22155.411850268","8","8","8"
"22165.411488442","11","11","11"
"22175.411726331","11","11","11"
"22185.411479748","12","12","12"
"22195.41771005","11","11","11"
"22205.415028993","14","14","14"
"22215.418107443","14","14","14"
"22225.411551024","14","14","14"
"22235.41181597","12","12","12"
"22245.411795287","10","10","10"
"22255.413806954","10","10","10"
"22265.411418244","10","10","10"
"22275.410900863","10","10","10"
"22285.413886392","9","9","9"
"22295.411602212","13","13","13"
"22305.411284477","9","9","9"
"22315.414142447","13","13","13"
"22325.411145657","10","10","10"
"22335.411243103","10","10","10"
"22345.411006746","10","10","10"
"22355.410919939","10","10","10"
"22365.411567796","12","12","12"
"22375.410999082","10","10","10"
"22385.411441955","10","10","10"
"22395.420929948","10","10","10"
"22405.414120522","11","11","11"
"22415.411146886","11","11","11"
"22425.410993703","9","9","9"
"22435.412349014","11","11","11"
"22445.41160683","8","8","8"
"22455.415431298","10","10","10"
"22465.41245829","7","7","7"
"22475.411971777","12","12","12"
"22485.413440752","10","10","10"
"22495.412726073","12","12","12"
"22505.412432528","19","19","19"
"22515.41091563","20","20","20"
"22525.411734797","19","19","19"
"22535.410897348","20","20","20"
"22545.41219946","19","19","19"
"22555.411201847","19","19","19"
"22565.411435841","20","20","20"
"22575.411372067","19","19","19"
"22585.411537001","20","20","20"
"22595.412843188","20","20","20"
"22605.411348198","19","19","19"
"22615.411265835","20","20","20"
"22775.411693486","0","0","0"
"22785.412247218","0","0","0"
"22825.411309537","0","0","0"
"22895.412129727","0","0","0"
"23165.410852469","0","0","0"
"23175.410951642","0","0","0"
"23735.411809428","0","0","0"
"23745.411985866","3","3","3"
"23755.413535802","0","0","0"
"23765.411525562","0","0","0"
"23775.411473392","0","0","0"
"23785.411322184","0","0","0"
"23795.414205548","0","0","0"
"23805.410675285","0","0","0"
"23815.411662744","0","0","0"
"23825.412009404","0","0","0"
"23835.411818005","4","4","4"
"23845.414435924","0","0","0"
"23855.413622886","0","0","0"
"23865.413013182","0","0","0"
"23875.412149596","0","0","0"
"23885.411627594","0","0","0"
"23895.410916072","0","0","0"
"23905.412483719","0","0","0"
"23915.411929245","0","0","0"
"23925.410735442","0","0","0"
"23935.411865707","0","0","0"
"23945.414130796","0","0","0"
"23955.422960364","0","0","0"
"23965.411434901","0","0","0"
"23975.415647203","0","0","0"
"23985.414186618","0","0","0"
"23995.415701072","0","0","0"
"24005.415935807","0","0","0"
"24015.413742565","0","0","0"
"24025.4115708","0","0","0"
"24035.410426062","0","0","0"
"24185.411843267","3","3","3"
"24195.411637232","0","0","0"
"24205.41135783","0","0","0"
"24215.411147422","0","0","0"
"24225.411620244","0","0","0"
"24235.411848124","0","0","0"
"24365.411133672","0","0","0"
"24375.41101276","0","0","0"
"24385.411511192","0","0","0"
"24435.411047088","2","2","2"
"24445.411867952","1","1","1"
"24455.411126821","0","0","0"