"Relative Time (Process)","StudyAbroadGPT-7B - system/gpu.0.temp","StudyAbroadGPT-7B - system/gpu.0.temp__MIN","StudyAbroadGPT-7B - system/gpu.0.temp__MAX"
"15.425162786","36","36","36"
"25.411170905","36","36","36"
"35.41650665","36","36","36"
"45.412082953","36","36","36"
"55.411647896","46","46","46"
"65.410750028","51","51","51"
"75.411987443","56","56","56"
"85.411154126","59","59","59"
"95.413444781","63","63","63"
"105.411745891","64","64","64"
"115.41526759","68","68","68"
"125.41274821","69","69","69"
"135.411143151","71","71","71"
"145.411460307","73","73","73"
"155.411179978","75","75","75"
"165.412856815","75","75","75"
"175.411718585","73","73","73"
"185.417926847","74","74","74"
"195.416734093","74","74","74"
"205.412168924","74","74","74"
"215.412241878","73","73","73"
"225.410963416","74","74","74"
"235.410916983","73","73","73"
"245.412930809","73","73","73"
"255.413412871","73","73","73"
"265.413962464","74","74","74"
"275.411847665","72","72","72"
"285.412324095","74","74","74"
"295.411800343","73","73","73"
"305.410990462","73","73","73"
"315.411803627","73","73","73"
"325.411617658","74","74","74"
"335.411659993","74","74","74"
"345.411543407","73","73","73"
"355.413576806","73","73","73"
"365.413375701","73","73","73"
"375.411880802","72","72","72"
"385.411386865","73","73","73"
"395.411922033","74","74","74"
"405.411579238","73","73","73"
"415.413208171","74","74","74"
"425.411391685","73","73","73"
"435.420564496","74","74","74"
"445.411278326","72","72","72"
"455.41154727","74","74","74"
"465.411873358","73","73","73"
"475.411543309","73","73","73"
"485.411307525","73","73","73"
"495.414186389","72","72","72"
"505.411627115","73","73","73"
"515.411643092","73","73","73"
"525.411536543","73","73","73"
"535.411961667","73","73","73"
"545.414903766","73","73","73"
"555.411574335","72","72","72"
"565.411605238","73","73","73"
"575.411886907","72","72","72"
"585.411148157","72","72","72"
"595.411790811","73","73","73"
"605.412844287","74","74","74"
"615.410959963","73","73","73"
"625.411152162","73","73","73"
"635.41115456","73","73","73"
"645.411396866","74","74","74"
"655.411215965","73","73","73"
"665.411447617","73","73","73"
"675.411708735","73","73","73"
"685.413250269","73","73","73"
"695.415712913","72","72","72"
"705.414790098","73","73","73"
"715.416117331","73","73","73"
"725.41243373","72","72","72"
"735.412204049","73","73","73"
"745.422772159","73","73","73"
"755.41140016","73","73","73"
"765.413200131","73","73","73"
"775.411287526","73","73","73"
"785.413768296","74","74","74"
"795.414209559","73","73","73"
"805.410863026","73","73","73"
"815.418935021","73","73","73"
"825.411161662","74","74","74"
"835.411784927","72","72","72"
"845.411410987","74","74","74"
"855.411450387","73","73","73"
"865.411566001","74","74","74"
"875.411758451","72","72","72"
"885.411256187","74","74","74"
"895.413545923","73","73","73"
"905.414758753","73","73","73"
"915.414766365","73","73","73"
"925.411433485","73","73","73"
"935.416039687","73","73","73"
"945.415146133","73","73","73"
"955.411211883","73","73","73"
"965.410949956","73","73","73"
"975.411458911","74","74","74"
"985.41217042","73","73","73"
"995.410882181","73","73","73"
"1005.416159593","73","73","73"
"1015.417560419","73","73","73"
"1025.41220331","73","73","73"
"1035.412366807","73","73","73"
"1045.411945639","73","73","73"
"1055.411855749","73","73","73"
"1065.411972843","72","72","72"
"1075.414148612","73","73","73"
"1085.412118514","72","72","72"
"1095.411621803","73","73","73"
"1105.411358289","73","73","73"
"1165.411526091","54","54","54"
"1175.411280377","52","52","52"
"1185.411684127","61","61","61"
"1195.411098065","63","63","63"
"1205.411416427","66","66","66"
"1215.414845045","69","69","69"
"1225.416654044","72","72","72"
"1235.421953468","74","74","74"
"1245.412685559","76","76","76"
"1255.411782876","73","73","73"
"1265.417403917","74","74","74"
"1275.412366462","75","75","75"
"1285.412067447","74","74","74"
"1295.412269139","73","73","73"
"1305.414049776","74","74","74"
"1315.412324033","73","73","73"
"1325.411433718","73","73","73"
"1335.411620528","72","72","72"
"1345.42071848","74","74","74"
"1355.411978755","73","73","73"
"1365.411280973","73","73","73"
"1375.411685197","73","73","73"
"1385.412401337","73","73","73"
"1395.413757554","73","73","73"
"1405.415982389","73","73","73"
"1415.414811241","74","74","74"
"1425.411018948","73","73","73"
"1435.417357699","73","73","73"
"1445.412702813","72","72","72"
"1455.411861168","73","73","73"
"1465.411470573","74","74","74"
"1475.416475973","74","74","74"
"1485.411978191","72","72","72"
"1495.411225047","73","73","73"
"1505.411418593","73","73","73"
"1515.412096692","73","73","73"
"1525.411797115","73","73","73"
"1535.41215091","73","73","73"
"1545.411575285","73","73","73"
"1555.413502788","73","73","73"
"1565.411770218","74","74","74"
"1575.411377596","73","73","73"
"1585.413201754","72","72","72"
"1595.41208573","73","73","73"
"1605.411505287","73","73","73"
"1615.41119377","73","73","73"
"1625.414853191","73","73","73"
"1635.411561774","73","73","73"
"1645.411175304","72","72","72"
"1655.414889588","74","74","74"
"1665.412189542","73","73","73"
"1675.411589644","73","73","73"
"1685.411341906","73","73","73"
"1695.41133584","74","74","74"
"1705.411849433","72","72","72"
"1715.411816956","73","73","73"
"1725.411594798","72","72","72"
"1735.411436234","73","73","73"
"1745.412907621","73","73","73"
"1755.412017972","73","73","73"
"1765.412928491","73","73","73"
"1775.411452888","74","74","74"
"1785.41129968","73","73","73"
"1795.411356581","72","72","72"
"1805.41169315","73","73","73"
"1815.412798172","73","73","73"
"1825.411378939","72","72","72"
"1835.411087002","73","73","73"
"1845.415328485","74","74","74"
"1855.412131859","73","73","73"
"1865.411642772","73","73","73"
"1875.411685599","73","73","73"
"1885.415151084","74","74","74"
"1895.410943346","73","73","73"
"1905.411863177","73","73","73"
"1915.414444999","73","73","73"
"1925.411661817","72","72","72"
"1935.411822146","73","73","73"
"1945.410928452","72","72","72"
"1955.411954203","73","73","73"
"1965.411688597","73","73","73"
"1975.411296676","73","73","73"
"1985.411615627","73","73","73"
"1995.411671586","74","74","74"
"2005.411340933","73","73","73"
"2015.411535953","73","73","73"
"2025.419728547","73","73","73"
"2035.416590021","73","73","73"
"2045.410984659","73","73","73"
"2055.410947966","74","74","74"
"2065.417816842","73","73","73"
"2075.41819205","73","73","73"
"2085.411611926","73","73","73"
"2095.412664482","72","72","72"
"2105.413740336","74","74","74"
"2115.412671575","73","73","73"
"2125.411266492","73","73","73"
"2135.412028954","73","73","73"
"2145.412587752","73","73","73"
"2155.416712195","73","73","73"
"2165.411165136","72","72","72"
"2175.411513244","73","73","73"
"2185.412031306","73","73","73"
"2195.410952215","73","73","73"
"2205.411903602","73","73","73"
"2215.414278402","73","73","73"
"2225.412007559","73","73","73"
"2235.411102679","73","73","73"
"2245.411622578","74","74","74"
"2255.418894774","73","73","73"
"2265.414956628","73","73","73"
"2275.41184301","73","73","73"
"2285.410963977","72","72","72"
"2295.412530662","73","73","73"
"2305.412772184","73","73","73"
"2315.411893112","72","72","72"
"2325.412098662","73","73","73"
"2335.411781539","73","73","73"
"2345.413673703","73","73","73"
"2355.411483871","72","72","72"
"2365.414724332","73","73","73"
"2375.411127442","73","73","73"
"2385.412079876","73","73","73"
"2395.413505507","73","73","73"
"2405.411173636","73","73","73"
"2415.411728608","73","73","73"
"2425.41421959","74","74","74"
"2435.411555875","73","73","73"
"2445.412270359","74","74","74"
"2455.415381257","73","73","73"
"2465.411972076","73","73","73"
"2475.411609934","73","73","73"
"2485.420319276","73","73","73"
"2495.412461321","72","72","72"
"2505.411227115","74","74","74"
"2515.412221748","73","73","73"
"2525.41166809","73","73","73"
"2535.411933454","73","73","73"
"2545.411108089","73","73","73"
"2555.415908782","73","73","73"
"2565.41164305","73","73","73"
"2575.411383217","73","73","73"
"2585.411887438","72","72","72"
"2595.411575131","73","73","73"
"2605.412543687","73","73","73"
"2615.412879141","72","72","72"
"2625.412219673","73","73","73"
"2635.415326391","73","73","73"
"2645.412669842","73","73","73"
"2655.414269862","73","73","73"
"2665.411804598","73","73","73"
"2675.412909718","72","72","72"
"2685.41492717","73","73","73"
"2695.415691622","73","73","73"
"2705.411692869","73","73","73"
"2715.417262523","72","72","72"
"2725.411737993","73","73","73"
"2735.416437092","73","73","73"
"2745.412202607","72","72","72"
"2755.412723218","73","73","73"
"2765.413595791","73","73","73"
"2775.411016321","73","73","73"
"2785.412239832","74","74","74"
"2795.412653782","74","74","74"
"2805.41127622","73","73","73"
"2815.411299777","73","73","73"
"2825.414858823","72","72","72"
"2835.411694564","73","73","73"
"2845.410824718","73","73","73"
"2855.411135127","73","73","73"
"2865.413289655","73","73","73"
"2875.411754195","73","73","73"
"2885.411952961","73","73","73"
"2895.410986276","73","73","73"
"2905.418403418","73","73","73"
"2915.414726061","73","73","73"
"2925.412528514","73","73","73"
"2935.411922667","73","73","73"
"2945.411438928","73","73","73"
"2955.419458695","73","73","73"
"2965.41245981","73","73","73"
"2975.411159761","73","73","73"
"2985.4129458","73","73","73"
"2995.411836221","73","73","73"
"3005.411503274","73","73","73"
"3015.41202553","73","73","73"
"3025.412129055","73","73","73"
"3035.41113689","73","73","73"
"3045.412566135","73","73","73"
"3055.41143894","74","74","74"
"3065.41114961","73","73","73"
"3075.411812485","73","73","73"
"3085.411781058","73","73","73"
"3095.411323811","73","73","73"
"3105.413356756","73","73","73"
"3115.411721513","73","73","73"
"3125.411144028","74","74","74"
"3135.410916046","73","73","73"
"3145.412565269","73","73","73"
"3155.411772288","73","73","73"
"3165.41139911","73","73","73"
"3175.411626393","73","73","73"
"3185.415291662","74","74","74"
"3195.418259217","73","73","73"
"3205.413663598","73","73","73"
"3215.411990932","73","73","73"
"3225.415938272","73","73","73"
"3235.414777553","73","73","73"
"3245.412894779","73","73","73"
"3255.412327642","73","73","73"
"3265.416183394","73","73","73"
"3275.415586583","73","73","73"
"3285.411374381","73","73","73"
"3295.411724031","73","73","73"
"3305.415908253","73","73","73"
"3315.411827801","73","73","73"
"3325.412928082","73","73","73"
"3335.412504007","73","73","73"
"3345.411899448","73","73","73"
"3355.415283073","73","73","73"
"3365.412171197","73","73","73"
"3375.411887322","73","73","73"
"3385.415729345","73","73","73"
"3395.413464974","73","73","73"
"3405.411836476","74","74","74"
"3415.411663239","73","73","73"
"3425.413046437","73","73","73"
"3435.41222471","73","73","73"
"3445.41202448","73","73","73"
"3455.411501937","73","73","73"
"3465.411740223","73","73","73"
"3475.414189522","73","73","73"
"3485.411418823","73","73","73"
"3495.412666936","73","73","73"
"3505.414221256","74","74","74"
"3515.412248484","73","73","73"
"3525.411449694","73","73","73"
"3535.412392024","73","73","73"
"3545.412229875","73","73","73"
"3555.411300369","72","72","72"
"3565.415825152","74","74","74"
"3575.410949271","72","72","72"
"3585.412363193","74","74","74"
"3595.411394325","73","73","73"
"3605.411601172","73","73","73"
"3615.415986935","73","73","73"
"3625.411864321","73","73","73"
"3635.411411223","73","73","73"
"3645.412200551","73","73","73"
"3655.41381964","74","74","74"
"3665.4120409","73","73","73"
"3675.411426767","73","73","73"
"3685.41247843","73","73","73"
"3695.41121119","74","74","74"
"3705.414031439","73","73","73"
"3715.411874095","73","73","73"
"3725.411789728","73","73","73"
"3735.411520204","73","73","73"
"3745.41126627","73","73","73"
"3755.411623597","73","73","73"
"3765.412567579","73","73","73"
"3775.4123153","73","73","73"
"3785.41610154","73","73","73"
"3795.411575585","73","73","73"
"3805.411674456","73","73","73"
"3815.414091634","73","73","73"
"3825.411660241","73","73","73"
"3835.411720595","73","73","73"
"3845.411603942","72","72","72"
"3855.411410609","73","73","73"
"3865.412122833","72","72","72"
"3875.411448973","73","73","73"
"3885.411172585","73","73","73"
"3895.412336278","74","74","74"
"3905.411326343","73","73","73"
"3915.411600168","73","73","73"
"3925.411138106","73","73","73"
"3935.414650514","73","73","73"
"3945.411224131","73","73","73"
"3955.411527363","73","73","73"
"3965.411134542","73","73","73"
"3975.411738568","73","73","73"
"3985.411737955","73","73","73"
"3995.411733064","73","73","73"
"4005.411638418","73","73","73"
"4015.411785785","73","73","73"
"4025.416441103","73","73","73"
"4035.412585433","72","72","72"
"4045.411685431","74","74","74"
"4055.411179653","73","73","73"
"4065.411197727","73","73","73"
"4075.412704652","74","74","74"
"4085.411683538","73","73","73"
"4095.416198941","73","73","73"
"4105.412114284","74","74","74"
"4115.411753024","73","73","73"
"4125.411903796","73","73","73"
"4135.411431945","73","73","73"
"4145.414139948","73","73","73"
"4155.414993476","73","73","73"
"4165.411279047","73","73","73"
"4175.41092232","74","74","74"
"4185.411775702","73","73","73"
"4195.411983621","73","73","73"
"4205.411901324","73","73","73"
"4215.412958295","73","73","73"
"4225.411759082","73","73","73"
"4235.414241777","73","73","73"
"4245.411837143","74","74","74"
"4255.412181322","73","73","73"
"4265.411068585","73","73","73"
"4275.414172243","72","72","72"
"4285.412727077","73","73","73"
"4295.412047745","73","73","73"
"4305.412316981","73","73","73"
"4315.410896534","73","73","73"
"4325.411141583","74","74","74"
"4335.411796243","73","73","73"
"4345.414026569","73","73","73"
"4355.411444373","72","72","72"
"4365.412180272","73","73","73"
"4375.415355515","73","73","73"
"4385.410981157","73","73","73"
"4395.411910005","73","73","73"
"4405.411313303","73","73","73"
"4415.412789567","73","73","73"
"4425.411631902","73","73","73"
"4435.411403519","73","73","73"
"4445.411445977","74","74","74"
"4455.410982678","73","73","73"
"4465.411938311","73","73","73"
"4475.416395645","73","73","73"
"4485.411582772","73","73","73"
"4495.41144944","73","73","73"
"4505.411692229","73","73","73"
"4515.411985858","74","74","74"
"4525.412561691","73","73","73"
"4535.411802924","74","74","74"
"4545.412233711","73","73","73"
"4555.411343626","73","73","73"
"4565.417542099","73","73","73"
"4575.414976976","74","74","74"
"4585.411935821","73","73","73"
"4595.41091824","73","73","73"
"4605.411597997","73","73","73"
"4615.415628076","73","73","73"
"4625.411628074","73","73","73"
"4635.417137778","73","73","73"
"4645.411522476","73","73","73"
"4655.411107846","73","73","73"
"4665.411556531","73","73","73"
"4675.415020139","72","72","72"
"4685.412048616","73","73","73"
"4695.410947429","73","73","73"
"4705.414130225","73","73","73"
"4715.411427952","73","73","73"
"4725.412731143","73","73","73"
"4735.411486408","73","73","73"
"4745.414613794","73","73","73"
"4755.411465772","74","74","74"
"4765.417970233","73","73","73"
"4775.418225195","74","74","74"
"4785.4125644","73","73","73"
"4795.411198539","73","73","73"
"4805.410995006","73","73","73"
"4815.417311036","73","73","73"
"4825.411859034","73","73","73"
"4835.412154757","73","73","73"
"4845.412242882","73","73","73"
"4855.411421882","73","73","73"
"4865.410760101","73","73","73"
"4875.411271798","73","73","73"
"4885.411845216","74","74","74"
"4895.411696467","74","74","74"
"4905.411156044","73","73","73"
"4915.411613157","72","72","72"
"4925.412454119","73","73","73"
"4935.41094946","73","73","73"
"4945.411097451","73","73","73"
"4955.411075622","73","73","73"
"4965.412198008","73","73","73"
"4975.415365615","72","72","72"
"4985.413327206","73","73","73"
"4995.410899753","73","73","73"
"5005.412497238","73","73","73"
"5015.415762986","74","74","74"
"5025.415778945","73","73","73"
"5035.412575305","72","72","72"
"5045.411197361","73","73","73"
"5055.417270607","74","74","74"
"5065.41254392","72","72","72"
"5075.411879732","74","74","74"
"5085.412316808","73","73","73"
"5095.413861218","73","73","73"
"5105.416465378","73","73","73"
"5115.412833804","73","73","73"
"5125.413131234","73","73","73"
"5135.411910132","73","73","73"
"5145.411282997","73","73","73"
"5155.411852133","73","73","73"
"5165.412187957","72","72","72"
"5175.411423852","73","73","73"
"5185.411780484","72","72","72"
"5195.411876483","73","73","73"
"5205.411728005","72","72","72"
"5215.410897451","73","73","73"
"5225.418901019","72","72","72"
"5235.411601852","74","74","74"
"5245.412196396","73","73","73"
"5255.41341614","74","74","74"
"5265.410942662","72","72","72"
"5275.412392525","73","73","73"
"5285.412361137","73","73","73"
"5295.411828667","73","73","73"
"5305.413166232","73","73","73"
"5315.411453526","74","74","74"
"5325.412625452","73","73","73"
"5335.411909625","74","74","74"
"5345.411741492","73","73","73"
"5355.411398135","72","72","72"
"5365.411649297","73","73","73"
"5375.411434836","73","73","73"
"5385.418016377","73","73","73"
"5395.411334014","73","73","73"
"5405.413813352","73","73","73"
"5415.411733599","73","73","73"
"5425.420727213","72","72","72"
"5435.4114517","74","74","74"
"5445.412683613","73","73","73"
"5455.41219522","73","73","73"
"5465.411952708","74","74","74"
"5475.416679485","73","73","73"
"5485.411533177","73","73","73"
"5495.41327887","74","74","74"
"5505.411426212","72","72","72"
"5515.412216785","73","73","73"
"5525.411577782","73","73","73"
"5535.412939855","73","73","73"
"5545.410899582","71","71","71"
"5555.41386251","73","73","73"
"5565.412568081","73","73","73"
"5575.411995721","73","73","73"
"5585.413962998","74","74","74"
"5595.412749419","73","73","73"
"5605.411272615","73","73","73"
"5615.415209118","73","73","73"
"5625.42277779","73","73","73"
"5635.414624362","73","73","73"
"5645.411048182","73","73","73"
"5655.412284789","73","73","73"
"5665.411319653","73","73","73"
"5675.411776056","73","73","73"
"5685.412801151","73","73","73"
"5695.411079259","73","73","73"
"5705.412101938","73","73","73"
"5715.411631286","73","73","73"
"5725.416782814","73","73","73"
"5735.411292024","72","72","72"
"5745.41214693","74","74","74"
"5755.412486179","73","73","73"
"5765.411470871","73","73","73"
"5775.414051854","73","73","73"
"5785.412592758","72","72","72"
"5795.411126976","73","73","73"
"5805.412426518","73","73","73"
"5815.413858624","73","73","73"
"5825.419230085","73","73","73"
"5835.41283342","73","73","73"
"5845.411376084","73","73","73"
"5855.414410676","73","73","73"
"5865.415347797","73","73","73"
"5875.412254094","74","74","74"
"5885.415112073","73","73","73"
"5895.411499385","73","73","73"
"5905.411079253","73","73","73"
"5915.411417224","73","73","73"
"5925.412710795","73","73","73"
"5935.412456254","73","73","73"
"5945.410947866","73","73","73"
"5955.411235643","74","74","74"
"5965.416361704","73","73","73"
"5975.410777359","74","74","74"
"5985.411006392","73","73","73"
"5995.41181754","73","73","73"
"6005.412070937","73","73","73"
"6015.411909619","74","74","74"
"6025.413377131","73","73","73"
"6035.411676401","73","73","73"
"6045.410853619","73","73","73"
"6055.41190972","74","74","74"
"6065.412305462","73","73","73"
"6075.423772725","73","73","73"
"6085.411243386","73","73","73"
"6095.411784284","72","72","72"
"6105.411341676","73","73","73"
"6115.411651614","73","73","73"
"6125.411677638","73","73","73"
"6135.411516478","73","73","73"
"6145.411421422","74","74","74"
"6155.41355591","72","72","72"
"6165.412135057","73","73","73"
"6175.411787945","74","74","74"
"6185.415005784","73","73","73"
"6195.411557255","73","73","73"
"6205.411214593","73","73","73"
"6215.411932127","73","73","73"
"6225.417741847","73","73","73"
"6235.413190352","73","73","73"
"6245.411644422","73","73","73"
"6255.411667831","73","73","73"
"6265.412938382","73","73","73"
"6275.411980022","73","73","73"
"6285.41162377","73","73","73"
"6295.413141969","72","72","72"
"6305.41214119","73","73","73"
"6315.411573872","73","73","73"
"6325.41235574","73","73","73"
"6335.411625455","73","73","73"
"6345.418116037","73","73","73"
"6355.415880673","73","73","73"
"6365.410776369","73","73","73"
"6375.411448498","73","73","73"
"6385.420605084","73","73","73"
"6395.413899981","73","73","73"
"6405.411811119","73","73","73"
"6415.414862011","73","73","73"
"6425.411411491","72","72","72"
"6435.411152785","74","74","74"
"6445.411743661","73","73","73"
"6455.411372979","73","73","73"
"6465.411605788","72","72","72"
"6475.411836944","73","73","73"
"6485.411213628","72","72","72"
"6495.415892002","73","73","73"
"6505.411350388","73","73","73"
"6515.411723232","73","73","73"
"6525.414254905","74","74","74"
"6535.413709337","73","73","73"
"6545.412772404","73","73","73"
"6555.411687865","73","73","73"
"6565.411246657","72","72","72"
"6575.411448231","73","73","73"
"6585.412792487","73","73","73"
"6595.414748994","73","73","73"
"6605.412676028","73","73","73"
"6615.412675827","74","74","74"
"6625.416235341","73","73","73"
"6635.411263427","73","73","73"
"6645.411835355","72","72","72"
"6655.412236447","73","73","73"
"6665.411761764","73","73","73"
"6675.417607684","73","73","73"
"6685.41166645","73","73","73"
"6695.411712261","73","73","73"
"6705.411005731","72","72","72"
"6715.412565232","74","74","74"
"6725.412787554","72","72","72"
"6735.416417804","74","74","74"
"6745.415216505","73","73","73"
"6755.411204199","73","73","73"
"6765.411202966","73","73","73"
"6775.411068108","73","73","73"
"6785.411322115","73","73","73"
"6795.411360875","73","73","73"
"6805.411529686","73","73","73"
"6815.414144215","73","73","73"
"6825.411785617","72","72","72"
"6835.412175223","73","73","73"
"6845.415324455","73","73","73"
"6855.411459023","73","73","73"
"6865.411381799","73","73","73"
"6875.411450242","73","73","73"
"6885.411733604","72","72","72"
"6895.413631836","73","73","73"
"6905.41220331","73","73","73"
"6915.411367127","72","72","72"
"6925.410833943","72","72","72"
"6935.41803182","73","73","73"
"6945.412048688","72","72","72"
"6955.411623089","73","73","73"
"6965.413185372","73","73","73"
"6975.412107328","73","73","73"
"6985.411434455","73","73","73"
"6995.410864401","72","72","72"
"7005.412443357","73","73","73"
"7015.411427426","73","73","73"
"7025.41210309","73","73","73"
"7035.419625844","72","72","72"
"7045.411399343","74","74","74"
"7055.415930159","74","74","74"
"7065.41183735","73","73","73"
"7075.411509628","73","73","73"
"7085.411428785","73","73","73"
"7095.411191609","73","73","73"
"7105.41104051","73","73","73"
"7115.41147993","73","73","73"
"7125.411825987","72","72","72"
"7135.411696187","72","72","72"
"7145.411368681","74","74","74"
"7155.4117383","73","73","73"
"7165.411690041","73","73","73"
"7175.416513409","73","73","73"
"7185.411794059","73","73","73"
"7195.412335592","73","73","73"
"7205.411831509","74","74","74"
"7215.412346908","72","72","72"
"7225.415303533","74","74","74"
"7235.412866385","72","72","72"
"7245.412006662","74","74","74"
"7255.411298817","73","73","73"
"7265.4117241","73","73","73"
"7275.410917156","73","73","73"
"7285.412436295","73","73","73"
"7295.411912065","73","73","73"
"7305.411876876","73","73","73"
"7315.411560071","73","73","73"
"7325.411895999","74","74","74"
"7335.411633473","73","73","73"
"7345.412173522","73","73","73"
"7355.411106465","72","72","72"
"7365.411327138","73","73","73"
"7375.413843476","73","73","73"
"7385.411946143","73","73","73"
"7395.412888164","73","73","73"
"7405.412625601","73","73","73"
"7415.412719441","72","72","72"
"7425.411336143","73","73","73"
"7435.413130826","73","73","73"
"7445.411457531","73","73","73"
"7455.411512456","73","73","73"
"7465.414218143","72","72","72"
"7475.411607068","74","74","74"
"7485.411280781","73","73","73"
"7495.411382658","73","73","73"
"7505.411700461","73","73","73"
"7515.412408728","74","74","74"
"7525.411258861","72","72","72"
"7535.411417441","73","73","73"
"7545.411048589","73","73","73"
"7555.412241979","73","73","73"
"7565.412256608","73","73","73"
"7575.411906601","73","73","73"
"7585.412449584","72","72","72"
"7595.411447388","73","73","73"
"7605.414672165","73","73","73"
"7615.413399657","72","72","72"
"7625.412545189","73","73","73"
"7635.41557482","74","74","74"
"7645.414348086","73","73","73"
"7655.413136764","73","73","73"
"7665.410798322","73","73","73"
"7675.410886306","73","73","73"
"7685.416125315","73","73","73"
"7695.412294658","73","73","73"
"7705.410853312","73","73","73"
"7715.41142571","72","72","72"
"7725.413213106","74","74","74"
"7735.411717404","73","73","73"
"7745.411833064","72","72","72"
"7755.411779191","73","73","73"
"7765.41184969","73","73","73"
"7775.413807674","73","73","73"
"7785.411687533","73","73","73"
"7795.412236667","73","73","73"
"7805.41168768","73","73","73"
"7815.415570248","73","73","73"
"7825.413615468","74","74","74"
"7835.411497063","73","73","73"
"7845.412361314","73","73","73"
"7855.411014664","73","73","73"
"7865.412445862","72","72","72"
"7875.411252928","73","73","73"
"7885.410986581","73","73","73"
"7895.414295333","73","73","73"
"7905.414170497","73","73","73"
"7915.41139238","74","74","74"
"7925.416415274","72","72","72"
"7935.411765366","73","73","73"
"7945.414294694","73","73","73"
"7955.414652241","73","73","73"
"7965.411041643","73","73","73"
"7975.411325222","73","73","73"
"7985.416624729","74","74","74"
"7995.414535419","73","73","73"
"8005.411576351","73","73","73"
"8015.413032309","73","73","73"
"8025.411588827","73","73","73"
"8035.416859308","74","74","74"
"8045.411701037","73","73","73"
"8055.412420561","73","73","73"
"8065.412158941","73","73","73"
"8075.412423025","73","73","73"
"8085.418446892","73","73","73"
"8095.411314387","74","74","74"
"8105.4155639","73","73","73"
"8115.414093514","73","73","73"
"8125.411886567","72","72","72"
"8135.410859157","73","73","73"
"8145.415673522","73","73","73"
"8155.412759315","73","73","73"
"8165.411234652","72","72","72"
"8175.411925313","73","73","73"
"8185.413569796","73","73","73"
"8195.411776841","74","74","74"
"8205.416342219","73","73","73"
"8215.411248706","73","73","73"
"8225.411947861","73","73","73"
"8235.411797533","74","74","74"
"8245.412213082","73","73","73"
"8255.412224219","73","73","73"
"8265.411098695","73","73","73"
"8275.411443934","73","73","73"
"8285.412239287","73","73","73"
"8295.412050465","73","73","73"
"8305.411856865","73","73","73"
"8315.416549274","73","73","73"
"8325.412105997","73","73","73"
"8335.411138065","73","73","73"
"8345.411598525","73","73","73"
"8355.411294741","73","73","73"
"8365.411464787","72","72","72"
"8375.413021901","72","72","72"
"8385.411708713","73","73","73"
"8395.411462211","73","73","73"
"8405.417415513","73","73","73"
"8415.413142439","73","73","73"
"8425.411938471","72","72","72"
"8435.414227643","73","73","73"
"8445.411174097","73","73","73"
"8455.419267463","74","74","74"
"8465.411260479","73","73","73"
"8475.411243994","72","72","72"
"8485.411709332","73","73","73"
"8495.419633624","73","73","73"
"8505.411948464","72","72","72"
"8515.411644413","73","73","73"
"8525.411198213","73","73","73"
"8535.411918489","73","73","73"
"8545.412198099","73","73","73"
"8555.413325685","73","73","73"
"8565.411727634","72","72","72"
"8575.411193578","72","72","72"
"8585.411909355","74","74","74"
"8595.415168248","74","74","74"
"8605.411580904","73","73","73"
"8615.410890485","73","73","73"
"8625.411589935","73","73","73"
"8635.410986092","73","73","73"
"8645.410963826","73","73","73"
"8655.415330927","73","73","73"
"8665.412265789","72","72","72"
"8675.415963643","74","74","74"
"8685.411135643","73","73","73"
"8695.411977163","73","73","73"
"8705.411701469","73","73","73"
"8715.414989032","73","73","73"
"8725.413671391","73","73","73"
"8735.411950973","73","73","73"
"8745.420402003","73","73","73"
"8755.412885201","73","73","73"
"8765.4110916","73","73","73"
"8775.411341589","73","73","73"
"8785.410864959","73","73","73"
"8795.416774009","73","73","73"
"8805.4116846","73","73","73"
"8815.411653838","73","73","73"
"8825.411435601","73","73","73"
"8835.412579621","73","73","73"
"8845.411558524","73","73","73"
"8855.414882364","73","73","73"
"8865.415814538","73","73","73"
"8875.41196801","72","72","72"
"8885.411297795","73","73","73"
"8895.413409901","72","72","72"
"8905.411681586","73","73","73"
"8915.411824869","73","73","73"
"8925.41188914","73","73","73"
"8935.411015052","73","73","73"
"8945.411812489","73","73","73"
"8955.41542505","73","73","73"
"8965.414522883","73","73","73"
"8975.411463876","72","72","72"
"8985.412053437","73","73","73"
"8995.412824909","73","73","73"
"9005.41178688","74","74","74"
"9015.412437497","73","73","73"
"9025.411839677","73","73","73"
"9035.410909569","73","73","73"
"9045.411417581","73","73","73"
"9055.412315899","73","73","73"
"9065.419968982","73","73","73"
"9075.417759846","73","73","73"
"9085.411040067","73","73","73"
"9095.411957167","73","73","73"
"9105.412312482","73","73","73"
"9115.412670115","73","73","73"
"9125.411352784","73","73","73"
"9135.4111428","73","73","73"
"9145.412128087","73","73","73"
"9155.411491496","73","73","73"
"9165.411540977","72","72","72"
"9175.41341153","73","73","73"
"9185.418483039","73","73","73"
"9195.410967492","73","73","73"
"9205.411211147","73","73","73"
"9215.41552917","73","73","73"
"9225.414264696","73","73","73"
"9235.412021879","72","72","72"
"9245.411822092","73","73","73"
"9255.413920857","73","73","73"
"9265.412511333","73","73","73"
"9275.412396718","73","73","73"
"9285.411278201","73","73","73"
"9295.415848517","74","74","74"
"9305.410961338","73","73","73"
"9315.414792759","73","73","73"
"9325.411575976","73","73","73"
"9335.411493905","73","73","73"
"9345.412135457","73","73","73"
"9355.411739228","73","73","73"
"9365.411520523","73","73","73"
"9375.412434257","73","73","73"
"9385.411740795","72","72","72"
"9395.413397261","73","73","73"
"9405.411853568","72","72","72"
"9415.416343248","74","74","74"
"9425.411692852","73","73","73"
"9435.412738042","73","73","73"
"9445.411544223","73","73","73"
"9455.412603446","73","73","73"
"9465.411458015","74","74","74"
"9475.413944247","73","73","73"
"9485.412220502","73","73","73"
"9495.411876868","73","73","73"
"9505.411735335","74","74","74"
"9515.413351091","73","73","73"
"9525.413980204","73","73","73"
"9535.411357884","73","73","73"
"9545.411828414","73","73","73"
"9555.415567845","73","73","73"
"9565.411942131","73","73","73"
"9575.411520012","73","73","73"
"9585.413928662","73","73","73"
"9595.41644865","73","73","73"
"9605.411824638","73","73","73"
"9615.411106633","73","73","73"
"9625.411227322","73","73","73"
"9635.414800986","74","74","74"
"9645.411925331","73","73","73"
"9655.411893869","73","73","73"
"9665.415911562","72","72","72"
"9675.415139869","73","73","73"
"9685.413179519","73","73","73"
"9695.411113059","74","74","74"
"9705.419333847","73","73","73"
"9715.414174309","73","73","73"
"9725.411747687","72","72","72"
"9735.411996849","74","74","74"
"9745.413598405","72","72","72"
"9755.411573072","73","73","73"
"9765.411014431","73","73","73"
"9775.411439138","73","73","73"
"9785.411877847","73","73","73"
"9795.411573961","73","73","73"
"9805.412863962","74","74","74"
"9815.412022469","73","73","73"
"9825.411475212","73","73","73"
"9835.41192085","73","73","73"
"9845.411710799","72","72","72"
"9855.411417228","74","74","74"
"9865.411919018","73","73","73"
"9875.411482605","73","73","73"
"9885.414977426","73","73","73"
"9895.412788114","73","73","73"
"9905.416602883","73","73","73"
"9915.411612635","73","73","73"
"9925.411038782","73","73","73"
"9935.416323601","73","73","73"
"9945.412322514","73","73","73"
"9955.411516272","73","73","73"
"9965.41188992","73","73","73"
"9975.411433873","73","73","73"
"9985.411440342","74","74","74"
"9995.411557189","72","72","72"
"10005.41497429","73","73","73"
"10015.413472695","74","74","74"
"10025.415502334","73","73","73"
"10035.411100009","74","74","74"
"10045.411791741","73","73","73"
"10055.412251889","73","73","73"
"10065.411713313","72","72","72"
"10075.411662917","73","73","73"
"10085.411802445","73","73","73"
"10095.411518025","73","73","73"
"10105.411019772","73","73","73"
"10115.412121134","72","72","72"
"10125.411660218","74","74","74"
"10135.411407263","72","72","72"
"10145.41764225","73","73","73"
"10155.416434492","73","73","73"
"10165.415733484","73","73","73"
"10175.41237326","72","72","72"
"10185.411201846","73","73","73"
"10195.412034","73","73","73"
"10205.411608996","72","72","72"
"10215.412889079","73","73","73"
"10225.414468489","74","74","74"
"10235.411350868","73","73","73"
"10245.411872358","74","74","74"
"10255.410888814","73","73","73"
"10265.411602472","73","73","73"
"10275.41429325","73","73","73"
"10285.411732181","74","74","74"
"10295.411158918","73","73","73"
"10305.411473582","73","73","73"
"10315.411353641","74","74","74"
"10325.411306633","73","73","73"
"10335.414227834","73","73","73"
"10345.412219529","73","73","73"
"10355.411589748","73","73","73"
"10365.411577788","73","73","73"
"10375.411048922","74","74","74"
"10385.410940941","73","73","73"
"10395.413496121","73","73","73"
"10405.412670575","73","73","73"
"10415.4118349","73","73","73"
"10425.411512607","74","74","74"
"10435.411977136","73","73","73"
"10445.411938515","73","73","73"
"10455.414731835","73","73","73"
"10465.411931301","73","73","73"
"10475.413109947","73","73","73"
"10485.411158019","74","74","74"
"10495.418882854","73","73","73"
"10505.41143518","74","74","74"
"10515.411007857","73","73","73"
"10525.412104487","73","73","73"
"10535.418389249","73","73","73"
"10545.412021829","72","72","72"
"10555.413159223","74","74","74"
"10565.411697707","73","73","73"
"10575.412230851","74","74","74"
"10585.411871941","72","72","72"
"10595.412833172","73","73","73"
"10605.411677812","73","73","73"
"10615.411744091","74","74","74"
"10625.410916154","73","73","73"
"10635.414267995","73","73","73"
"10645.411265685","72","72","72"
"10655.411359603","73","73","73"
"10665.411166761","73","73","73"
"10675.411731404","73","73","73"
"10685.41223705","72","72","72"
"10695.411625838","73","73","73"
"10705.412120439","72","72","72"
"10715.412341459","73","73","73"
"10725.411776606","73","73","73"
"10735.416916819","73","73","73"
"10745.411335014","73","73","73"
"10755.411686724","73","73","73"
"10765.413301716","73","73","73"
"10775.411569438","73","73","73"
"10785.411029332","73","73","73"
"10795.413426805","74","74","74"
"10805.410921191","73","73","73"
"10815.417175335","73","73","73"
"10825.414135193","73","73","73"
"10835.414944075","73","73","73"
"10845.412162128","73","73","73"
"10855.413933298","73","73","73"
"10865.4109623","73","73","73"
"10875.412397348","73","73","73"
"10885.412677909","73","73","73"
"10895.421042681","73","73","73"
"10905.411742305","73","73","73"
"10915.411797077","73","73","73"
"10925.41144593","74","74","74"
"10935.413415778","73","73","73"
"10945.411746102","73","73","73"
"10955.411949694","72","72","72"
"10965.411224206","73","73","73"
"10975.413087847","73","73","73"
"10985.410801581","73","73","73"
"10995.414729985","73","73","73"
"11005.411699617","73","73","73"
"11015.411012922","73","73","73"
"11025.411205973","73","73","73"
"11035.414558836","73","73","73"
"11045.413600007","73","73","73"
"11055.413049688","73","73","73"
"11065.412674818","73","73","73"
"11075.411084045","73","73","73"
"11085.410843959","72","72","72"
"11095.413044334","73","73","73"
"11105.41240184","73","73","73"
"11115.411901975","73","73","73"
"11125.411345163","73","73","73"
"11135.414510556","73","73","73"
"11145.411611429","74","74","74"
"11155.411140066","72","72","72"
"11165.41634564","73","73","73"
"11175.415983425","73","73","73"
"11185.411646053","73","73","73"
"11195.411436011","73","73","73"
"11205.411527159","73","73","73"
"11215.41156479","73","73","73"
"11225.411169588","74","74","74"
"11235.41064321","73","73","73"
"11245.411682144","73","73","73"
"11255.412230613","73","73","73"
"11265.41203481","73","73","73"
"11275.411246063","72","72","72"
"11285.412556145","73","73","73"
"11295.411892367","72","72","72"
"11305.411187851","74","74","74"
"11315.413968415","73","73","73"
"11325.410849662","73","73","73"
"11335.411278914","73","73","73"
"11345.411558051","73","73","73"
"11355.411353889","73","73","73"
"11365.411534218","73","73","73"
"11375.412252958","73","73","73"
"11385.413301833","73","73","73"
"11395.41241853","73","73","73"
"11405.411302055","73","73","73"
"11415.419275469","74","74","74"
"11425.411262523","72","72","72"
"11435.411646802","73","73","73"
"11445.411414863","73","73","73"
"11455.411597042","73","73","73"
"11465.411272806","73","73","73"
"11475.41175865","73","73","73"
"11485.412340491","73","73","73"
"11495.41750397","73","73","73"
"11505.412180197","73","73","73"
"11515.412408937","73","73","73"
"11525.411070445","74","74","74"
"11535.410871737","73","73","73"
"11545.413106512","73","73","73"
"11555.411597142","73","73","73"
"11565.411590392","73","73","73"
"11575.411504354","73","73","73"
"11585.416489106","72","72","72"
"11595.412025994","73","73","73"
"11605.412595358","74","74","74"
"11615.411677729","73","73","73"
"11625.41097465","72","72","72"
"11635.411443459","74","74","74"
"11645.410634247","73","73","73"
"11655.412638387","73","73","73"
"11665.41179934","73","73","73"
"11675.4118183","72","72","72"
"11685.411333374","73","73","73"
"11695.412166093","73","73","73"
"11705.411651329","73","73","73"
"11715.414618222","72","72","72"
"11725.411733376","73","73","73"
"11735.411420389","73","73","73"
"11745.412574193","73","73","73"
"11755.412325205","73","73","73"
"11765.412268177","73","73","73"
"11775.411222619","73","73","73"
"11785.411332948","73","73","73"
"11795.414849294","74","74","74"
"11805.412749306","72","72","72"
"11815.410985546","73","73","73"
"11825.410824394","73","73","73"
"11835.412277461","73","73","73"
"11845.411427993","73","73","73"
"11855.41244567","73","73","73"
"11865.412430048","73","73","73"
"11875.411640663","73","73","73"
"11885.412587152","73","73","73"
"11895.411188356","74","74","74"
"11905.411630995","73","73","73"
"11915.41366728","74","74","74"
"11925.411495113","72","72","72"
"11935.410658871","73","73","73"
"11945.412170248","73","73","73"
"11955.4170121","74","74","74"
"11965.411603741","73","73","73"
"11975.416717935","74","74","74"
"11985.415629573","73","73","73"
"11995.411719891","74","74","74"
"12005.410830456","73","73","73"
"12015.41598256","73","73","73"
"12025.414809515","73","73","73"
"12035.411194352","73","73","73"
"12045.411678725","73","73","73"
"12055.41170128","74","74","74"
"12065.410938775","73","73","73"
"12075.413659741","73","73","73"
"12085.411263359","73","73","73"
"12095.411788135","73","73","73"
"12105.41463963","73","73","73"
"12115.412228011","73","73","73"
"12125.411978399","73","73","73"
"12135.412438506","73","73","73"
"12145.411624558","73","73","73"
"12155.412788265","72","72","72"
"12165.411264308","73","73","73"
"12175.416789726","74","74","74"
"12185.412524708","73","73","73"
"12195.415173386","73","73","73"
"12205.411706571","73","73","73"
"12215.411422914","73","73","73"
"12225.411328874","74","74","74"
"12235.415335318","73","73","73"
"12245.411344528","74","74","74"
"12255.411789578","73","73","73"
"12265.411033273","73","73","73"
"12275.411137328","73","73","73"
"12285.41138343","72","72","72"
"12295.413727305","72","72","72"
"12305.411136438","73","73","73"
"12315.413542365","74","74","74"
"12325.413046811","73","73","73"
"12335.410938779","72","72","72"
"12345.411466449","73","73","73"
"12355.416674525","73","73","73"
"12365.412097766","73","73","73"
"12375.411881532","73","73","73"
"12385.411308335","73","73","73"
"12395.415215525","73","73","73"
"12405.412571883","72","72","72"
"12415.41097255","73","73","73"
"12425.412050208","73","73","73"
"12435.411324969","72","72","72"
"12445.411418236","73","73","73"
"12455.417842019","73","73","73"
"12465.41253231","72","72","72"
"12475.411356277","73","73","73"
"12485.411429084","74","74","74"
"12495.414772009","73","73","73"
"12505.410964365","73","73","73"
"12515.413021697","73","73","73"
"12525.411388611","73","73","73"
"12535.410867256","74","74","74"
"12545.411731349","73","73","73"
"12555.411525398","73","73","73"
"12565.411458025","73","73","73"
"12575.411011446","72","72","72"
"12585.412027474","73","73","73"
"12595.416759559","73","73","73"
"12605.41321051","73","73","73"
"12615.411675921","73","73","73"
"12625.412473837","72","72","72"
"12635.416724396","73","73","73"
"12645.412299778","73","73","73"
"12655.411460146","73","73","73"
"12665.411726708","73","73","73"
"12675.412662889","73","73","73"
"12685.415454782","74","74","74"
"12695.411563748","73","73","73"
"12705.413091546","72","72","72"
"12715.416708171","72","72","72"
"12725.414656464","73","73","73"
"12735.410855684","72","72","72"
"12745.413684032","74","74","74"
"12755.411805631","72","72","72"
"12765.411412727","73","73","73"
"12775.412176554","74","74","74"
"12785.411161239","73","73","73"
"12795.411888749","72","72","72"
"12805.411561272","73","73","73"
"12815.411217408","73","73","73"
"12825.41200372","73","73","73"
"12835.411754687","72","72","72"
"12845.411609044","73","73","73"
"12855.416045738","73","73","73"
"12865.411490944","73","73","73"
"12875.41143739","73","73","73"
"12885.41626405","73","73","73"
"12895.410908279","74","74","74"
"12905.411355699","73","73","73"
"12915.413852081","73","73","73"
"12925.411887113","72","72","72"
"12935.411543478","74","74","74"
"12945.4115625","73","73","73"
"12955.412200175","74","74","74"
"12965.411435311","72","72","72"
"12975.41250896","73","73","73"
"12985.410914598","73","73","73"
"12995.410957068","72","72","72"
"13005.413022291","74","74","74"
"13015.411809145","72","72","72"
"13025.411447649","73","73","73"
"13035.411588795","73","73","73"
"13045.412180444","73","73","73"
"13055.411791451","73","73","73"
"13065.413841696","73","73","73"
"13075.415812464","73","73","73"
"13085.411040457","72","72","72"
"13095.411397598","73","73","73"
"13105.410853034","73","73","73"
"13115.416479185","74","74","74"
"13125.411215967","73","73","73"
"13135.4142032","73","73","73"
"13145.413608465","73","73","73"
"13155.411138778","73","73","73"
"13165.412081757","73","73","73"
"13175.411070815","73","73","73"
"13185.413125497","73","73","73"
"13195.411359027","73","73","73"
"13205.41231487","73","73","73"
"13215.412345184","73","73","73"
"13225.412695365","73","73","73"
"13235.411611046","73","73","73"
"13245.411153191","72","72","72"
"13255.411400816","73","73","73"
"13265.411458829","72","72","72"
"13275.41268247","73","73","73"
"13285.411977","73","73","73"
"13295.411385853","72","72","72"
"13305.413094623","74","74","74"
"13315.412438333","73","73","73"
"13325.411588357","73","73","73"
"13335.41113007","73","73","73"
"13345.421094375","73","73","73"
"13355.411930153","73","73","73"
"13365.411707562","73","73","73"
"13375.410937384","73","73","73"
"13385.412345287","73","73","73"
"13395.413128831","73","73","73"
"13405.411863551","73","73","73"
"13415.411707576","73","73","73"
"13425.41166484","72","72","72"
"13435.412871235","74","74","74"
"13445.411216997","73","73","73"
"13455.411175096","72","72","72"
"13465.412607914","73","73","73"
"13475.411292781","72","72","72"
"13485.4142939","73","73","73"
"13495.411709542","73","73","73"
"13505.411722204","73","73","73"
"13515.41111739","73","73","73"
"13525.411960703","73","73","73"
"13535.411678603","73","73","73"
"13545.412026936","73","73","73"
"13555.41312175","74","74","74"
"13565.41140249","73","73","73"
"13575.41181931","73","73","73"
"13585.416221719","73","73","73"
"13595.410840598","73","73","73"
"13605.411432195","74","74","74"
"13615.41087375","72","72","72"
"13625.410957829","74","74","74"
"13635.41199417","72","72","72"
"13645.411105529","74","74","74"
"13655.412128124","73","73","73"
"13665.411863077","73","73","73"
"13675.411874043","72","72","72"
"13685.417331012","74","74","74"
"13695.411337938","73","73","73"
"13705.412835169","72","72","72"
"13715.415327904","73","73","73"
"13725.41447303","74","74","74"
"13735.411371927","73","73","73"
"13745.412270156","73","73","73"
"13755.411011842","74","74","74"
"13765.411424392","73","73","73"
"13775.414950122","73","73","73"
"13785.415884233","72","72","72"
"13795.411002003","73","73","73"
"13805.412268388","72","72","72"
"13815.41187251","73","73","73"
"13825.411632698","73","73","73"
"13835.412011056","73","73","73"
"13845.412608983","72","72","72"
"13855.413473192","74","74","74"
"13865.412021948","73","73","73"
"13875.411269547","74","74","74"
"13885.411922994","73","73","73"
"13895.411902691","73","73","73"
"13905.412019522","73","73","73"
"13915.412511352","73","73","73"
"13925.412737548","73","73","73"
"13935.413683178","73","73","73"
"13945.418038512","74","74","74"
"13955.413428355","73","73","73"
"13965.41123403","73","73","73"
"13975.411438774","73","73","73"
"13985.414997204","73","73","73"
"13995.41222087","73","73","73"
"14005.411996701","73","73","73"
"14015.410927875","73","73","73"
"14025.411592438","73","73","73"
"14035.417840077","73","73","73"
"14045.411269262","73","73","73"
"14055.412179805","73","73","73"
"14065.418432933","74","74","74"
"14075.411269932","73","73","73"
"14085.411850326","73","73","73"
"14095.411524697","73","73","73"
"14105.415134634","73","73","73"
"14115.41613984","73","73","73"
"14125.412029787","73","73","73"
"14135.415035861","74","74","74"
"14145.412026888","73","73","73"
"14155.411825102","73","73","73"
"14165.413269422","73","73","73"
"14175.412694031","73","73","73"
"14185.411565871","74","74","74"
"14195.412714951","73","73","73"
"14205.414093358","73","73","73"
"14215.411419181","73","73","73"
"14225.412341364","73","73","73"
"14235.414595666","73","73","73"
"14245.418117596","73","73","73"
"14255.411151511","73","73","73"
"14265.411447243","73","73","73"
"14275.411159009","74","74","74"
"14285.411457995","73","73","73"
"14295.412089119","73","73","73"
"14305.411823837","73","73","73"
"14315.413251808","72","72","72"
"14325.414696334","73","73","73"
"14335.411281874","73","73","73"
"14345.411417716","73","73","73"
"14355.411534337","73","73","73"
"14365.414306623","74","74","74"
"14375.410952553","73","73","73"
"14385.411453061","73","73","73"
"14395.414106955","73","73","73"
"14405.412000258","73","73","73"
"14415.411951147","72","72","72"
"14425.410880642","73","73","73"
"14435.411776019","73","73","73"
"14445.413878881","73","73","73"
"14455.411598466","72","72","72"
"14465.41167202","72","72","72"
"14475.41226575","74","74","74"
"14485.411202983","73","73","73"
"14495.411965442","73","73","73"
"14505.412461166","73","73","73"
"14515.411731838","73","73","73"
"14525.411315438","73","73","73"
"14535.416245179","73","73","73"
"14545.41405029","73","73","73"
"14555.411637723","73","73","73"
"14565.411277298","72","72","72"
"14575.414582041","74","74","74"
"14585.411440629","73","73","73"
"14595.411666161","73","73","73"
"14605.411902854","73","73","73"
"14615.411270198","72","72","72"
"14625.411368652","74","74","74"
"14635.412309791","72","72","72"
"14645.41146079","73","73","73"
"14655.4122431","73","73","73"
"14665.411979518","72","72","72"
"14675.411691755","73","73","73"
"14685.412905332","73","73","73"
"14695.411994773","73","73","73"
"14705.411711681","74","74","74"
"14715.411436298","73","73","73"
"14725.414082399","73","73","73"
"14735.411369312","73","73","73"
"14745.414872325","73","73","73"
"14755.411704676","73","73","73"
"14765.411151285","73","73","73"
"14775.411097679","73","73","73"
"14785.41170766","73","73","73"
"14795.411845455","73","73","73"
"14805.411227646","73","73","73"
"14815.414618673","73","73","73"
"14825.41290328","73","73","73"
"14835.414611578","73","73","73"
"14845.416576392","73","73","73"
"14855.411187383","73","73","73"
"14865.41579597","72","72","72"
"14875.412451235","73","73","73"
"14885.411412778","73","73","73"
"14895.415977967","73","73","73"
"14905.412525403","73","73","73"
"14915.41193132","73","73","73"
"14925.41123794","73","73","73"
"14935.414516192","73","73","73"
"14945.411585967","74","74","74"
"14955.411238352","73","73","73"
"14965.411029574","73","73","73"
"14975.411535619","73","73","73"
"14985.415129716","73","73","73"
"14995.411206449","73","73","73"
"15005.411222091","73","73","73"
"15015.412164964","73","73","73"
"15025.414369494","73","73","73"
"15035.413321621","73","73","73"
"15045.411696579","74","74","74"
"15055.412436901","73","73","73"
"15065.412003113","73","73","73"
"15075.410980392","72","72","72"
"15085.413852314","73","73","73"
"15095.411857564","73","73","73"
"15105.41117416","73","73","73"
"15115.411249659","74","74","74"
"15125.41672082","73","73","73"
"15135.415228059","73","73","73"
"15145.411176723","73","73","73"
"15155.411729769","73","73","73"
"15165.413360727","71","71","71"
"15175.410812727","74","74","74"
"15185.411942164","73","73","73"
"15195.411973417","73","73","73"
"15205.411867284","73","73","73"
"15215.411350429","73","73","73"
"15225.417541196","73","73","73"
"15235.414914398","73","73","73"
"15245.411623677","73","73","73"
"15255.415206611","73","73","73"
"15265.414017487","73","73","73"
"15275.411513892","73","73","73"
"15285.411969837","73","73","73"
"15295.411841214","73","73","73"
"15305.412121217","74","74","74"
"15315.411538617","73","73","73"
"15325.410999965","73","73","73"
"15335.41716732","73","73","73"
"15345.410940977","73","73","73"
"15355.412259862","73","73","73"
"15365.415205916","74","74","74"
"15375.411162648","73","73","73"
"15385.413192088","73","73","73"
"15395.411710031","73","73","73"
"15405.411386136","74","74","74"
"15415.416440351","73","73","73"
"15425.415540426","72","72","72"
"15435.417433668","73","73","73"
"15445.411884161","73","73","73"
"15455.414609053","74","74","74"
"15465.414566273","73","73","73"
"15475.41128586","73","73","73"
"15485.411308863","73","73","73"
"15495.415678946","73","73","73"
"15505.415253652","73","73","73"
"15515.411218755","72","72","72"
"15525.411013961","73","73","73"
"15535.414309967","73","73","73"
"15545.413009217","73","73","73"
"15555.411568636","73","73","73"
"15565.41149475","73","73","73"
"15575.412446627","73","73","73"
"15585.411410415","73","73","73"
"15595.411315349","73","73","73"
"15605.414564638","73","73","73"
"15615.413227602","73","73","73"
"15625.415995838","73","73","73"
"15635.411340892","73","73","73"
"15645.414447519","73","73","73"
"15655.411398083","73","73","73"
"15665.411733601","73","73","73"
"15675.411730814","73","73","73"
"15685.412562296","73","73","73"
"15695.415708579","73","73","73"
"15705.411120088","73","73","73"
"15715.41235391","74","74","74"
"15725.411741857","73","73","73"
"15735.411646958","73","73","73"
"15745.413192116","72","72","72"
"15755.411138971","73","73","73"
"15765.412686347","73","73","73"
"15775.413164323","74","74","74"
"15785.416848519","73","73","73"
"15795.41113365","74","74","74"
"15805.410865563","73","73","73"
"15815.41573461","73","73","73"
"15825.411095985","72","72","72"
"15835.411579241","73","73","73"
"15845.411427871","72","72","72"
"15855.411252492","73","73","73"
"15865.411277955","73","73","73"
"15875.410976627","73","73","73"
"15885.411688232","73","73","73"
"15895.418174209","73","73","73"
"15905.411205902","73","73","73"
"15915.41126283","73","73","73"
"15925.4131369","73","73","73"
"15935.41187201","73","73","73"
"15945.412220379","73","73","73"
"15955.41247029","73","73","73"
"15965.412502693","73","73","73"
"15975.419678438","73","73","73"
"15985.412209417","73","73","73"
"15995.411356281","73","73","73"
"16005.420297151","74","74","74"
"16015.41461106","72","72","72"
"16025.415185802","73","73","73"
"16035.412119891","73","73","73"
"16045.411009861","73","73","73"
"16055.410987097","72","72","72"
"16065.411703219","74","74","74"
"16075.41154775","73","73","73"
"16085.412764567","73","73","73"
"16095.411779951","74","74","74"
"16105.411579933","73","73","73"
"16115.412043851","73","73","73"
"16125.411290401","73","73","73"
"16135.41160907","73","73","73"
"16145.411507802","74","74","74"
"16155.413932798","73","73","73"
"16165.412116674","73","73","73"
"16175.41325895","73","73","73"
"16185.416793222","73","73","73"
"16195.412579377","73","73","73"
"16205.411569287","73","73","73"
"16215.411435628","73","73","73"
"16225.411516739","73","73","73"
"16235.411506437","73","73","73"
"16245.411878512","73","73","73"
"16255.411452305","73","73","73"
"16265.410952195","72","72","72"
"16275.414367298","74","74","74"
"16285.41338949","73","73","73"
"16295.411086767","72","72","72"
"16305.411863361","73","73","73"
"16315.411849125","74","74","74"
"16325.411346509","73","73","73"
"16335.414278841","73","73","73"
"16345.411165037","73","73","73"
"16355.413161757","73","73","73"
"16365.411182993","73","73","73"
"16375.411991954","73","73","73"
"16385.414040552","74","74","74"
"16395.414828545","73","73","73"
"16405.412473367","73","73","73"
"16415.411183225","73","73","73"
"16425.410967297","73","73","73"
"16435.418873709","73","73","73"
"16445.411260544","73","73","73"
"16455.411069457","72","72","72"
"16465.414052931","73","73","73"
"16475.411720659","73","73","73"
"16485.411528304","73","73","73"
"16495.412704558","73","73","73"
"16505.411389632","72","72","72"
"16515.411890958","73","73","73"
"16525.412789396","73","73","73"
"16535.412603164","73","73","73"
"16545.4122294","74","74","74"
"16555.411665097","72","72","72"
"16565.411768055","73","73","73"
"16575.412086041","73","73","73"
"16585.411528418","73","73","73"
"16595.412360592","72","72","72"
"16605.412549215","73","73","73"
"16615.412316564","72","72","72"
"16625.411450121","73","73","73"
"16635.411722008","73","73","73"
"16645.412085111","73","73","73"
"16655.411345897","73","73","73"
"16665.412177693","73","73","73"
"16675.412422763","73","73","73"
"16685.411541434","73","73","73"
"16695.411735329","73","73","73"
"16705.410925661","73","73","73"
"16715.413026897","73","73","73"
"16725.411703539","73","73","73"
"16735.417109808","74","74","74"
"16745.411806843","73","73","73"
"16755.411424655","74","74","74"
"16765.411584571","72","72","72"
"16775.413770942","73","73","73"
"16785.413139985","73","73","73"
"16795.411604733","73","73","73"
"16805.411205363","73","73","73"
"16815.414737276","73","73","73"
"16825.41155854","72","72","72"
"16835.411025773","74","74","74"
"16845.411913702","73","73","73"
"16855.411421998","73","73","73"
"16865.410919466","74","74","74"
"16875.412388529","73","73","73"
"16885.411220052","74","74","74"
"16895.410953839","73","73","73"
"16905.411163155","73","73","73"
"16915.412411194","73","73","73"
"16925.411439862","73","73","73"
"16935.412305253","73","73","73"
"16945.412024813","73","73","73"
"16955.412293367","73","73","73"
"16965.416906348","73","73","73"
"16975.41639745","73","73","73"
"16985.411087936","73","73","73"
"16995.418844262","73","73","73"
"17005.411002284","72","72","72"
"17015.411433585","74","74","74"
"17025.416205959","73","73","73"
"17035.413623555","74","74","74"
"17045.412886008","72","72","72"
"17055.415457861","73","73","73"
"17065.411144614","74","74","74"
"17075.422205086","73","73","73"
"17085.415441127","73","73","73"
"17095.415527053","74","74","74"
"17105.410959575","73","73","73"
"17115.417015602","73","73","73"
"17125.412598467","73","73","73"
"17135.415765473","73","73","73"
"17145.411648351","74","74","74"
"17155.415783059","73","73","73"
"17165.415492692","73","73","73"
"17175.411016628","72","72","72"
"17185.412176223","73","73","73"
"17195.411863744","73","73","73"
"17205.411277024","73","73","73"
"17215.411776228","73","73","73"
"17225.414702742","73","73","73"
"17235.412717337","73","73","73"
"17245.411469857","74","74","74"
"17255.411664709","73","73","73"
"17265.411755402","73","73","73"
"17275.411315296","72","72","72"
"17285.411651735","73","73","73"
"17295.411496768","73","73","73"
"17305.414526704","73","73","73"
"17315.414795574","73","73","73"
"17325.412884664","73","73","73"
"17335.411854237","73","73","73"
"17345.410899099","73","73","73"
"17355.410881324","73","73","73"
"17365.411553281","73","73","73"
"17375.415279109","73","73","73"
"17385.413181137","74","74","74"
"17395.412397113","73","73","73"
"17405.41192163","73","73","73"
"17415.41327304","73","73","73"
"17425.415445775","73","73","73"
"17435.411658329","73","73","73"
"17445.411331354","73","73","73"
"17455.411478077","74","74","74"
"17465.411039266","73","73","73"
"17475.414749461","73","73","73"
"17485.412078142","73","73","73"
"17495.41156014","73","73","73"
"17505.415433692","73","73","73"
"17515.413709523","72","72","72"
"17525.411817504","73","73","73"
"17535.411616286","73","73","73"
"17545.4125467","74","74","74"
"17555.41143363","73","73","73"
"17565.411328914","74","74","74"
"17575.41246371","73","73","73"
"17585.414201662","74","74","74"
"17595.419076207","73","73","73"
"17605.411766236","73","73","73"
"17615.411264976","72","72","72"
"17625.411184759","73","73","73"
"17635.411902861","72","72","72"
"17645.411371383","72","72","72"
"17655.410928919","74","74","74"
"17665.412037337","73","73","73"
"17675.412934846","73","73","73"
"17685.410911133","72","72","72"
"17695.411186295","73","73","73"
"17705.418137232","73","73","73"
"17715.413100252","74","74","74"
"17725.412194179","73","73","73"
"17735.415641859","73","73","73"
"17745.41266363","73","73","73"
"17755.411442736","73","73","73"
"17765.412080062","73","73","73"
"17775.413860412","73","73","73"
"17785.4118634","73","73","73"
"17795.411809385","74","74","74"
"17805.411413798","73","73","73"
"17815.413402252","72","72","72"
"17825.410840576","73","73","73"
"17835.412168478","73","73","73"
"17845.411432367","73","73","73"
"17855.411676856","73","73","73"
"17865.410988497","73","73","73"
"17875.411851972","74","74","74"
"17885.414596553","72","72","72"
"17895.411929844","73","73","73"
"17905.411838415","73","73","73"
"17915.411644422","72","72","72"
"17925.41201219","74","74","74"
"17935.411466531","73","73","73"
"17945.411935088","73","73","73"
"17955.411665603","73","73","73"
"17965.415940901","73","73","73"
"17975.412212719","73","73","73"
"17985.410907908","72","72","72"
"17995.412164785","73","73","73"
"18005.411715474","73","73","73"
"18015.412579927","73","73","73"
"18025.414366235","73","73","73"
"18035.411745261","73","73","73"
"18045.411449953","73","73","73"
"18055.412268778","73","73","73"
"18065.415591221","73","73","73"
"18075.414728955","73","73","73"
"18085.411641915","73","73","73"
"18095.411459766","73","73","73"
"18105.412263263","73","73","73"
"18115.411198578","74","74","74"
"18125.413680857","73","73","73"
"18135.413168418","73","73","73"
"18145.411144881","73","73","73"
"18155.411293803","73","73","73"
"18165.412387127","73","73","73"
"18175.412662875","73","73","73"
"18185.411628242","73","73","73"
"18195.412041299","73","73","73"
"18205.411281048","73","73","73"
"18215.413684928","73","73","73"
"18225.411252903","73","73","73"
"18235.41170825","73","73","73"
"18245.412167197","73","73","73"
"18255.417327407","73","73","73"
"18265.4115229","74","74","74"
"18275.411458114","72","72","72"
"18285.420706364","73","73","73"
"18295.414613042","73","73","73"
"18305.415027125","74","74","74"
"18315.414121931","73","73","73"
"18325.413005741","73","73","73"
"18335.413969824","72","72","72"
"18345.41137197","74","74","74"
"18355.411023364","73","73","73"
"18365.411676087","74","74","74"
"18375.413764493","73","73","73"
"18385.412553814","73","73","73"
"18395.411870042","73","73","73"
"18405.418608965","73","73","73"
"18415.415793535","73","73","73"
"18425.413494124","73","73","73"
"18435.411182109","73","73","73"
"18445.411589932","73","73","73"
"18455.411733169","73","73","73"
"18465.411442565","73","73","73"
"18475.414434277","73","73","73"
"18485.410825606","73","73","73"
"18495.410996249","73","73","73"
"18505.411746515","73","73","73"
"18515.411600669","73","73","73"
"18525.411507637","73","73","73"
"18535.411049068","72","72","72"
"18545.411533541","74","74","74"
"18555.418513696","73","73","73"
"18565.413694354","73","73","73"
"18575.410858969","73","73","73"
"18585.411103786","73","73","73"
"18595.412821622","73","73","73"
"18605.414904207","73","73","73"
"18615.414468271","73","73","73"
"18625.411434639","73","73","73"
"18635.411442584","73","73","73"
"18645.41462623","73","73","73"
"18655.413865691","73","73","73"
"18665.411602723","73","73","73"
"18675.418768125","73","73","73"
"18685.412286233","73","73","73"
"18695.413704484","73","73","73"
"18705.410955478","73","73","73"
"18715.410902409","74","74","74"
"18725.413692794","73","73","73"
"18735.411709924","73","73","73"
"18745.411683044","73","73","73"
"18755.412591127","73","73","73"
"18765.411370658","73","73","73"
"18775.411142735","73","73","73"
"18785.41074566","74","74","74"
"18795.412606745","73","73","73"
"18805.411450004","74","74","74"
"18815.416207406","73","73","73"
"18825.410909786","73","73","73"
"18835.411912266","73","73","73"
"18845.410956169","73","73","73"
"18855.412017693","73","73","73"
"18865.414657036","73","73","73"
"18875.411780157","73","73","73"
"18885.41299209","73","73","73"
"18895.411917256","73","73","73"
"18905.411193715","73","73","73"
"18915.410943641","74","74","74"
"18925.411899857","72","72","72"
"18935.411430959","73","73","73"
"18945.419483209","74","74","74"
"18955.411352589","74","74","74"
"18965.41470277","73","73","73"
"18975.410881324","74","74","74"
"18985.411906244","73","73","73"
"18995.413552089","74","74","74"
"19005.415322895","72","72","72"
"19015.411566972","74","74","74"
"19025.411735325","72","72","72"
"19035.41814536","73","73","73"
"19045.412112405","73","73","73"
"19055.411318459","73","73","73"
"19065.411632354","73","73","73"
"19075.410919171","73","73","73"
"19085.411626939","73","73","73"
"19095.411828614","73","73","73"
"19105.415412517","73","73","73"
"19115.413483734","73","73","73"
"19125.412264333","73","73","73"
"19135.412307672","73","73","73"
"19145.414174703","72","72","72"
"19155.412821677","73","73","73"
"19165.411785967","73","73","73"
"19175.413683034","73","73","73"
"19185.411885101","73","73","73"
"19195.414860324","73","73","73"
"19205.411801765","73","73","73"
"19215.41165154","73","73","73"
"19225.414878464","73","73","73"
"19235.41134472","72","72","72"
"19245.411462533","73","73","73"
"19255.411690469","73","73","73"
"19265.416271762","73","73","73"
"19275.411183275","73","73","73"
"19285.41116831","73","73","73"
"19295.415356679","73","73","73"
"19305.414333855","74","74","74"
"19315.418994285","72","72","72"
"19325.413439369","73","73","73"
"19335.411726214","73","73","73"
"19345.412243432","73","73","73"
"19355.411409069","72","72","72"
"19365.411625577","73","73","73"
"19375.411524855","73","73","73"
"19385.414954959","74","74","74"
"19395.411077387","73","73","73"
"19405.411714139","73","73","73"
"19415.41220394","73","73","73"
"19425.411485922","73","73","73"
"19435.412095721","74","74","74"
"19445.411289194","73","73","73"
"19455.412159413","73","73","73"
"19465.411138264","73","73","73"
"19475.411233725","73","73","73"
"19485.412319048","73","73","73"
"19495.417075964","73","73","73"
"19505.411627738","73","73","73"
"19515.412018506","73","73","73"
"19525.415458771","74","74","74"
"19535.411927974","73","73","73"
"19545.412359599","73","73","73"
"19555.417245553","73","73","73"
"19565.414099056","73","73","73"
"19575.411904289","72","72","72"
"19585.412756917","72","72","72"
"19595.412098722","73","73","73"
"19605.411348936","73","73","73"
"19615.414596103","73","73","73"
"19625.413135969","73","73","73"
"19635.411218866","73","73","73"
"19645.411591585","73","73","73"
"19655.411188553","73","73","73"
"19665.411942138","73","73","73"
"19675.411208725","72","72","72"
"19685.411432656","74","74","74"
"19695.411623157","73","73","73"
"19705.411871591","73","73","73"
"19715.412215345","73","73","73"
"19725.412906102","73","73","73"
"19735.411340287","73","73","73"
"19745.411619173","73","73","73"
"19755.412181755","73","73","73"
"19765.412909541","72","72","72"
"19775.411887504","72","72","72"
"19785.415996571","73","73","73"
"19795.412846482","73","73","73"
"19805.412234051","73","73","73"
"19815.411644052","73","73","73"
"19825.411622832","73","73","73"
"19835.410839492","73","73","73"
"19845.411888416","73","73","73"
"19855.412301373","73","73","73"
"19865.41238304","73","73","73"
"19875.41218203","73","73","73"
"19885.411374271","73","73","73"
"19895.413434449","73","73","73"
"19905.411878333","72","72","72"
"19915.412597635","72","72","72"
"19925.412279645","73","73","73"
"19935.416261429","73","73","73"
"19945.411437492","73","73","73"
"19955.412591944","72","72","72"
"19965.411903742","74","74","74"
"19975.411989724","73","73","73"
"19985.412131215","74","74","74"
"19995.413325102","73","73","73"
"20005.41210521","74","74","74"
"20015.414738761","73","73","73"
"20025.411579709","74","74","74"
"20035.413312477","73","73","73"
"20045.411308638","73","73","73"
"20055.415867175","72","72","72"
"20065.411411831","73","73","73"
"20075.410899156","73","73","73"
"20085.41351569","73","73","73"
"20095.416433605","73","73","73"
"20105.41193267","74","74","74"
"20115.411733931","72","72","72"
"20125.412600939","73","73","73"
"20135.411462576","73","73","73"
"20145.412426192","73","73","73"
"20155.411032559","73","73","73"
"20165.417511918","74","74","74"
"20175.412216944","73","73","73"
"20185.411542675","73","73","73"
"20195.414654573","73","73","73"
"20205.410681827","74","74","74"
"20215.411633814","73","73","73"
"20225.412994935","73","73","73"
"20235.41146275","72","72","72"
"20245.412278481","73","73","73"
"20255.411531172","73","73","73"
"20265.411767421","73","73","73"
"20275.416192387","74","74","74"
"20285.411604251","73","73","73"
"20295.411438048","73","73","73"
"20305.41074606","73","73","73"
"20315.414228371","73","73","73"
"20325.411028254","73","73","73"
"20335.410839191","73","73","73"
"20345.414593954","73","73","73"
"20355.412673542","74","74","74"
"20365.412237366","72","72","72"
"20375.414606598","74","74","74"
"20385.412556626","73","73","73"
"20395.411814209","72","72","72"
"20405.415877942","74","74","74"
"20415.412384781","73","73","73"
"20425.411695941","73","73","73"
"20435.418070423","73","73","73"
"20445.411354967","73","73","73"
"20455.410668117","72","72","72"
"20465.411600641","73","73","73"
"20475.412101737","73","73","73"
"20485.410751184","73","73","73"
"20495.411753985","72","72","72"
"20505.413073486","73","73","73"
"20515.411184111","72","72","72"
"20525.411327899","73","73","73"
"20535.411023183","73","73","73"
"20545.410995427","73","73","73"
"20555.411940353","73","73","73"
"20565.411240289","73","73","73"
"20575.411670571","73","73","73"
"20585.414614768","72","72","72"
"20595.412005727","73","73","73"
"20605.415095031","73","73","73"
"20615.411363006","73","73","73"
"20625.412626867","73","73","73"
"20635.419225253","73","73","73"
"20645.41111751","73","73","73"
"20655.411253983","73","73","73"
"20665.418812255","73","73","73"
"20675.411854047","73","73","73"
"20685.412831509","73","73","73"
"20695.411118648","73","73","73"
"20705.414531906","73","73","73"
"20715.411295648","73","73","73"
"20725.412855753","73","73","73"
"20735.419676862","73","73","73"
"20745.412213712","73","73","73"
"20755.411781146","72","72","72"
"20765.411127212","73","73","73"
"20775.411900914","74","74","74"
"20785.416049567","73","73","73"
"20795.411668707","74","74","74"
"20805.412070626","73","73","73"
"20815.411440846","73","73","73"
"20825.414395225","73","73","73"
"20835.410903316","72","72","72"
"20845.417256408","73","73","73"
"20855.412080907","73","73","73"
"20865.413074522","72","72","72"
"20875.411786355","74","74","74"
"20885.411159365","73","73","73"
"20895.411858433","72","72","72"
"20905.416318656","74","74","74"
"20915.411312613","73","73","73"
"20925.420506259","72","72","72"
"20935.414798704","73","73","73"
"20945.411339667","73","73","73"
"20955.412692392","73","73","73"
"20965.410843417","73","73","73"
"20975.411485508","73","73","73"
"20985.412029648","73","73","73"
"20995.411048406","73","73","73"
"21005.41115382","73","73","73"
"21015.411174191","72","72","72"
"21025.412010121","73","73","73"
"21035.411531666","72","72","72"
"21045.410807805","73","73","73"
"21055.410907174","72","72","72"
"21065.413589199","73","73","73"
"21075.411154131","73","73","73"
"21085.411889643","74","74","74"
"21095.411926805","73","73","73"
"21105.415934155","73","73","73"
"21115.411561251","72","72","72"
"21125.411691546","73","73","73"
"21135.411664606","73","73","73"
"21145.411813706","74","74","74"
"21155.411716463","72","72","72"
"21165.411007726","74","74","74"
"21175.414131007","72","72","72"
"21185.412355094","73","73","73"
"21195.410958494","73","73","73"
"21205.411491341","74","74","74"
"21215.411144121","73","73","73"
"21225.415965416","73","73","73"
"21235.412002091","73","73","73"
"21245.411347355","73","73","73"
"21255.410797256","73","73","73"
"21265.414690998","73","73","73"
"21275.41143294","73","73","73"
"21285.411779562","73","73","73"
"21295.411261685","73","73","73"
"21305.411117526","73","73","73"
"21315.411817156","73","73","73"
"21325.411743139","73","73","73"
"21335.410923686","73","73","73"
"21345.411586221","73","73","73"
"21355.411100041","73","73","73"
"21365.414738323","74","74","74"
"21375.410958013","73","73","73"
"21385.413664776","73","73","73"
"21395.411742374","73","73","73"
"21405.412509937","73","73","73"
"21415.416779707","73","73","73"
"21425.411983897","74","74","74"
"21435.411504492","72","72","72"
"21445.411770402","73","73","73"
"21455.411731832","73","73","73"
"21465.414796665","73","73","73"
"21475.412425026","72","72","72"
"21485.414610619","73","73","73"
"21495.411737289","72","72","72"
"21505.411828295","73","73","73"
"21515.412289871","73","73","73"
"21525.411566255","73","73","73"
"21535.410959568","73","73","73"
"21545.413382714","73","73","73"
"21555.412409617","73","73","73"
"21565.410853061","74","74","74"
"21575.411662959","72","72","72"
"21585.41441544","74","74","74"
"21595.411163625","73","73","73"
"21605.414583713","74","74","74"
"21615.411029177","72","72","72"
"21625.411322382","74","74","74"
"21635.414531085","73","73","73"
"21645.411504803","73","73","73"
"21655.41170018","73","73","73"
"21665.411873787","73","73","73"
"21675.414143549","73","73","73"
"21685.411627634","73","73","73"
"21695.412628","73","73","73"
"21705.411436984","73","73","73"
"21715.411856421","73","73","73"
"21725.412381919","73","73","73"
"21735.413360233","73","73","73"
"21745.413363563","72","72","72"
"21755.416473772","73","73","73"
"21765.412606195","73","73","73"
"21775.41502054","72","72","72"
"21785.413047487","74","74","74"
"21795.41142496","73","73","73"
"21805.411449574","72","72","72"
"21815.412398965","73","73","73"
"21825.412333113","73","73","73"
"21835.412071517","74","74","74"
"21845.412094384","73","73","73"
"21855.411684957","74","74","74"
"21865.411393681","73","73","73"
"21875.411983804","73","73","73"
"21885.420743848","73","73","73"
"21895.416388958","73","73","73"
"21905.41120506","73","73","73"
"21915.412163033","73","73","73"
"21925.416572535","74","74","74"
"21935.413674203","73","73","73"
"21945.410895658","73","73","73"
"21955.413488925","74","74","74"
"21965.415297453","73","73","73"
"21975.412302389","73","73","73"
"21985.411688803","73","73","73"
"21995.41099758","73","73","73"
"22005.411176737","73","73","73"
"22015.412721314","73","73","73"
"22025.411577031","73","73","73"
"22035.41115759","73","73","73"
"22045.412794871","73","73","73"
"22055.411471331","72","72","72"
"22065.411538565","74","74","74"
"22075.415527924","74","74","74"
"22085.411966646","73","73","73"
"22095.411984464","73","73","73"
"22105.412352945","73","73","73"
"22115.411365395","73","73","73"
"22125.411559135","72","72","72"
"22135.411892921","73","73","73"
"22145.411526141","73","73","73"
"22155.411850268","73","73","73"
"22165.411488442","73","73","73"
"22175.411726331","73","73","73"
"22185.411479748","73","73","73"
"22195.41771005","73","73","73"
"22205.415028993","73","73","73"
"22215.418107443","73","73","73"
"22225.411551024","73","73","73"
"22235.41181597","73","73","73"
"22245.411795287","74","74","74"
"22255.413806954","72","72","72"
"22265.411418244","74","74","74"
"22275.410900863","73","73","73"
"22285.413886392","73","73","73"
"22295.411602212","73","73","73"
"22305.411284477","74","74","74"
"22315.414142447","73","73","73"
"22325.411145657","73","73","73"
"22335.411243103","73","73","73"
"22345.411006746","73","73","73"
"22355.410919939","73","73","73"
"22365.411567796","73","73","73"
"22375.410999082","72","72","72"
"22385.411441955","73","73","73"
"22395.420929948","73","73","73"
"22405.414120522","73","73","73"
"22415.411146886","73","73","73"
"22425.410993703","73","73","73"
"22435.412349014","73","73","73"
"22445.41160683","73","73","73"
"22455.415431298","72","72","72"
"22465.41245829","73","73","73"
"22475.411971777","73","73","73"
"22485.413440752","72","72","72"
"22495.412726073","73","73","73"
"22505.412432528","68","68","68"
"22515.41091563","67","67","67"
"22525.411734797","67","67","67"
"22535.410897348","67","67","67"
"22545.41219946","66","66","66"
"22555.411201847","66","66","66"
"22565.411435841","66","66","66"
"22575.411372067","66","66","66"
"22585.411537001","66","66","66"
"22595.412843188","66","66","66"
"22605.411348198","66","66","66"
"22615.411265835","66","66","66"
"22775.411693486","43","43","43"
"22785.412247218","43","43","43"
"22825.411309537","41","41","41"
"22895.412129727","39","39","39"
"23165.410852469","37","37","37"
"23175.410951642","37","37","37"
"23735.411809428","36","36","36"
"23745.411985866","37","37","37"
"23755.413535802","37","37","37"
"23765.411525562","37","37","37"
"23775.411473392","37","37","37"
"23785.411322184","37","37","37"
"23795.414205548","37","37","37"
"23805.410675285","37","37","37"
"23815.411662744","37","37","37"
"23825.412009404","37","37","37"
"23835.411818005","37","37","37"
"23845.414435924","37","37","37"
"23855.413622886","37","37","37"
"23865.413013182","37","37","37"
"23875.412149596","37","37","37"
"23885.411627594","37","37","37"
"23895.410916072","37","37","37"
"23905.412483719","37","37","37"
"23915.411929245","37","37","37"
"23925.410735442","37","37","37"
"23935.411865707","37","37","37"
"23945.414130796","37","37","37"
"23955.422960364","37","37","37"
"23965.411434901","37","37","37"
"23975.415647203","37","37","37"
"23985.414186618","37","37","37"
"23995.415701072","37","37","37"
"24005.415935807","37","37","37"
"24015.413742565","37","37","37"
"24025.4115708","37","37","37"
"24035.410426062","37","37","37"
"24185.411843267","37","37","37"
"24195.411637232","37","37","37"
"24205.41135783","37","37","37"
"24215.411147422","37","37","37"
"24225.411620244","37","37","37"
"24235.411848124","37","37","37"
"24365.411133672","37","37","37"
"24375.41101276","37","37","37"
"24385.411511192","37","37","37"
"24435.411047088","37","37","37"
"24445.411867952","37","37","37"
"24455.411126821","37","37","37"