"Relative Time (Process)","StudyAbroadGPT-7B - system/gpu.0.gpu","StudyAbroadGPT-7B - system/gpu.0.gpu__MIN","StudyAbroadGPT-7B - system/gpu.0.gpu__MAX"
"15.425162786","0","0","0"
"25.411170905","0","0","0"
"35.41650665","0","0","0"
"45.412082953","18","18","18"
"55.411647896","97","97","97"
"65.410750028","100","100","100"
"75.411987443","100","100","100"
"85.411154126","100","100","100"
"95.413444781","100","100","100"
"105.411745891","100","100","100"
"115.41526759","100","100","100"
"125.41274821","100","100","100"
"135.411143151","100","100","100"
"145.411460307","100","100","100"
"155.411179978","100","100","100"
"165.412856815","100","100","100"
"175.411718585","100","100","100"
"185.417926847","100","100","100"
"195.416734093","100","100","100"
"205.412168924","100","100","100"
"215.412241878","100","100","100"
"225.410963416","100","100","100"
"235.410916983","100","100","100"
"245.412930809","100","100","100"
"255.413412871","100","100","100"
"265.413962464","100","100","100"
"275.411847665","100","100","100"
"285.412324095","100","100","100"
"295.411800343","100","100","100"
"305.410990462","100","100","100"
"315.411803627","100","100","100"
"325.411617658","100","100","100"
"335.411659993","100","100","100"
"345.411543407","100","100","100"
"355.413576806","100","100","100"
"365.413375701","100","100","100"
"375.411880802","100","100","100"
"385.411386865","100","100","100"
"395.411922033","100","100","100"
"405.411579238","100","100","100"
"415.413208171","100","100","100"
"425.411391685","100","100","100"
"435.420564496","100","100","100"
"445.411278326","100","100","100"
"455.41154727","100","100","100"
"465.411873358","100","100","100"
"475.411543309","100","100","100"
"485.411307525","100","100","100"
"495.414186389","100","100","100"
"505.411627115","100","100","100"
"515.411643092","100","100","100"
"525.411536543","100","100","100"
"535.411961667","100","100","100"
"545.414903766","100","100","100"
"555.411574335","100","100","100"
"565.411605238","100","100","100"
"575.411886907","100","100","100"
"585.411148157","100","100","100"
"595.411790811","100","100","100"
"605.412844287","100","100","100"
"615.410959963","100","100","100"
"625.411152162","100","100","100"
"635.41115456","100","100","100"
"645.411396866","100","100","100"
"655.411215965","100","100","100"
"665.411447617","100","100","100"
"675.411708735","100","100","100"
"685.413250269","100","100","100"
"695.415712913","100","100","100"
"705.414790098","100","100","100"
"715.416117331","100","100","100"
"725.41243373","59","59","59"
"735.412204049","100","100","100"
"745.422772159","95","95","95"
"755.41140016","100","100","100"
"765.413200131","100","100","100"
"775.411287526","100","100","100"
"785.413768296","100","100","100"
"795.414209559","100","100","100"
"805.410863026","100","100","100"
"815.418935021","100","100","100"
"825.411161662","100","100","100"
"835.411784927","100","100","100"
"845.411410987","100","100","100"
"855.411450387","100","100","100"
"865.411566001","100","100","100"
"875.411758451","100","100","100"
"885.411256187","100","100","100"
"895.413545923","100","100","100"
"905.414758753","100","100","100"
"915.414766365","100","100","100"
"925.411433485","100","100","100"
"935.416039687","100","100","100"
"945.415146133","100","100","100"
"955.411211883","100","100","100"
"965.410949956","100","100","100"
"975.411458911","100","100","100"
"985.41217042","100","100","100"
"995.410882181","100","100","100"
"1005.416159593","100","100","100"
"1015.417560419","100","100","100"
"1025.41220331","100","100","100"
"1035.412366807","100","100","100"
"1045.411945639","100","100","100"
"1055.411855749","100","100","100"
"1065.411972843","100","100","100"
"1075.414148612","100","100","100"
"1085.412118514","100","100","100"
"1095.411621803","100","100","100"
"1105.411358289","100","100","100"
"1165.411526091","0","0","0"
"1175.411280377","0","0","0"
"1185.411684127","100","100","100"
"1195.411098065","100","100","100"
"1205.411416427","100","100","100"
"1215.414845045","100","100","100"
"1225.416654044","100","100","100"
"1235.421953468","100","100","100"
"1245.412685559","100","100","100"
"1255.411782876","100","100","100"
"1265.417403917","100","100","100"
"1275.412366462","100","100","100"
"1285.412067447","100","100","100"
"1295.412269139","100","100","100"
"1305.414049776","100","100","100"
"1315.412324033","100","100","100"
"1325.411433718","100","100","100"
"1335.411620528","100","100","100"
"1345.42071848","100","100","100"
"1355.411978755","100","100","100"
"1365.411280973","100","100","100"
"1375.411685197","100","100","100"
"1385.412401337","100","100","100"
"1395.413757554","100","100","100"
"1405.415982389","100","100","100"
"1415.414811241","100","100","100"
"1425.411018948","100","100","100"
"1435.417357699","100","100","100"
"1445.412702813","100","100","100"
"1455.411861168","100","100","100"
"1465.411470573","100","100","100"
"1475.416475973","100","100","100"
"1485.411978191","100","100","100"
"1495.411225047","100","100","100"
"1505.411418593","100","100","100"
"1515.412096692","100","100","100"
"1525.411797115","100","100","100"
"1535.41215091","100","100","100"
"1545.411575285","100","100","100"
"1555.413502788","100","100","100"
"1565.411770218","100","100","100"
"1575.411377596","100","100","100"
"1585.413201754","96","96","96"
"1595.41208573","100","100","100"
"1605.411505287","100","100","100"
"1615.41119377","100","100","100"
"1625.414853191","100","100","100"
"1635.411561774","100","100","100"
"1645.411175304","100","100","100"
"1655.414889588","100","100","100"
"1665.412189542","100","100","100"
"1675.411589644","100","100","100"
"1685.411341906","100","100","100"
"1695.41133584","100","100","100"
"1705.411849433","100","100","100"
"1715.411816956","100","100","100"
"1725.411594798","100","100","100"
"1735.411436234","100","100","100"
"1745.412907621","100","100","100"
"1755.412017972","100","100","100"
"1765.412928491","100","100","100"
"1775.411452888","100","100","100"
"1785.41129968","100","100","100"
"1795.411356581","100","100","100"
"1805.41169315","100","100","100"
"1815.412798172","100","100","100"
"1825.411378939","100","100","100"
"1835.411087002","100","100","100"
"1845.415328485","100","100","100"
"1855.412131859","100","100","100"
"1865.411642772","100","100","100"
"1875.411685599","100","100","100"
"1885.415151084","100","100","100"
"1895.410943346","100","100","100"
"1905.411863177","100","100","100"
"1915.414444999","88","88","88"
"1925.411661817","100","100","100"
"1935.411822146","100","100","100"
"1945.410928452","100","100","100"
"1955.411954203","100","100","100"
"1965.411688597","100","100","100"
"1975.411296676","100","100","100"
"1985.411615627","100","100","100"
"1995.411671586","100","100","100"
"2005.411340933","100","100","100"
"2015.411535953","100","100","100"
"2025.419728547","100","100","100"
"2035.416590021","100","100","100"
"2045.410984659","100","100","100"
"2055.410947966","100","100","100"
"2065.417816842","100","100","100"
"2075.41819205","100","100","100"
"2085.411611926","100","100","100"
"2095.412664482","100","100","100"
"2105.413740336","100","100","100"
"2115.412671575","100","100","100"
"2125.411266492","100","100","100"
"2135.412028954","100","100","100"
"2145.412587752","100","100","100"
"2155.416712195","100","100","100"
"2165.411165136","100","100","100"
"2175.411513244","100","100","100"
"2185.412031306","100","100","100"
"2195.410952215","100","100","100"
"2205.411903602","100","100","100"
"2215.414278402","100","100","100"
"2225.412007559","100","100","100"
"2235.411102679","100","100","100"
"2245.411622578","100","100","100"
"2255.418894774","100","100","100"
"2265.414956628","89","89","89"
"2275.41184301","100","100","100"
"2285.410963977","100","100","100"
"2295.412530662","100","100","100"
"2305.412772184","100","100","100"
"2315.411893112","100","100","100"
"2325.412098662","100","100","100"
"2335.411781539","100","100","100"
"2345.413673703","100","100","100"
"2355.411483871","100","100","100"
"2365.414724332","100","100","100"
"2375.411127442","59","59","59"
"2385.412079876","100","100","100"
"2395.413505507","100","100","100"
"2405.411173636","100","100","100"
"2415.411728608","100","100","100"
"2425.41421959","100","100","100"
"2435.411555875","100","100","100"
"2445.412270359","100","100","100"
"2455.415381257","100","100","100"
"2465.411972076","100","100","100"
"2475.411609934","100","100","100"
"2485.420319276","100","100","100"
"2495.412461321","100","100","100"
"2505.411227115","100","100","100"
"2515.412221748","100","100","100"
"2525.41166809","100","100","100"
"2535.411933454","100","100","100"
"2545.411108089","100","100","100"
"2555.415908782","100","100","100"
"2565.41164305","100","100","100"
"2575.411383217","100","100","100"
"2585.411887438","100","100","100"
"2595.411575131","100","100","100"
"2605.412543687","100","100","100"
"2615.412879141","100","100","100"
"2625.412219673","100","100","100"
"2635.415326391","100","100","100"
"2645.412669842","100","100","100"
"2655.414269862","100","100","100"
"2665.411804598","100","100","100"
"2675.412909718","100","100","100"
"2685.41492717","100","100","100"
"2695.415691622","100","100","100"
"2705.411692869","100","100","100"
"2715.417262523","100","100","100"
"2725.411737993","100","100","100"
"2735.416437092","100","100","100"
"2745.412202607","88","88","88"
"2755.412723218","100","100","100"
"2765.413595791","100","100","100"
"2775.411016321","100","100","100"
"2785.412239832","100","100","100"
"2795.412653782","100","100","100"
"2805.41127622","100","100","100"
"2815.411299777","100","100","100"
"2825.414858823","100","100","100"
"2835.411694564","100","100","100"
"2845.410824718","100","100","100"
"2855.411135127","100","100","100"
"2865.413289655","100","100","100"
"2875.411754195","100","100","100"
"2885.411952961","100","100","100"
"2895.410986276","100","100","100"
"2905.418403418","100","100","100"
"2915.414726061","100","100","100"
"2925.412528514","100","100","100"
"2935.411922667","100","100","100"
"2945.411438928","100","100","100"
"2955.419458695","100","100","100"
"2965.41245981","100","100","100"
"2975.411159761","100","100","100"
"2985.4129458","100","100","100"
"2995.411836221","100","100","100"
"3005.411503274","100","100","100"
"3015.41202553","100","100","100"
"3025.412129055","100","100","100"
"3035.41113689","100","100","100"
"3045.412566135","100","100","100"
"3055.41143894","100","100","100"
"3065.41114961","100","100","100"
"3075.411812485","100","100","100"
"3085.411781058","100","100","100"
"3095.411323811","100","100","100"
"3105.413356756","100","100","100"
"3115.411721513","100","100","100"
"3125.411144028","100","100","100"
"3135.410916046","100","100","100"
"3145.412565269","100","100","100"
"3155.411772288","100","100","100"
"3165.41139911","100","100","100"
"3175.411626393","100","100","100"
"3185.415291662","100","100","100"
"3195.418259217","100","100","100"
"3205.413663598","100","100","100"
"3215.411990932","100","100","100"
"3225.415938272","100","100","100"
"3235.414777553","100","100","100"
"3245.412894779","100","100","100"
"3255.412327642","100","100","100"
"3265.416183394","100","100","100"
"3275.415586583","100","100","100"
"3285.411374381","100","100","100"
"3295.411724031","100","100","100"
"3305.415908253","100","100","100"
"3315.411827801","100","100","100"
"3325.412928082","100","100","100"
"3335.412504007","100","100","100"
"3345.411899448","100","100","100"
"3355.415283073","100","100","100"
"3365.412171197","100","100","100"
"3375.411887322","100","100","100"
"3385.415729345","100","100","100"
"3395.413464974","100","100","100"
"3405.411836476","100","100","100"
"3415.411663239","100","100","100"
"3425.413046437","100","100","100"
"3435.41222471","100","100","100"
"3445.41202448","100","100","100"
"3455.411501937","100","100","100"
"3465.411740223","100","100","100"
"3475.414189522","100","100","100"
"3485.411418823","100","100","100"
"3495.412666936","100","100","100"
"3505.414221256","100","100","100"
"3515.412248484","100","100","100"
"3525.411449694","100","100","100"
"3535.412392024","100","100","100"
"3545.412229875","100","100","100"
"3555.411300369","100","100","100"
"3565.415825152","100","100","100"
"3575.410949271","100","100","100"
"3585.412363193","100","100","100"
"3595.411394325","100","100","100"
"3605.411601172","100","100","100"
"3615.415986935","100","100","100"
"3625.411864321","100","100","100"
"3635.411411223","100","100","100"
"3645.412200551","100","100","100"
"3655.41381964","100","100","100"
"3665.4120409","100","100","100"
"3675.411426767","100","100","100"
"3685.41247843","100","100","100"
"3695.41121119","100","100","100"
"3705.414031439","100","100","100"
"3715.411874095","100","100","100"
"3725.411789728","100","100","100"
"3735.411520204","100","100","100"
"3745.41126627","100","100","100"
"3755.411623597","100","100","100"
"3765.412567579","100","100","100"
"3775.4123153","100","100","100"
"3785.41610154","100","100","100"
"3795.411575585","100","100","100"
"3805.411674456","100","100","100"
"3815.414091634","100","100","100"
"3825.411660241","100","100","100"
"3835.411720595","100","100","100"
"3845.411603942","100","100","100"
"3855.411410609","100","100","100"
"3865.412122833","100","100","100"
"3875.411448973","100","100","100"
"3885.411172585","100","100","100"
"3895.412336278","100","100","100"
"3905.411326343","100","100","100"
"3915.411600168","100","100","100"
"3925.411138106","100","100","100"
"3935.414650514","100","100","100"
"3945.411224131","100","100","100"
"3955.411527363","100","100","100"
"3965.411134542","100","100","100"
"3975.411738568","100","100","100"
"3985.411737955","100","100","100"
"3995.411733064","100","100","100"
"4005.411638418","100","100","100"
"4015.411785785","100","100","100"
"4025.416441103","100","100","100"
"4035.412585433","100","100","100"
"4045.411685431","100","100","100"
"4055.411179653","100","100","100"
"4065.411197727","100","100","100"
"4075.412704652","100","100","100"
"4085.411683538","100","100","100"
"4095.416198941","100","100","100"
"4105.412114284","100","100","100"
"4115.411753024","100","100","100"
"4125.411903796","100","100","100"
"4135.411431945","100","100","100"
"4145.414139948","100","100","100"
"4155.414993476","100","100","100"
"4165.411279047","100","100","100"
"4175.41092232","100","100","100"
"4185.411775702","100","100","100"
"4195.411983621","100","100","100"
"4205.411901324","100","100","100"
"4215.412958295","100","100","100"
"4225.411759082","100","100","100"
"4235.414241777","100","100","100"
"4245.411837143","100","100","100"
"4255.412181322","100","100","100"
"4265.411068585","100","100","100"
"4275.414172243","100","100","100"
"4285.412727077","100","100","100"
"4295.412047745","100","100","100"
"4305.412316981","100","100","100"
"4315.410896534","100","100","100"
"4325.411141583","100","100","100"
"4335.411796243","100","100","100"
"4345.414026569","100","100","100"
"4355.411444373","87","87","87"
"4365.412180272","100","100","100"
"4375.415355515","100","100","100"
"4385.410981157","100","100","100"
"4395.411910005","100","100","100"
"4405.411313303","100","100","100"
"4415.412789567","100","100","100"
"4425.411631902","100","100","100"
"4435.411403519","100","100","100"
"4445.411445977","100","100","100"
"4455.410982678","100","100","100"
"4465.411938311","100","100","100"
"4475.416395645","100","100","100"
"4485.411582772","100","100","100"
"4495.41144944","100","100","100"
"4505.411692229","100","100","100"
"4515.411985858","100","100","100"
"4525.412561691","100","100","100"
"4535.411802924","100","100","100"
"4545.412233711","100","100","100"
"4555.411343626","100","100","100"
"4565.417542099","100","100","100"
"4575.414976976","100","100","100"
"4585.411935821","100","100","100"
"4595.41091824","100","100","100"
"4605.411597997","100","100","100"
"4615.415628076","100","100","100"
"4625.411628074","100","100","100"
"4635.417137778","100","100","100"
"4645.411522476","100","100","100"
"4655.411107846","100","100","100"
"4665.411556531","100","100","100"
"4675.415020139","100","100","100"
"4685.412048616","100","100","100"
"4695.410947429","100","100","100"
"4705.414130225","100","100","100"
"4715.411427952","100","100","100"
"4725.412731143","100","100","100"
"4735.411486408","100","100","100"
"4745.414613794","100","100","100"
"4755.411465772","100","100","100"
"4765.417970233","100","100","100"
"4775.418225195","100","100","100"
"4785.4125644","100","100","100"
"4795.411198539","100","100","100"
"4805.410995006","100","100","100"
"4815.417311036","100","100","100"
"4825.411859034","100","100","100"
"4835.412154757","100","100","100"
"4845.412242882","100","100","100"
"4855.411421882","100","100","100"
"4865.410760101","100","100","100"
"4875.411271798","100","100","100"
"4885.411845216","100","100","100"
"4895.411696467","100","100","100"
"4905.411156044","100","100","100"
"4915.411613157","100","100","100"
"4925.412454119","100","100","100"
"4935.41094946","100","100","100"
"4945.411097451","100","100","100"
"4955.411075622","100","100","100"
"4965.412198008","100","100","100"
"4975.415365615","89","89","89"
"4985.413327206","100","100","100"
"4995.410899753","100","100","100"
"5005.412497238","100","100","100"
"5015.415762986","100","100","100"
"5025.415778945","100","100","100"
"5035.412575305","100","100","100"
"5045.411197361","87","87","87"
"5055.417270607","100","100","100"
"5065.41254392","100","100","100"
"5075.411879732","100","100","100"
"5085.412316808","100","100","100"
"5095.413861218","100","100","100"
"5105.416465378","100","100","100"
"5115.412833804","100","100","100"
"5125.413131234","100","100","100"
"5135.411910132","100","100","100"
"5145.411282997","100","100","100"
"5155.411852133","100","100","100"
"5165.412187957","100","100","100"
"5175.411423852","100","100","100"
"5185.411780484","100","100","100"
"5195.411876483","100","100","100"
"5205.411728005","100","100","100"
"5215.410897451","100","100","100"
"5225.418901019","100","100","100"
"5235.411601852","100","100","100"
"5245.412196396","100","100","100"
"5255.41341614","100","100","100"
"5265.410942662","100","100","100"
"5275.412392525","92","92","92"
"5285.412361137","100","100","100"
"5295.411828667","100","100","100"
"5305.413166232","100","100","100"
"5315.411453526","100","100","100"
"5325.412625452","100","100","100"
"5335.411909625","100","100","100"
"5345.411741492","100","100","100"
"5355.411398135","100","100","100"
"5365.411649297","100","100","100"
"5375.411434836","100","100","100"
"5385.418016377","100","100","100"
"5395.411334014","100","100","100"
"5405.413813352","100","100","100"
"5415.411733599","100","100","100"
"5425.420727213","100","100","100"
"5435.4114517","100","100","100"
"5445.412683613","100","100","100"
"5455.41219522","100","100","100"
"5465.411952708","100","100","100"
"5475.416679485","100","100","100"
"5485.411533177","100","100","100"
"5495.41327887","100","100","100"
"5505.411426212","100","100","100"
"5515.412216785","100","100","100"
"5525.411577782","100","100","100"
"5535.412939855","100","100","100"
"5545.410899582","60","60","60"
"5555.41386251","100","100","100"
"5565.412568081","100","100","100"
"5575.411995721","100","100","100"
"5585.413962998","100","100","100"
"5595.412749419","100","100","100"
"5605.411272615","100","100","100"
"5615.415209118","100","100","100"
"5625.42277779","100","100","100"
"5635.414624362","100","100","100"
"5645.411048182","100","100","100"
"5655.412284789","100","100","100"
"5665.411319653","100","100","100"
"5675.411776056","100","100","100"
"5685.412801151","100","100","100"
"5695.411079259","100","100","100"
"5705.412101938","100","100","100"
"5715.411631286","100","100","100"
"5725.416782814","100","100","100"
"5735.411292024","100","100","100"
"5745.41214693","100","100","100"
"5755.412486179","100","100","100"
"5765.411470871","100","100","100"
"5775.414051854","100","100","100"
"5785.412592758","100","100","100"
"5795.411126976","100","100","100"
"5805.412426518","100","100","100"
"5815.413858624","100","100","100"
"5825.419230085","100","100","100"
"5835.41283342","100","100","100"
"5845.411376084","100","100","100"
"5855.414410676","100","100","100"
"5865.415347797","100","100","100"
"5875.412254094","100","100","100"
"5885.415112073","100","100","100"
"5895.411499385","100","100","100"
"5905.411079253","100","100","100"
"5915.411417224","100","100","100"
"5925.412710795","100","100","100"
"5935.412456254","100","100","100"
"5945.410947866","100","100","100"
"5955.411235643","100","100","100"
"5965.416361704","100","100","100"
"5975.410777359","100","100","100"
"5985.411006392","100","100","100"
"5995.41181754","100","100","100"
"6005.412070937","100","100","100"
"6015.411909619","100","100","100"
"6025.413377131","100","100","100"
"6035.411676401","100","100","100"
"6045.410853619","100","100","100"
"6055.41190972","100","100","100"
"6065.412305462","100","100","100"
"6075.423772725","100","100","100"
"6085.411243386","100","100","100"
"6095.411784284","100","100","100"
"6105.411341676","100","100","100"
"6115.411651614","100","100","100"
"6125.411677638","100","100","100"
"6135.411516478","100","100","100"
"6145.411421422","100","100","100"
"6155.41355591","100","100","100"
"6165.412135057","100","100","100"
"6175.411787945","100","100","100"
"6185.415005784","100","100","100"
"6195.411557255","100","100","100"
"6205.411214593","100","100","100"
"6215.411932127","100","100","100"
"6225.417741847","100","100","100"
"6235.413190352","100","100","100"
"6245.411644422","100","100","100"
"6255.411667831","100","100","100"
"6265.412938382","100","100","100"
"6275.411980022","100","100","100"
"6285.41162377","100","100","100"
"6295.413141969","100","100","100"
"6305.41214119","100","100","100"
"6315.411573872","100","100","100"
"6325.41235574","100","100","100"
"6335.411625455","100","100","100"
"6345.418116037","100","100","100"
"6355.415880673","100","100","100"
"6365.410776369","100","100","100"
"6375.411448498","100","100","100"
"6385.420605084","100","100","100"
"6395.413899981","100","100","100"
"6405.411811119","100","100","100"
"6415.414862011","100","100","100"
"6425.411411491","100","100","100"
"6435.411152785","100","100","100"
"6445.411743661","100","100","100"
"6455.411372979","100","100","100"
"6465.411605788","100","100","100"
"6475.411836944","100","100","100"
"6485.411213628","100","100","100"
"6495.415892002","100","100","100"
"6505.411350388","100","100","100"
"6515.411723232","100","100","100"
"6525.414254905","100","100","100"
"6535.413709337","100","100","100"
"6545.412772404","100","100","100"
"6555.411687865","100","100","100"
"6565.411246657","100","100","100"
"6575.411448231","100","100","100"
"6585.412792487","100","100","100"
"6595.414748994","100","100","100"
"6605.412676028","100","100","100"
"6615.412675827","100","100","100"
"6625.416235341","100","100","100"
"6635.411263427","100","100","100"
"6645.411835355","100","100","100"
"6655.412236447","100","100","100"
"6665.411761764","100","100","100"
"6675.417607684","100","100","100"
"6685.41166645","100","100","100"
"6695.411712261","100","100","100"
"6705.411005731","100","100","100"
"6715.412565232","100","100","100"
"6725.412787554","100","100","100"
"6735.416417804","100","100","100"
"6745.415216505","100","100","100"
"6755.411204199","100","100","100"
"6765.411202966","100","100","100"
"6775.411068108","100","100","100"
"6785.411322115","100","100","100"
"6795.411360875","100","100","100"
"6805.411529686","100","100","100"
"6815.414144215","100","100","100"
"6825.411785617","100","100","100"
"6835.412175223","100","100","100"
"6845.415324455","100","100","100"
"6855.411459023","100","100","100"
"6865.411381799","100","100","100"
"6875.411450242","100","100","100"
"6885.411733604","100","100","100"
"6895.413631836","100","100","100"
"6905.41220331","100","100","100"
"6915.411367127","100","100","100"
"6925.410833943","100","100","100"
"6935.41803182","100","100","100"
"6945.412048688","100","100","100"
"6955.411623089","100","100","100"
"6965.413185372","100","100","100"
"6975.412107328","100","100","100"
"6985.411434455","100","100","100"
"6995.410864401","100","100","100"
"7005.412443357","100","100","100"
"7015.411427426","100","100","100"
"7025.41210309","100","100","100"
"7035.419625844","100","100","100"
"7045.411399343","100","100","100"
"7055.415930159","100","100","100"
"7065.41183735","100","100","100"
"7075.411509628","100","100","100"
"7085.411428785","100","100","100"
"7095.411191609","100","100","100"
"7105.41104051","100","100","100"
"7115.41147993","100","100","100"
"7125.411825987","100","100","100"
"7135.411696187","100","100","100"
"7145.411368681","100","100","100"
"7155.4117383","100","100","100"
"7165.411690041","100","100","100"
"7175.416513409","100","100","100"
"7185.411794059","100","100","100"
"7195.412335592","100","100","100"
"7205.411831509","100","100","100"
"7215.412346908","100","100","100"
"7225.415303533","100","100","100"
"7235.412866385","100","100","100"
"7245.412006662","100","100","100"
"7255.411298817","100","100","100"
"7265.4117241","100","100","100"
"7275.410917156","100","100","100"
"7285.412436295","100","100","100"
"7295.411912065","100","100","100"
"7305.411876876","100","100","100"
"7315.411560071","100","100","100"
"7325.411895999","100","100","100"
"7335.411633473","100","100","100"
"7345.412173522","100","100","100"
"7355.411106465","100","100","100"
"7365.411327138","100","100","100"
"7375.413843476","100","100","100"
"7385.411946143","100","100","100"
"7395.412888164","100","100","100"
"7405.412625601","100","100","100"
"7415.412719441","100","100","100"
"7425.411336143","100","100","100"
"7435.413130826","100","100","100"
"7445.411457531","100","100","100"
"7455.411512456","100","100","100"
"7465.414218143","67","67","67"
"7475.411607068","100","100","100"
"7485.411280781","100","100","100"
"7495.411382658","100","100","100"
"7505.411700461","100","100","100"
"7515.412408728","100","100","100"
"7525.411258861","100","100","100"
"7535.411417441","100","100","100"
"7545.411048589","100","100","100"
"7555.412241979","100","100","100"
"7565.412256608","100","100","100"
"7575.411906601","100","100","100"
"7585.412449584","100","100","100"
"7595.411447388","100","100","100"
"7605.414672165","100","100","100"
"7615.413399657","100","100","100"
"7625.412545189","100","100","100"
"7635.41557482","100","100","100"
"7645.414348086","100","100","100"
"7655.413136764","100","100","100"
"7665.410798322","100","100","100"
"7675.410886306","100","100","100"
"7685.416125315","100","100","100"
"7695.412294658","100","100","100"
"7705.410853312","100","100","100"
"7715.41142571","100","100","100"
"7725.413213106","100","100","100"
"7735.411717404","100","100","100"
"7745.411833064","100","100","100"
"7755.411779191","100","100","100"
"7765.41184969","100","100","100"
"7775.413807674","100","100","100"
"7785.411687533","100","100","100"
"7795.412236667","100","100","100"
"7805.41168768","100","100","100"
"7815.415570248","100","100","100"
"7825.413615468","100","100","100"
"7835.411497063","100","100","100"
"7845.412361314","100","100","100"
"7855.411014664","100","100","100"
"7865.412445862","100","100","100"
"7875.411252928","100","100","100"
"7885.410986581","100","100","100"
"7895.414295333","100","100","100"
"7905.414170497","100","100","100"
"7915.41139238","100","100","100"
"7925.416415274","100","100","100"
"7935.411765366","100","100","100"
"7945.414294694","100","100","100"
"7955.414652241","100","100","100"
"7965.411041643","100","100","100"
"7975.411325222","100","100","100"
"7985.416624729","100","100","100"
"7995.414535419","100","100","100"
"8005.411576351","100","100","100"
"8015.413032309","100","100","100"
"8025.411588827","100","100","100"
"8035.416859308","100","100","100"
"8045.411701037","100","100","100"
"8055.412420561","100","100","100"
"8065.412158941","100","100","100"
"8075.412423025","100","100","100"
"8085.418446892","100","100","100"
"8095.411314387","100","100","100"
"8105.4155639","100","100","100"
"8115.414093514","100","100","100"
"8125.411886567","100","100","100"
"8135.410859157","100","100","100"
"8145.415673522","100","100","100"
"8155.412759315","100","100","100"
"8165.411234652","100","100","100"
"8175.411925313","100","100","100"
"8185.413569796","100","100","100"
"8195.411776841","100","100","100"
"8205.416342219","100","100","100"
"8215.411248706","100","100","100"
"8225.411947861","100","100","100"
"8235.411797533","100","100","100"
"8245.412213082","100","100","100"
"8255.412224219","100","100","100"
"8265.411098695","100","100","100"
"8275.411443934","100","100","100"
"8285.412239287","100","100","100"
"8295.412050465","100","100","100"
"8305.411856865","100","100","100"
"8315.416549274","100","100","100"
"8325.412105997","100","100","100"
"8335.411138065","100","100","100"
"8345.411598525","100","100","100"
"8355.411294741","100","100","100"
"8365.411464787","100","100","100"
"8375.413021901","100","100","100"
"8385.411708713","100","100","100"
"8395.411462211","100","100","100"
"8405.417415513","100","100","100"
"8415.413142439","100","100","100"
"8425.411938471","100","100","100"
"8435.414227643","100","100","100"
"8445.411174097","100","100","100"
"8455.419267463","100","100","100"
"8465.411260479","100","100","100"
"8475.411243994","100","100","100"
"8485.411709332","100","100","100"
"8495.419633624","100","100","100"
"8505.411948464","100","100","100"
"8515.411644413","100","100","100"
"8525.411198213","100","100","100"
"8535.411918489","100","100","100"
"8545.412198099","100","100","100"
"8555.413325685","100","100","100"
"8565.411727634","100","100","100"
"8575.411193578","100","100","100"
"8585.411909355","100","100","100"
"8595.415168248","100","100","100"
"8605.411580904","100","100","100"
"8615.410890485","100","100","100"
"8625.411589935","100","100","100"
"8635.410986092","100","100","100"
"8645.410963826","100","100","100"
"8655.415330927","100","100","100"
"8665.412265789","100","100","100"
"8675.415963643","100","100","100"
"8685.411135643","100","100","100"
"8695.411977163","100","100","100"
"8705.411701469","100","100","100"
"8715.414989032","100","100","100"
"8725.413671391","100","100","100"
"8735.411950973","100","100","100"
"8745.420402003","100","100","100"
"8755.412885201","100","100","100"
"8765.4110916","100","100","100"
"8775.411341589","100","100","100"
"8785.410864959","100","100","100"
"8795.416774009","100","100","100"
"8805.4116846","100","100","100"
"8815.411653838","100","100","100"
"8825.411435601","100","100","100"
"8835.412579621","100","100","100"
"8845.411558524","100","100","100"
"8855.414882364","100","100","100"
"8865.415814538","100","100","100"
"8875.41196801","100","100","100"
"8885.411297795","100","100","100"
"8895.413409901","100","100","100"
"8905.411681586","100","100","100"
"8915.411824869","100","100","100"
"8925.41188914","100","100","100"
"8935.411015052","100","100","100"
"8945.411812489","100","100","100"
"8955.41542505","100","100","100"
"8965.414522883","100","100","100"
"8975.411463876","100","100","100"
"8985.412053437","100","100","100"
"8995.412824909","100","100","100"
"9005.41178688","100","100","100"
"9015.412437497","100","100","100"
"9025.411839677","100","100","100"
"9035.410909569","100","100","100"
"9045.411417581","100","100","100"
"9055.412315899","100","100","100"
"9065.419968982","100","100","100"
"9075.417759846","100","100","100"
"9085.411040067","100","100","100"
"9095.411957167","100","100","100"
"9105.412312482","100","100","100"
"9115.412670115","100","100","100"
"9125.411352784","100","100","100"
"9135.4111428","100","100","100"
"9145.412128087","100","100","100"
"9155.411491496","100","100","100"
"9165.411540977","100","100","100"
"9175.41341153","100","100","100"
"9185.418483039","100","100","100"
"9195.410967492","100","100","100"
"9205.411211147","100","100","100"
"9215.41552917","100","100","100"
"9225.414264696","100","100","100"
"9235.412021879","100","100","100"
"9245.411822092","100","100","100"
"9255.413920857","100","100","100"
"9265.412511333","100","100","100"
"9275.412396718","100","100","100"
"9285.411278201","100","100","100"
"9295.415848517","100","100","100"
"9305.410961338","100","100","100"
"9315.414792759","100","100","100"
"9325.411575976","100","100","100"
"9335.411493905","100","100","100"
"9345.412135457","100","100","100"
"9355.411739228","100","100","100"
"9365.411520523","100","100","100"
"9375.412434257","100","100","100"
"9385.411740795","100","100","100"
"9395.413397261","100","100","100"
"9405.411853568","100","100","100"
"9415.416343248","100","100","100"
"9425.411692852","100","100","100"
"9435.412738042","100","100","100"
"9445.411544223","100","100","100"
"9455.412603446","100","100","100"
"9465.411458015","100","100","100"
"9475.413944247","100","100","100"
"9485.412220502","100","100","100"
"9495.411876868","100","100","100"
"9505.411735335","100","100","100"
"9515.413351091","100","100","100"
"9525.413980204","100","100","100"
"9535.411357884","100","100","100"
"9545.411828414","100","100","100"
"9555.415567845","100","100","100"
"9565.411942131","100","100","100"
"9575.411520012","100","100","100"
"9585.413928662","100","100","100"
"9595.41644865","100","100","100"
"9605.411824638","100","100","100"
"9615.411106633","100","100","100"
"9625.411227322","100","100","100"
"9635.414800986","100","100","100"
"9645.411925331","100","100","100"
"9655.411893869","100","100","100"
"9665.415911562","100","100","100"
"9675.415139869","100","100","100"
"9685.413179519","100","100","100"
"9695.411113059","100","100","100"
"9705.419333847","100","100","100"
"9715.414174309","100","100","100"
"9725.411747687","100","100","100"
"9735.411996849","100","100","100"
"9745.413598405","100","100","100"
"9755.411573072","100","100","100"
"9765.411014431","100","100","100"
"9775.411439138","100","100","100"
"9785.411877847","100","100","100"
"9795.411573961","100","100","100"
"9805.412863962","100","100","100"
"9815.412022469","100","100","100"
"9825.411475212","100","100","100"
"9835.41192085","100","100","100"
"9845.411710799","100","100","100"
"9855.411417228","100","100","100"
"9865.411919018","100","100","100"
"9875.411482605","100","100","100"
"9885.414977426","100","100","100"
"9895.412788114","100","100","100"
"9905.416602883","100","100","100"
"9915.411612635","100","100","100"
"9925.411038782","100","100","100"
"9935.416323601","100","100","100"
"9945.412322514","100","100","100"
"9955.411516272","100","100","100"
"9965.41188992","100","100","100"
"9975.411433873","100","100","100"
"9985.411440342","100","100","100"
"9995.411557189","100","100","100"
"10005.41497429","100","100","100"
"10015.413472695","100","100","100"
"10025.415502334","100","100","100"
"10035.411100009","100","100","100"
"10045.411791741","100","100","100"
"10055.412251889","100","100","100"
"10065.411713313","100","100","100"
"10075.411662917","100","100","100"
"10085.411802445","100","100","100"
"10095.411518025","100","100","100"
"10105.411019772","100","100","100"
"10115.412121134","100","100","100"
"10125.411660218","100","100","100"
"10135.411407263","100","100","100"
"10145.41764225","100","100","100"
"10155.416434492","100","100","100"
"10165.415733484","100","100","100"
"10175.41237326","100","100","100"
"10185.411201846","100","100","100"
"10195.412034","100","100","100"
"10205.411608996","100","100","100"
"10215.412889079","100","100","100"
"10225.414468489","100","100","100"
"10235.411350868","100","100","100"
"10245.411872358","100","100","100"
"10255.410888814","100","100","100"
"10265.411602472","100","100","100"
"10275.41429325","100","100","100"
"10285.411732181","100","100","100"
"10295.411158918","100","100","100"
"10305.411473582","100","100","100"
"10315.411353641","100","100","100"
"10325.411306633","100","100","100"
"10335.414227834","100","100","100"
"10345.412219529","100","100","100"
"10355.411589748","100","100","100"
"10365.411577788","100","100","100"
"10375.411048922","100","100","100"
"10385.410940941","100","100","100"
"10395.413496121","100","100","100"
"10405.412670575","100","100","100"
"10415.4118349","100","100","100"
"10425.411512607","100","100","100"
"10435.411977136","100","100","100"
"10445.411938515","100","100","100"
"10455.414731835","86","86","86"
"10465.411931301","100","100","100"
"10475.413109947","100","100","100"
"10485.411158019","100","100","100"
"10495.418882854","100","100","100"
"10505.41143518","100","100","100"
"10515.411007857","100","100","100"
"10525.412104487","100","100","100"
"10535.418389249","100","100","100"
"10545.412021829","100","100","100"
"10555.413159223","100","100","100"
"10565.411697707","100","100","100"
"10575.412230851","100","100","100"
"10585.411871941","100","100","100"
"10595.412833172","100","100","100"
"10605.411677812","100","100","100"
"10615.411744091","100","100","100"
"10625.410916154","100","100","100"
"10635.414267995","100","100","100"
"10645.411265685","100","100","100"
"10655.411359603","100","100","100"
"10665.411166761","100","100","100"
"10675.411731404","100","100","100"
"10685.41223705","100","100","100"
"10695.411625838","100","100","100"
"10705.412120439","100","100","100"
"10715.412341459","100","100","100"
"10725.411776606","100","100","100"
"10735.416916819","100","100","100"
"10745.411335014","100","100","100"
"10755.411686724","100","100","100"
"10765.413301716","100","100","100"
"10775.411569438","100","100","100"
"10785.411029332","100","100","100"
"10795.413426805","100","100","100"
"10805.410921191","100","100","100"
"10815.417175335","100","100","100"
"10825.414135193","100","100","100"
"10835.414944075","100","100","100"
"10845.412162128","100","100","100"
"10855.413933298","100","100","100"
"10865.4109623","100","100","100"
"10875.412397348","100","100","100"
"10885.412677909","100","100","100"
"10895.421042681","100","100","100"
"10905.411742305","100","100","100"
"10915.411797077","100","100","100"
"10925.41144593","100","100","100"
"10935.413415778","100","100","100"
"10945.411746102","100","100","100"
"10955.411949694","100","100","100"
"10965.411224206","100","100","100"
"10975.413087847","100","100","100"
"10985.410801581","100","100","100"
"10995.414729985","100","100","100"
"11005.411699617","100","100","100"
"11015.411012922","100","100","100"
"11025.411205973","100","100","100"
"11035.414558836","100","100","100"
"11045.413600007","100","100","100"
"11055.413049688","100","100","100"
"11065.412674818","100","100","100"
"11075.411084045","100","100","100"
"11085.410843959","100","100","100"
"11095.413044334","100","100","100"
"11105.41240184","100","100","100"
"11115.411901975","100","100","100"
"11125.411345163","100","100","100"
"11135.414510556","100","100","100"
"11145.411611429","100","100","100"
"11155.411140066","100","100","100"
"11165.41634564","100","100","100"
"11175.415983425","100","100","100"
"11185.411646053","100","100","100"
"11195.411436011","100","100","100"
"11205.411527159","100","100","100"
"11215.41156479","100","100","100"
"11225.411169588","100","100","100"
"11235.41064321","100","100","100"
"11245.411682144","100","100","100"
"11255.412230613","100","100","100"
"11265.41203481","100","100","100"
"11275.411246063","100","100","100"
"11285.412556145","100","100","100"
"11295.411892367","100","100","100"
"11305.411187851","100","100","100"
"11315.413968415","100","100","100"
"11325.410849662","100","100","100"
"11335.411278914","100","100","100"
"11345.411558051","100","100","100"
"11355.411353889","100","100","100"
"11365.411534218","100","100","100"
"11375.412252958","100","100","100"
"11385.413301833","100","100","100"
"11395.41241853","100","100","100"
"11405.411302055","100","100","100"
"11415.419275469","100","100","100"
"11425.411262523","100","100","100"
"11435.411646802","100","100","100"
"11445.411414863","100","100","100"
"11455.411597042","100","100","100"
"11465.411272806","100","100","100"
"11475.41175865","100","100","100"
"11485.412340491","100","100","100"
"11495.41750397","100","100","100"
"11505.412180197","100","100","100"
"11515.412408937","100","100","100"
"11525.411070445","100","100","100"
"11535.410871737","100","100","100"
"11545.413106512","100","100","100"
"11555.411597142","100","100","100"
"11565.411590392","100","100","100"
"11575.411504354","100","100","100"
"11585.416489106","100","100","100"
"11595.412025994","100","100","100"
"11605.412595358","100","100","100"
"11615.411677729","100","100","100"
"11625.41097465","100","100","100"
"11635.411443459","100","100","100"
"11645.410634247","100","100","100"
"11655.412638387","100","100","100"
"11665.41179934","100","100","100"
"11675.4118183","100","100","100"
"11685.411333374","100","100","100"
"11695.412166093","100","100","100"
"11705.411651329","100","100","100"
"11715.414618222","100","100","100"
"11725.411733376","100","100","100"
"11735.411420389","100","100","100"
"11745.412574193","100","100","100"
"11755.412325205","100","100","100"
"11765.412268177","100","100","100"
"11775.411222619","100","100","100"
"11785.411332948","100","100","100"
"11795.414849294","100","100","100"
"11805.412749306","100","100","100"
"11815.410985546","100","100","100"
"11825.410824394","100","100","100"
"11835.412277461","100","100","100"
"11845.411427993","100","100","100"
"11855.41244567","100","100","100"
"11865.412430048","100","100","100"
"11875.411640663","100","100","100"
"11885.412587152","100","100","100"
"11895.411188356","100","100","100"
"11905.411630995","100","100","100"
"11915.41366728","100","100","100"
"11925.411495113","100","100","100"
"11935.410658871","100","100","100"
"11945.412170248","100","100","100"
"11955.4170121","100","100","100"
"11965.411603741","100","100","100"
"11975.416717935","100","100","100"
"11985.415629573","100","100","100"
"11995.411719891","100","100","100"
"12005.410830456","100","100","100"
"12015.41598256","100","100","100"
"12025.414809515","100","100","100"
"12035.411194352","100","100","100"
"12045.411678725","100","100","100"
"12055.41170128","100","100","100"
"12065.410938775","100","100","100"
"12075.413659741","100","100","100"
"12085.411263359","100","100","100"
"12095.411788135","100","100","100"
"12105.41463963","100","100","100"
"12115.412228011","100","100","100"
"12125.411978399","100","100","100"
"12135.412438506","100","100","100"
"12145.411624558","100","100","100"
"12155.412788265","100","100","100"
"12165.411264308","100","100","100"
"12175.416789726","100","100","100"
"12185.412524708","100","100","100"
"12195.415173386","100","100","100"
"12205.411706571","100","100","100"
"12215.411422914","100","100","100"
"12225.411328874","100","100","100"
"12235.415335318","100","100","100"
"12245.411344528","100","100","100"
"12255.411789578","100","100","100"
"12265.411033273","100","100","100"
"12275.411137328","100","100","100"
"12285.41138343","100","100","100"
"12295.413727305","100","100","100"
"12305.411136438","100","100","100"
"12315.413542365","100","100","100"
"12325.413046811","100","100","100"
"12335.410938779","100","100","100"
"12345.411466449","100","100","100"
"12355.416674525","100","100","100"
"12365.412097766","100","100","100"
"12375.411881532","88","88","88"
"12385.411308335","100","100","100"
"12395.415215525","100","100","100"
"12405.412571883","100","100","100"
"12415.41097255","100","100","100"
"12425.412050208","100","100","100"
"12435.411324969","100","100","100"
"12445.411418236","100","100","100"
"12455.417842019","100","100","100"
"12465.41253231","100","100","100"
"12475.411356277","100","100","100"
"12485.411429084","100","100","100"
"12495.414772009","100","100","100"
"12505.410964365","100","100","100"
"12515.413021697","100","100","100"
"12525.411388611","100","100","100"
"12535.410867256","100","100","100"
"12545.411731349","100","100","100"
"12555.411525398","100","100","100"
"12565.411458025","100","100","100"
"12575.411011446","100","100","100"
"12585.412027474","100","100","100"
"12595.416759559","100","100","100"
"12605.41321051","100","100","100"
"12615.411675921","100","100","100"
"12625.412473837","89","89","89"
"12635.416724396","100","100","100"
"12645.412299778","100","100","100"
"12655.411460146","100","100","100"
"12665.411726708","100","100","100"
"12675.412662889","100","100","100"
"12685.415454782","100","100","100"
"12695.411563748","100","100","100"
"12705.413091546","100","100","100"
"12715.416708171","59","59","59"
"12725.414656464","100","100","100"
"12735.410855684","100","100","100"
"12745.413684032","100","100","100"
"12755.411805631","100","100","100"
"12765.411412727","100","100","100"
"12775.412176554","100","100","100"
"12785.411161239","100","100","100"
"12795.411888749","100","100","100"
"12805.411561272","100","100","100"
"12815.411217408","100","100","100"
"12825.41200372","100","100","100"
"12835.411754687","100","100","100"
"12845.411609044","100","100","100"
"12855.416045738","100","100","100"
"12865.411490944","100","100","100"
"12875.41143739","100","100","100"
"12885.41626405","100","100","100"
"12895.410908279","100","100","100"
"12905.411355699","100","100","100"
"12915.413852081","100","100","100"
"12925.411887113","100","100","100"
"12935.411543478","100","100","100"
"12945.4115625","100","100","100"
"12955.412200175","100","100","100"
"12965.411435311","100","100","100"
"12975.41250896","100","100","100"
"12985.410914598","100","100","100"
"12995.410957068","100","100","100"
"13005.413022291","100","100","100"
"13015.411809145","100","100","100"
"13025.411447649","100","100","100"
"13035.411588795","100","100","100"
"13045.412180444","100","100","100"
"13055.411791451","100","100","100"
"13065.413841696","100","100","100"
"13075.415812464","100","100","100"
"13085.411040457","100","100","100"
"13095.411397598","100","100","100"
"13105.410853034","100","100","100"
"13115.416479185","100","100","100"
"13125.411215967","100","100","100"
"13135.4142032","100","100","100"
"13145.413608465","100","100","100"
"13155.411138778","100","100","100"
"13165.412081757","100","100","100"
"13175.411070815","100","100","100"
"13185.413125497","100","100","100"
"13195.411359027","100","100","100"
"13205.41231487","100","100","100"
"13215.412345184","100","100","100"
"13225.412695365","100","100","100"
"13235.411611046","100","100","100"
"13245.411153191","60","60","60"
"13255.411400816","100","100","100"
"13265.411458829","100","100","100"
"13275.41268247","100","100","100"
"13285.411977","100","100","100"
"13295.411385853","100","100","100"
"13305.413094623","100","100","100"
"13315.412438333","100","100","100"
"13325.411588357","100","100","100"
"13335.41113007","100","100","100"
"13345.421094375","100","100","100"
"13355.411930153","100","100","100"
"13365.411707562","100","100","100"
"13375.410937384","100","100","100"
"13385.412345287","100","100","100"
"13395.413128831","100","100","100"
"13405.411863551","100","100","100"
"13415.411707576","100","100","100"
"13425.41166484","100","100","100"
"13435.412871235","100","100","100"
"13445.411216997","100","100","100"
"13455.411175096","100","100","100"
"13465.412607914","100","100","100"
"13475.411292781","100","100","100"
"13485.4142939","100","100","100"
"13495.411709542","100","100","100"
"13505.411722204","100","100","100"
"13515.41111739","100","100","100"
"13525.411960703","100","100","100"
"13535.411678603","100","100","100"
"13545.412026936","100","100","100"
"13555.41312175","100","100","100"
"13565.41140249","100","100","100"
"13575.41181931","100","100","100"
"13585.416221719","100","100","100"
"13595.410840598","100","100","100"
"13605.411432195","100","100","100"
"13615.41087375","100","100","100"
"13625.410957829","100","100","100"
"13635.41199417","100","100","100"
"13645.411105529","100","100","100"
"13655.412128124","100","100","100"
"13665.411863077","100","100","100"
"13675.411874043","100","100","100"
"13685.417331012","100","100","100"
"13695.411337938","100","100","100"
"13705.412835169","100","100","100"
"13715.415327904","100","100","100"
"13725.41447303","100","100","100"
"13735.411371927","100","100","100"
"13745.412270156","100","100","100"
"13755.411011842","100","100","100"
"13765.411424392","100","100","100"
"13775.414950122","100","100","100"
"13785.415884233","100","100","100"
"13795.411002003","100","100","100"
"13805.412268388","100","100","100"
"13815.41187251","100","100","100"
"13825.411632698","100","100","100"
"13835.412011056","100","100","100"
"13845.412608983","100","100","100"
"13855.413473192","100","100","100"
"13865.412021948","100","100","100"
"13875.411269547","100","100","100"
"13885.411922994","100","100","100"
"13895.411902691","100","100","100"
"13905.412019522","100","100","100"
"13915.412511352","100","100","100"
"13925.412737548","100","100","100"
"13935.413683178","100","100","100"
"13945.418038512","100","100","100"
"13955.413428355","100","100","100"
"13965.41123403","100","100","100"
"13975.411438774","100","100","100"
"13985.414997204","100","100","100"
"13995.41222087","100","100","100"
"14005.411996701","100","100","100"
"14015.410927875","100","100","100"
"14025.411592438","100","100","100"
"14035.417840077","100","100","100"
"14045.411269262","100","100","100"
"14055.412179805","100","100","100"
"14065.418432933","100","100","100"
"14075.411269932","100","100","100"
"14085.411850326","100","100","100"
"14095.411524697","100","100","100"
"14105.415134634","100","100","100"
"14115.41613984","100","100","100"
"14125.412029787","100","100","100"
"14135.415035861","100","100","100"
"14145.412026888","100","100","100"
"14155.411825102","100","100","100"
"14165.413269422","100","100","100"
"14175.412694031","100","100","100"
"14185.411565871","100","100","100"
"14195.412714951","100","100","100"
"14205.414093358","100","100","100"
"14215.411419181","100","100","100"
"14225.412341364","100","100","100"
"14235.414595666","100","100","100"
"14245.418117596","100","100","100"
"14255.411151511","100","100","100"
"14265.411447243","100","100","100"
"14275.411159009","100","100","100"
"14285.411457995","100","100","100"
"14295.412089119","100","100","100"
"14305.411823837","100","100","100"
"14315.413251808","100","100","100"
"14325.414696334","100","100","100"
"14335.411281874","100","100","100"
"14345.411417716","100","100","100"
"14355.411534337","100","100","100"
"14365.414306623","100","100","100"
"14375.410952553","100","100","100"
"14385.411453061","100","100","100"
"14395.414106955","100","100","100"
"14405.412000258","100","100","100"
"14415.411951147","100","100","100"
"14425.410880642","100","100","100"
"14435.411776019","100","100","100"
"14445.413878881","100","100","100"
"14455.411598466","100","100","100"
"14465.41167202","100","100","100"
"14475.41226575","100","100","100"
"14485.411202983","100","100","100"
"14495.411965442","100","100","100"
"14505.412461166","100","100","100"
"14515.411731838","89","89","89"
"14525.411315438","100","100","100"
"14535.416245179","100","100","100"
"14545.41405029","100","100","100"
"14555.411637723","100","100","100"
"14565.411277298","100","100","100"
"14575.414582041","100","100","100"
"14585.411440629","100","100","100"
"14595.411666161","100","100","100"
"14605.411902854","100","100","100"
"14615.411270198","100","100","100"
"14625.411368652","100","100","100"
"14635.412309791","100","100","100"
"14645.41146079","100","100","100"
"14655.4122431","100","100","100"
"14665.411979518","100","100","100"
"14675.411691755","100","100","100"
"14685.412905332","100","100","100"
"14695.411994773","100","100","100"
"14705.411711681","100","100","100"
"14715.411436298","100","100","100"
"14725.414082399","100","100","100"
"14735.411369312","100","100","100"
"14745.414872325","89","89","89"
"14755.411704676","100","100","100"
"14765.411151285","100","100","100"
"14775.411097679","100","100","100"
"14785.41170766","100","100","100"
"14795.411845455","100","100","100"
"14805.411227646","100","100","100"
"14815.414618673","100","100","100"
"14825.41290328","100","100","100"
"14835.414611578","100","100","100"
"14845.416576392","100","100","100"
"14855.411187383","100","100","100"
"14865.41579597","100","100","100"
"14875.412451235","100","100","100"
"14885.411412778","100","100","100"
"14895.415977967","100","100","100"
"14905.412525403","100","100","100"
"14915.41193132","100","100","100"
"14925.41123794","100","100","100"
"14935.414516192","100","100","100"
"14945.411585967","100","100","100"
"14955.411238352","100","100","100"
"14965.411029574","100","100","100"
"14975.411535619","100","100","100"
"14985.415129716","100","100","100"
"14995.411206449","100","100","100"
"15005.411222091","100","100","100"
"15015.412164964","100","100","100"
"15025.414369494","100","100","100"
"15035.413321621","100","100","100"
"15045.411696579","100","100","100"
"15055.412436901","100","100","100"
"15065.412003113","100","100","100"
"15075.410980392","100","100","100"
"15085.413852314","100","100","100"
"15095.411857564","100","100","100"
"15105.41117416","100","100","100"
"15115.411249659","100","100","100"
"15125.41672082","100","100","100"
"15135.415228059","100","100","100"
"15145.411176723","100","100","100"
"15155.411729769","100","100","100"
"15165.413360727","100","100","100"
"15175.410812727","100","100","100"
"15185.411942164","100","100","100"
"15195.411973417","100","100","100"
"15205.411867284","100","100","100"
"15215.411350429","100","100","100"
"15225.417541196","100","100","100"
"15235.414914398","100","100","100"
"15245.411623677","100","100","100"
"15255.415206611","100","100","100"
"15265.414017487","100","100","100"
"15275.411513892","100","100","100"
"15285.411969837","100","100","100"
"15295.411841214","100","100","100"
"15305.412121217","100","100","100"
"15315.411538617","100","100","100"
"15325.410999965","100","100","100"
"15335.41716732","100","100","100"
"15345.410940977","100","100","100"
"15355.412259862","100","100","100"
"15365.415205916","100","100","100"
"15375.411162648","100","100","100"
"15385.413192088","100","100","100"
"15395.411710031","100","100","100"
"15405.411386136","100","100","100"
"15415.416440351","100","100","100"
"15425.415540426","100","100","100"
"15435.417433668","100","100","100"
"15445.411884161","100","100","100"
"15455.414609053","100","100","100"
"15465.414566273","100","100","100"
"15475.41128586","100","100","100"
"15485.411308863","100","100","100"
"15495.415678946","100","100","100"
"15505.415253652","100","100","100"
"15515.411218755","100","100","100"
"15525.411013961","100","100","100"
"15535.414309967","100","100","100"
"15545.413009217","100","100","100"
"15555.411568636","100","100","100"
"15565.41149475","100","100","100"
"15575.412446627","100","100","100"
"15585.411410415","100","100","100"
"15595.411315349","100","100","100"
"15605.414564638","100","100","100"
"15615.413227602","100","100","100"
"15625.415995838","100","100","100"
"15635.411340892","100","100","100"
"15645.414447519","100","100","100"
"15655.411398083","100","100","100"
"15665.411733601","100","100","100"
"15675.411730814","100","100","100"
"15685.412562296","100","100","100"
"15695.415708579","100","100","100"
"15705.411120088","100","100","100"
"15715.41235391","100","100","100"
"15725.411741857","100","100","100"
"15735.411646958","100","100","100"
"15745.413192116","100","100","100"
"15755.411138971","100","100","100"
"15765.412686347","100","100","100"
"15775.413164323","100","100","100"
"15785.416848519","100","100","100"
"15795.41113365","100","100","100"
"15805.410865563","100","100","100"
"15815.41573461","100","100","100"
"15825.411095985","100","100","100"
"15835.411579241","100","100","100"
"15845.411427871","100","100","100"
"15855.411252492","100","100","100"
"15865.411277955","100","100","100"
"15875.410976627","100","100","100"
"15885.411688232","100","100","100"
"15895.418174209","100","100","100"
"15905.411205902","100","100","100"
"15915.41126283","100","100","100"
"15925.4131369","100","100","100"
"15935.41187201","100","100","100"
"15945.412220379","100","100","100"
"15955.41247029","100","100","100"
"15965.412502693","100","100","100"
"15975.419678438","100","100","100"
"15985.412209417","100","100","100"
"15995.411356281","100","100","100"
"16005.420297151","100","100","100"
"16015.41461106","100","100","100"
"16025.415185802","100","100","100"
"16035.412119891","100","100","100"
"16045.411009861","100","100","100"
"16055.410987097","100","100","100"
"16065.411703219","100","100","100"
"16075.41154775","100","100","100"
"16085.412764567","100","100","100"
"16095.411779951","100","100","100"
"16105.411579933","100","100","100"
"16115.412043851","100","100","100"
"16125.411290401","100","100","100"
"16135.41160907","100","100","100"
"16145.411507802","100","100","100"
"16155.413932798","100","100","100"
"16165.412116674","100","100","100"
"16175.41325895","100","100","100"
"16185.416793222","100","100","100"
"16195.412579377","100","100","100"
"16205.411569287","100","100","100"
"16215.411435628","100","100","100"
"16225.411516739","100","100","100"
"16235.411506437","100","100","100"
"16245.411878512","100","100","100"
"16255.411452305","100","100","100"
"16265.410952195","100","100","100"
"16275.414367298","100","100","100"
"16285.41338949","100","100","100"
"16295.411086767","100","100","100"
"16305.411863361","100","100","100"
"16315.411849125","100","100","100"
"16325.411346509","100","100","100"
"16335.414278841","100","100","100"
"16345.411165037","100","100","100"
"16355.413161757","100","100","100"
"16365.411182993","100","100","100"
"16375.411991954","100","100","100"
"16385.414040552","100","100","100"
"16395.414828545","100","100","100"
"16405.412473367","100","100","100"
"16415.411183225","100","100","100"
"16425.410967297","100","100","100"
"16435.418873709","100","100","100"
"16445.411260544","100","100","100"
"16455.411069457","100","100","100"
"16465.414052931","100","100","100"
"16475.411720659","100","100","100"
"16485.411528304","100","100","100"
"16495.412704558","100","100","100"
"16505.411389632","100","100","100"
"16515.411890958","100","100","100"
"16525.412789396","100","100","100"
"16535.412603164","100","100","100"
"16545.4122294","100","100","100"
"16555.411665097","100","100","100"
"16565.411768055","100","100","100"
"16575.412086041","100","100","100"
"16585.411528418","100","100","100"
"16595.412360592","100","100","100"
"16605.412549215","100","100","100"
"16615.412316564","100","100","100"
"16625.411450121","100","100","100"
"16635.411722008","100","100","100"
"16645.412085111","100","100","100"
"16655.411345897","100","100","100"
"16665.412177693","100","100","100"
"16675.412422763","100","100","100"
"16685.411541434","100","100","100"
"16695.411735329","100","100","100"
"16705.410925661","100","100","100"
"16715.413026897","100","100","100"
"16725.411703539","100","100","100"
"16735.417109808","100","100","100"
"16745.411806843","100","100","100"
"16755.411424655","100","100","100"
"16765.411584571","100","100","100"
"16775.413770942","100","100","100"
"16785.413139985","100","100","100"
"16795.411604733","100","100","100"
"16805.411205363","100","100","100"
"16815.414737276","100","100","100"
"16825.41155854","100","100","100"
"16835.411025773","100","100","100"
"16845.411913702","100","100","100"
"16855.411421998","100","100","100"
"16865.410919466","100","100","100"
"16875.412388529","100","100","100"
"16885.411220052","100","100","100"
"16895.410953839","100","100","100"
"16905.411163155","100","100","100"
"16915.412411194","100","100","100"
"16925.411439862","100","100","100"
"16935.412305253","100","100","100"
"16945.412024813","100","100","100"
"16955.412293367","100","100","100"
"16965.416906348","100","100","100"
"16975.41639745","100","100","100"
"16985.411087936","100","100","100"
"16995.418844262","100","100","100"
"17005.411002284","100","100","100"
"17015.411433585","100","100","100"
"17025.416205959","100","100","100"
"17035.413623555","100","100","100"
"17045.412886008","100","100","100"
"17055.415457861","100","100","100"
"17065.411144614","100","100","100"
"17075.422205086","100","100","100"
"17085.415441127","100","100","100"
"17095.415527053","100","100","100"
"17105.410959575","100","100","100"
"17115.417015602","100","100","100"
"17125.412598467","100","100","100"
"17135.415765473","100","100","100"
"17145.411648351","100","100","100"
"17155.415783059","100","100","100"
"17165.415492692","100","100","100"
"17175.411016628","100","100","100"
"17185.412176223","100","100","100"
"17195.411863744","100","100","100"
"17205.411277024","100","100","100"
"17215.411776228","100","100","100"
"17225.414702742","100","100","100"
"17235.412717337","100","100","100"
"17245.411469857","100","100","100"
"17255.411664709","100","100","100"
"17265.411755402","100","100","100"
"17275.411315296","100","100","100"
"17285.411651735","100","100","100"
"17295.411496768","100","100","100"
"17305.414526704","100","100","100"
"17315.414795574","100","100","100"
"17325.412884664","100","100","100"
"17335.411854237","100","100","100"
"17345.410899099","100","100","100"
"17355.410881324","100","100","100"
"17365.411553281","100","100","100"
"17375.415279109","100","100","100"
"17385.413181137","100","100","100"
"17395.412397113","100","100","100"
"17405.41192163","100","100","100"
"17415.41327304","100","100","100"
"17425.415445775","100","100","100"
"17435.411658329","100","100","100"
"17445.411331354","100","100","100"
"17455.411478077","100","100","100"
"17465.411039266","100","100","100"
"17475.414749461","100","100","100"
"17485.412078142","100","100","100"
"17495.41156014","100","100","100"
"17505.415433692","100","100","100"
"17515.413709523","100","100","100"
"17525.411817504","100","100","100"
"17535.411616286","100","100","100"
"17545.4125467","100","100","100"
"17555.41143363","100","100","100"
"17565.411328914","100","100","100"
"17575.41246371","100","100","100"
"17585.414201662","100","100","100"
"17595.419076207","100","100","100"
"17605.411766236","100","100","100"
"17615.411264976","100","100","100"
"17625.411184759","100","100","100"
"17635.411902861","100","100","100"
"17645.411371383","100","100","100"
"17655.410928919","100","100","100"
"17665.412037337","100","100","100"
"17675.412934846","100","100","100"
"17685.410911133","100","100","100"
"17695.411186295","100","100","100"
"17705.418137232","100","100","100"
"17715.413100252","100","100","100"
"17725.412194179","100","100","100"
"17735.415641859","100","100","100"
"17745.41266363","100","100","100"
"17755.411442736","100","100","100"
"17765.412080062","100","100","100"
"17775.413860412","100","100","100"
"17785.4118634","100","100","100"
"17795.411809385","100","100","100"
"17805.411413798","100","100","100"
"17815.413402252","100","100","100"
"17825.410840576","100","100","100"
"17835.412168478","100","100","100"
"17845.411432367","100","100","100"
"17855.411676856","100","100","100"
"17865.410988497","100","100","100"
"17875.411851972","100","100","100"
"17885.414596553","100","100","100"
"17895.411929844","100","100","100"
"17905.411838415","100","100","100"
"17915.411644422","100","100","100"
"17925.41201219","100","100","100"
"17935.411466531","100","100","100"
"17945.411935088","100","100","100"
"17955.411665603","100","100","100"
"17965.415940901","100","100","100"
"17975.412212719","100","100","100"
"17985.410907908","100","100","100"
"17995.412164785","100","100","100"
"18005.411715474","100","100","100"
"18015.412579927","100","100","100"
"18025.414366235","100","100","100"
"18035.411745261","100","100","100"
"18045.411449953","100","100","100"
"18055.412268778","100","100","100"
"18065.415591221","100","100","100"
"18075.414728955","100","100","100"
"18085.411641915","100","100","100"
"18095.411459766","100","100","100"
"18105.412263263","100","100","100"
"18115.411198578","100","100","100"
"18125.413680857","100","100","100"
"18135.413168418","100","100","100"
"18145.411144881","100","100","100"
"18155.411293803","100","100","100"
"18165.412387127","100","100","100"
"18175.412662875","100","100","100"
"18185.411628242","100","100","100"
"18195.412041299","100","100","100"
"18205.411281048","100","100","100"
"18215.413684928","100","100","100"
"18225.411252903","100","100","100"
"18235.41170825","100","100","100"
"18245.412167197","100","100","100"
"18255.417327407","100","100","100"
"18265.4115229","100","100","100"
"18275.411458114","100","100","100"
"18285.420706364","100","100","100"
"18295.414613042","100","100","100"
"18305.415027125","100","100","100"
"18315.414121931","100","100","100"
"18325.413005741","100","100","100"
"18335.413969824","100","100","100"
"18345.41137197","100","100","100"
"18355.411023364","100","100","100"
"18365.411676087","100","100","100"
"18375.413764493","100","100","100"
"18385.412553814","100","100","100"
"18395.411870042","100","100","100"
"18405.418608965","100","100","100"
"18415.415793535","100","100","100"
"18425.413494124","100","100","100"
"18435.411182109","100","100","100"
"18445.411589932","100","100","100"
"18455.411733169","100","100","100"
"18465.411442565","100","100","100"
"18475.414434277","100","100","100"
"18485.410825606","100","100","100"
"18495.410996249","100","100","100"
"18505.411746515","100","100","100"
"18515.411600669","100","100","100"
"18525.411507637","100","100","100"
"18535.411049068","100","100","100"
"18545.411533541","100","100","100"
"18555.418513696","100","100","100"
"18565.413694354","100","100","100"
"18575.410858969","100","100","100"
"18585.411103786","100","100","100"
"18595.412821622","100","100","100"
"18605.414904207","100","100","100"
"18615.414468271","100","100","100"
"18625.411434639","100","100","100"
"18635.411442584","89","89","89"
"18645.41462623","100","100","100"
"18655.413865691","100","100","100"
"18665.411602723","100","100","100"
"18675.418768125","100","100","100"
"18685.412286233","100","100","100"
"18695.413704484","100","100","100"
"18705.410955478","100","100","100"
"18715.410902409","100","100","100"
"18725.413692794","100","100","100"
"18735.411709924","100","100","100"
"18745.411683044","100","100","100"
"18755.412591127","100","100","100"
"18765.411370658","100","100","100"
"18775.411142735","100","100","100"
"18785.41074566","100","100","100"
"18795.412606745","100","100","100"
"18805.411450004","100","100","100"
"18815.416207406","100","100","100"
"18825.410909786","100","100","100"
"18835.411912266","100","100","100"
"18845.410956169","100","100","100"
"18855.412017693","100","100","100"
"18865.414657036","100","100","100"
"18875.411780157","100","100","100"
"18885.41299209","100","100","100"
"18895.411917256","100","100","100"
"18905.411193715","100","100","100"
"18915.410943641","100","100","100"
"18925.411899857","100","100","100"
"18935.411430959","100","100","100"
"18945.419483209","100","100","100"
"18955.411352589","100","100","100"
"18965.41470277","100","100","100"
"18975.410881324","100","100","100"
"18985.411906244","100","100","100"
"18995.413552089","100","100","100"
"19005.415322895","100","100","100"
"19015.411566972","100","100","100"
"19025.411735325","100","100","100"
"19035.41814536","89","89","89"
"19045.412112405","100","100","100"
"19055.411318459","100","100","100"
"19065.411632354","100","100","100"
"19075.410919171","100","100","100"
"19085.411626939","100","100","100"
"19095.411828614","100","100","100"
"19105.415412517","100","100","100"
"19115.413483734","100","100","100"
"19125.412264333","100","100","100"
"19135.412307672","100","100","100"
"19145.414174703","100","100","100"
"19155.412821677","100","100","100"
"19165.411785967","100","100","100"
"19175.413683034","100","100","100"
"19185.411885101","100","100","100"
"19195.414860324","100","100","100"
"19205.411801765","100","100","100"
"19215.41165154","100","100","100"
"19225.414878464","100","100","100"
"19235.41134472","100","100","100"
"19245.411462533","100","100","100"
"19255.411690469","100","100","100"
"19265.416271762","100","100","100"
"19275.411183275","100","100","100"
"19285.41116831","100","100","100"
"19295.415356679","100","100","100"
"19305.414333855","100","100","100"
"19315.418994285","100","100","100"
"19325.413439369","100","100","100"
"19335.411726214","100","100","100"
"19345.412243432","100","100","100"
"19355.411409069","100","100","100"
"19365.411625577","100","100","100"
"19375.411524855","100","100","100"
"19385.414954959","100","100","100"
"19395.411077387","100","100","100"
"19405.411714139","100","100","100"
"19415.41220394","100","100","100"
"19425.411485922","100","100","100"
"19435.412095721","100","100","100"
"19445.411289194","100","100","100"
"19455.412159413","100","100","100"
"19465.411138264","100","100","100"
"19475.411233725","100","100","100"
"19485.412319048","100","100","100"
"19495.417075964","100","100","100"
"19505.411627738","100","100","100"
"19515.412018506","100","100","100"
"19525.415458771","100","100","100"
"19535.411927974","100","100","100"
"19545.412359599","100","100","100"
"19555.417245553","100","100","100"
"19565.414099056","100","100","100"
"19575.411904289","100","100","100"
"19585.412756917","100","100","100"
"19595.412098722","100","100","100"
"19605.411348936","100","100","100"
"19615.414596103","100","100","100"
"19625.413135969","100","100","100"
"19635.411218866","100","100","100"
"19645.411591585","100","100","100"
"19655.411188553","100","100","100"
"19665.411942138","100","100","100"
"19675.411208725","100","100","100"
"19685.411432656","100","100","100"
"19695.411623157","100","100","100"
"19705.411871591","100","100","100"
"19715.412215345","100","100","100"
"19725.412906102","100","100","100"
"19735.411340287","100","100","100"
"19745.411619173","100","100","100"
"19755.412181755","100","100","100"
"19765.412909541","100","100","100"
"19775.411887504","100","100","100"
"19785.415996571","100","100","100"
"19795.412846482","100","100","100"
"19805.412234051","100","100","100"
"19815.411644052","100","100","100"
"19825.411622832","100","100","100"
"19835.410839492","100","100","100"
"19845.411888416","100","100","100"
"19855.412301373","100","100","100"
"19865.41238304","100","100","100"
"19875.41218203","100","100","100"
"19885.411374271","100","100","100"
"19895.413434449","100","100","100"
"19905.411878333","100","100","100"
"19915.412597635","100","100","100"
"19925.412279645","100","100","100"
"19935.416261429","100","100","100"
"19945.411437492","100","100","100"
"19955.412591944","100","100","100"
"19965.411903742","100","100","100"
"19975.411989724","100","100","100"
"19985.412131215","100","100","100"
"19995.413325102","100","100","100"
"20005.41210521","100","100","100"
"20015.414738761","100","100","100"
"20025.411579709","100","100","100"
"20035.413312477","100","100","100"
"20045.411308638","100","100","100"
"20055.415867175","100","100","100"
"20065.411411831","100","100","100"
"20075.410899156","100","100","100"
"20085.41351569","100","100","100"
"20095.416433605","100","100","100"
"20105.41193267","100","100","100"
"20115.411733931","100","100","100"
"20125.412600939","100","100","100"
"20135.411462576","100","100","100"
"20145.412426192","100","100","100"
"20155.411032559","100","100","100"
"20165.417511918","100","100","100"
"20175.412216944","100","100","100"
"20185.411542675","100","100","100"
"20195.414654573","100","100","100"
"20205.410681827","100","100","100"
"20215.411633814","100","100","100"
"20225.412994935","100","100","100"
"20235.41146275","100","100","100"
"20245.412278481","100","100","100"
"20255.411531172","100","100","100"
"20265.411767421","100","100","100"
"20275.416192387","100","100","100"
"20285.411604251","100","100","100"
"20295.411438048","100","100","100"
"20305.41074606","100","100","100"
"20315.414228371","100","100","100"
"20325.411028254","100","100","100"
"20335.410839191","100","100","100"
"20345.414593954","100","100","100"
"20355.412673542","100","100","100"
"20365.412237366","100","100","100"
"20375.414606598","100","100","100"
"20385.412556626","100","100","100"
"20395.411814209","100","100","100"
"20405.415877942","100","100","100"
"20415.412384781","100","100","100"
"20425.411695941","100","100","100"
"20435.418070423","100","100","100"
"20445.411354967","100","100","100"
"20455.410668117","100","100","100"
"20465.411600641","100","100","100"
"20475.412101737","100","100","100"
"20485.410751184","100","100","100"
"20495.411753985","74","74","74"
"20505.413073486","100","100","100"
"20515.411184111","100","100","100"
"20525.411327899","100","100","100"
"20535.411023183","100","100","100"
"20545.410995427","100","100","100"
"20555.411940353","100","100","100"
"20565.411240289","100","100","100"
"20575.411670571","100","100","100"
"20585.414614768","100","100","100"
"20595.412005727","100","100","100"
"20605.415095031","100","100","100"
"20615.411363006","100","100","100"
"20625.412626867","100","100","100"
"20635.419225253","100","100","100"
"20645.41111751","100","100","100"
"20655.411253983","100","100","100"
"20665.418812255","100","100","100"
"20675.411854047","100","100","100"
"20685.412831509","100","100","100"
"20695.411118648","100","100","100"
"20705.414531906","100","100","100"
"20715.411295648","100","100","100"
"20725.412855753","100","100","100"
"20735.419676862","100","100","100"
"20745.412213712","100","100","100"
"20755.411781146","100","100","100"
"20765.411127212","100","100","100"
"20775.411900914","100","100","100"
"20785.416049567","100","100","100"
"20795.411668707","100","100","100"
"20805.412070626","100","100","100"
"20815.411440846","100","100","100"
"20825.414395225","100","100","100"
"20835.410903316","100","100","100"
"20845.417256408","100","100","100"
"20855.412080907","100","100","100"
"20865.413074522","100","100","100"
"20875.411786355","100","100","100"
"20885.411159365","100","100","100"
"20895.411858433","100","100","100"
"20905.416318656","100","100","100"
"20915.411312613","100","100","100"
"20925.420506259","100","100","100"
"20935.414798704","100","100","100"
"20945.411339667","100","100","100"
"20955.412692392","100","100","100"
"20965.410843417","100","100","100"
"20975.411485508","100","100","100"
"20985.412029648","100","100","100"
"20995.411048406","100","100","100"
"21005.41115382","100","100","100"
"21015.411174191","100","100","100"
"21025.412010121","100","100","100"
"21035.411531666","100","100","100"
"21045.410807805","100","100","100"
"21055.410907174","100","100","100"
"21065.413589199","100","100","100"
"21075.411154131","100","100","100"
"21085.411889643","100","100","100"
"21095.411926805","100","100","100"
"21105.415934155","100","100","100"
"21115.411561251","100","100","100"
"21125.411691546","100","100","100"
"21135.411664606","100","100","100"
"21145.411813706","100","100","100"
"21155.411716463","100","100","100"
"21165.411007726","100","100","100"
"21175.414131007","100","100","100"
"21185.412355094","100","100","100"
"21195.410958494","100","100","100"
"21205.411491341","100","100","100"
"21215.411144121","100","100","100"
"21225.415965416","100","100","100"
"21235.412002091","100","100","100"
"21245.411347355","100","100","100"
"21255.410797256","100","100","100"
"21265.414690998","100","100","100"
"21275.41143294","100","100","100"
"21285.411779562","100","100","100"
"21295.411261685","100","100","100"
"21305.411117526","100","100","100"
"21315.411817156","100","100","100"
"21325.411743139","100","100","100"
"21335.410923686","100","100","100"
"21345.411586221","100","100","100"
"21355.411100041","100","100","100"
"21365.414738323","100","100","100"
"21375.410958013","100","100","100"
"21385.413664776","100","100","100"
"21395.411742374","100","100","100"
"21405.412509937","100","100","100"
"21415.416779707","100","100","100"
"21425.411983897","100","100","100"
"21435.411504492","100","100","100"
"21445.411770402","100","100","100"
"21455.411731832","100","100","100"
"21465.414796665","100","100","100"
"21475.412425026","100","100","100"
"21485.414610619","100","100","100"
"21495.411737289","100","100","100"
"21505.411828295","100","100","100"
"21515.412289871","100","100","100"
"21525.411566255","100","100","100"
"21535.410959568","100","100","100"
"21545.413382714","100","100","100"
"21555.412409617","100","100","100"
"21565.410853061","100","100","100"
"21575.411662959","100","100","100"
"21585.41441544","100","100","100"
"21595.411163625","100","100","100"
"21605.414583713","100","100","100"
"21615.411029177","100","100","100"
"21625.411322382","100","100","100"
"21635.414531085","100","100","100"
"21645.411504803","100","100","100"
"21655.41170018","100","100","100"
"21665.411873787","100","100","100"
"21675.414143549","100","100","100"
"21685.411627634","100","100","100"
"21695.412628","100","100","100"
"21705.411436984","100","100","100"
"21715.411856421","100","100","100"
"21725.412381919","100","100","100"
"21735.413360233","100","100","100"
"21745.413363563","100","100","100"
"21755.416473772","100","100","100"
"21765.412606195","100","100","100"
"21775.41502054","100","100","100"
"21785.413047487","100","100","100"
"21795.41142496","100","100","100"
"21805.411449574","100","100","100"
"21815.412398965","100","100","100"
"21825.412333113","100","100","100"
"21835.412071517","100","100","100"
"21845.412094384","100","100","100"
"21855.411684957","100","100","100"
"21865.411393681","100","100","100"
"21875.411983804","100","100","100"
"21885.420743848","100","100","100"
"21895.416388958","100","100","100"
"21905.41120506","100","100","100"
"21915.412163033","100","100","100"
"21925.416572535","100","100","100"
"21935.413674203","100","100","100"
"21945.410895658","100","100","100"
"21955.413488925","100","100","100"
"21965.415297453","100","100","100"
"21975.412302389","100","100","100"
"21985.411688803","100","100","100"
"21995.41099758","100","100","100"
"22005.411176737","100","100","100"
"22015.412721314","100","100","100"
"22025.411577031","100","100","100"
"22035.41115759","100","100","100"
"22045.412794871","100","100","100"
"22055.411471331","100","100","100"
"22065.411538565","100","100","100"
"22075.415527924","100","100","100"
"22085.411966646","100","100","100"
"22095.411984464","100","100","100"
"22105.412352945","100","100","100"
"22115.411365395","100","100","100"
"22125.411559135","100","100","100"
"22135.411892921","100","100","100"
"22145.411526141","100","100","100"
"22155.411850268","100","100","100"
"22165.411488442","100","100","100"
"22175.411726331","100","100","100"
"22185.411479748","100","100","100"
"22195.41771005","89","89","89"
"22205.415028993","100","100","100"
"22215.418107443","100","100","100"
"22225.411551024","100","100","100"
"22235.41181597","100","100","100"
"22245.411795287","100","100","100"
"22255.413806954","100","100","100"
"22265.411418244","100","100","100"
"22275.410900863","100","100","100"
"22285.413886392","100","100","100"
"22295.411602212","100","100","100"
"22305.411284477","100","100","100"
"22315.414142447","100","100","100"
"22325.411145657","100","100","100"
"22335.411243103","100","100","100"
"22345.411006746","100","100","100"
"22355.410919939","100","100","100"
"22365.411567796","100","100","100"
"22375.410999082","100","100","100"
"22385.411441955","100","100","100"
"22395.420929948","100","100","100"
"22405.414120522","100","100","100"
"22415.411146886","100","100","100"
"22425.410993703","100","100","100"
"22435.412349014","100","100","100"
"22445.41160683","100","100","100"
"22455.415431298","100","100","100"
"22465.41245829","100","100","100"
"22475.411971777","100","100","100"
"22485.413440752","89","89","89"
"22495.412726073","100","100","100"
"22505.412432528","70","70","70"
"22515.41091563","74","74","74"
"22525.411734797","72","72","72"
"22535.410897348","74","74","74"
"22545.41219946","70","70","70"
"22555.411201847","72","72","72"
"22565.411435841","75","75","75"
"22575.411372067","71","71","71"
"22585.411537001","73","73","73"
"22595.412843188","75","75","75"
"22605.411348198","71","71","71"
"22615.411265835","74","74","74"
"22775.411693486","0","0","0"
"22785.412247218","0","0","0"
"22825.411309537","0","0","0"
"22895.412129727","4","4","4"
"23165.410852469","4","4","4"
"23175.410951642","0","0","0"
"23735.411809428","0","0","0"
"23745.411985866","11","11","11"
"23755.413535802","5","5","5"
"23765.411525562","4","4","4"
"23775.411473392","0","0","0"
"23785.411322184","0","0","0"
"23795.414205548","0","0","0"
"23805.410675285","7","7","7"
"23815.411662744","0","0","0"
"23825.412009404","5","5","5"
"23835.411818005","12","12","12"
"23845.414435924","5","5","5"
"23855.413622886","5","5","5"
"23865.413013182","2","2","2"
"23875.412149596","0","0","0"
"23885.411627594","0","0","0"
"23895.410916072","0","0","0"
"23905.412483719","0","0","0"
"23915.411929245","0","0","0"
"23925.410735442","0","0","0"
"23935.411865707","0","0","0"
"23945.414130796","0","0","0"
"23955.422960364","0","0","0"
"23965.411434901","0","0","0"
"23975.415647203","0","0","0"
"23985.414186618","0","0","0"
"23995.415701072","0","0","0"
"24005.415935807","0","0","0"
"24015.413742565","0","0","0"
"24025.4115708","0","0","0"
"24035.410426062","0","0","0"
"24185.411843267","11","11","11"
"24195.411637232","4","4","4"
"24205.41135783","0","0","0"
"24215.411147422","0","0","0"
"24225.411620244","5","5","5"
"24235.411848124","0","0","0"
"24365.411133672","0","0","0"
"24375.41101276","0","0","0"
"24385.411511192","0","0","0"
"24435.411047088","20","20","20"
"24445.411867952","21","21","21"
"24455.411126821","15","15","15"