"Relative Time (Process)","StudyAbroadGPT-7B-continued - system/gpu.1.pcieLinkGen","StudyAbroadGPT-7B-continued - system/gpu.1.pcieLinkGen__MIN","StudyAbroadGPT-7B-continued - system/gpu.1.pcieLinkGen__MAX"
"15.282726015","3","3","3"
"25.265648523","3","3","3"
"35.268134699","3","3","3"
"45.276054403","3","3","3"
"55.269090567","3","3","3"
"65.271829729","3","3","3"
"75.268575932","3","3","3"
"85.276529561","3","3","3"
"95.267709641","3","3","3"
"105.26622235","3","3","3"
"115.265448016","3","3","3"
"125.268289862","3","3","3"
"135.268787834","3","3","3"
"145.267607564","3","3","3"
"155.266615147","3","3","3"
"165.273888851","3","3","3"
"175.266194678","3","3","3"
"945.267685732","3","3","3"
"955.265614151","3","3","3"
"965.266567442","3","3","3"
"975.267032727","3","3","3"
"985.267835171","3","3","3"
"995.265477487","3","3","3"
"1005.267035756","3","3","3"
"1015.265546242","3","3","3"
"1035.2668394","3","3","3"
"1045.266411634","3","3","3"
"1055.265837761","3","3","3"
"1065.271039921","3","3","3"
"1075.268876502","3","3","3"
"1085.273139789","3","3","3"
"1095.267500395","3","3","3"
"1105.265939952","3","3","3"
"1115.26547951","3","3","3"
"1125.268191527","3","3","3"
"1135.267267404","3","3","3"
"1145.265542271","3","3","3"
"1155.270195255","3","3","3"
"1165.265521817","3","3","3"
"1175.26691707","3","3","3"
"1185.272515968","3","3","3"
"1195.266001313","3","3","3"
"1205.265507775","3","3","3"
"1215.273814613","3","3","3"
"1225.265528457","3","3","3"
"1235.265692333","3","3","3"
"1245.274446643","3","3","3"
"1255.275641964","3","3","3"
"1265.265354113","3","3","3"
"1275.270426836","3","3","3"
"1285.265503381","3","3","3"
"1295.268258961","3","3","3"
"1305.271934497","3","3","3"
"1315.265738672","3","3","3"
"1325.272673178","3","3","3"
"1335.275614913","3","3","3"
"1345.267954801","3","3","3"
"1355.265229372","3","3","3"
"1365.268519901","3","3","3"
"1375.267413549","3","3","3"
"1385.272998202","3","3","3"
"1395.268350244","3","3","3"
"1405.268613342","3","3","3"
"1415.267982808","3","3","3"
"1425.267386786","3","3","3"
"1435.26550606","3","3","3"
"1445.277250061","3","3","3"
"1455.266123245","3","3","3"
"1465.267954251","3","3","3"
"1475.271793395","3","3","3"
"1485.278676568","3","3","3"
"1495.266083721","3","3","3"
"1505.269389895","3","3","3"
"1515.26953179","3","3","3"
"1525.266012213","3","3","3"
"1535.266745837","3","3","3"
"1545.275819445","3","3","3"
"1555.271631822","3","3","3"
"1565.266599464","3","3","3"
"1575.265281584","3","3","3"
"1585.269237838","3","3","3"
"1595.26853866","3","3","3"
"1605.267992268","3","3","3"
"1615.267880841","3","3","3"
"1625.271129483","3","3","3"
"1635.276349915","3","3","3"
"1645.270105984","3","3","3"
"1655.265537282","3","3","3"
"1665.27384965","3","3","3"
"1675.26928571","3","3","3"
"1685.277326669","3","3","3"
"1695.268443525","3","3","3"
"1705.267053081","3","3","3"
"1715.269343698","3","3","3"
"1725.273265352","3","3","3"
"1735.268585195","3","3","3"
"1745.267097476","3","3","3"
"1755.265345918","3","3","3"
"1765.269911679","3","3","3"
"1775.266144078","3","3","3"
"1785.266635934","3","3","3"
"1795.267275418","3","3","3"
"1805.267045778","3","3","3"
"1815.26689334","3","3","3"
"1825.26683354","3","3","3"
"1835.271801952","3","3","3"
"1845.269770361","3","3","3"
"1855.27610869","3","3","3"
"1865.278790661","3","3","3"
"1875.266656143","3","3","3"
"1885.276794145","3","3","3"
"1895.271543898","3","3","3"
"1905.269028552","3","3","3"
"1915.270332614","3","3","3"
"1925.265761443","3","3","3"
"1935.272480052","3","3","3"
"1945.266799366","3","3","3"
"1955.271863979","3","3","3"
"1965.267282401","3","3","3"
"1975.267491962","3","3","3"
"1985.265093311","3","3","3"
"1995.268007845","3","3","3"
"2005.266706374","3","3","3"
"2015.266817986","3","3","3"
"2025.266251374","3","3","3"
"2035.265732348","3","3","3"
"2045.267223778","3","3","3"
"2055.274725907","3","3","3"
"2065.27115954","3","3","3"
"2075.26774375","3","3","3"
"2085.265976736","3","3","3"
"2095.270005366","3","3","3"
"2105.276182641","3","3","3"
"2115.268211421","3","3","3"
"2125.267017844","3","3","3"
"2135.266607762","3","3","3"
"2145.267921145","3","3","3"
"2155.269618332","3","3","3"
"2165.267561466","3","3","3"
"2175.266147109","3","3","3"
"2185.266571834","3","3","3"
"2195.269245093","3","3","3"
"2205.27263517","3","3","3"
"2215.265277177","3","3","3"
"2225.272642469","3","3","3"
"2235.267314278","3","3","3"
"2245.267459558","3","3","3"
"2255.274675387","3","3","3"
"2265.270022487","3","3","3"
"2275.281602606","3","3","3"
"2285.270281626","3","3","3"
"2295.27745621","3","3","3"
"2305.269133449","3","3","3"
"2315.268426861","3","3","3"
"2325.269286617","3","3","3"
"2335.269805861","3","3","3"
"2345.268670194","3","3","3"
"2355.268776163","3","3","3"
"2365.269933866","3","3","3"
"2375.270735103","3","3","3"
"2385.278791673","3","3","3"
"2395.26693152","3","3","3"
"2405.268414341","3","3","3"
"2415.268109819","3","3","3"
"2425.267155547","3","3","3"
"2435.266346117","3","3","3"
"2445.266166085","3","3","3"
"2455.273274064","3","3","3"
"2465.267590452","3","3","3"
"2475.266043811","3","3","3"
"2485.265839923","3","3","3"
"2495.266739408","3","3","3"
"2505.267934602","3","3","3"
"2515.271041929","3","3","3"
"2525.267353795","3","3","3"
"2535.26976709","3","3","3"
"2545.27037988","3","3","3"
"2555.267816106","3","3","3"
"2565.267601776","3","3","3"
"2575.265118334","3","3","3"
"2585.265934865","3","3","3"
"2595.268348133","3","3","3"
"2605.265436982","3","3","3"
"2615.271201909","3","3","3"
"2625.269559732","3","3","3"
"2635.273707077","3","3","3"
"2645.268105033","3","3","3"
"2655.267836099","3","3","3"
"2665.266293895","3","3","3"
"2675.278267345","3","3","3"
"2685.265511633","3","3","3"
"2695.266600786","3","3","3"
"2705.272781807","3","3","3"
"2715.269744156","3","3","3"
"2725.265505364","3","3","3"
"2735.270146616","3","3","3"
"2745.280402169","3","3","3"
"2755.276097714","3","3","3"
"2765.268603386","3","3","3"
"2775.268015315","3","3","3"
"2785.267317265","3","3","3"
"2795.267111057","3","3","3"
"2805.266532622","3","3","3"
"2815.270501722","3","3","3"
"2825.266518576","3","3","3"
"2835.267824103","3","3","3"
"2845.265712586","3","3","3"
"2855.265060446","3","3","3"
"2865.266951665","3","3","3"
"2875.267031396","3","3","3"
"2885.268632402","3","3","3"
"2895.265928464","3","3","3"
"2905.267130844","3","3","3"
"2915.269853103","3","3","3"
"2925.278221941","3","3","3"
"2935.276070701","3","3","3"
"2945.265646511","3","3","3"
"2955.272268848","3","3","3"
"2965.265286886","3","3","3"
"2975.26700083","3","3","3"
"2985.2660491","3","3","3"
"2995.268222264","3","3","3"
"3005.269070349","3","3","3"
"3015.265623971","3","3","3"
"3025.269203756","3","3","3"
"3035.269152952","3","3","3"
"3045.269588767","3","3","3"
"3055.269526513","3","3","3"
"3065.267139719","3","3","3"
"3075.279191049","3","3","3"
"3085.270902954","3","3","3"
"3095.270076773","3","3","3"
"3105.274963408","3","3","3"
"3115.270393832","3","3","3"
"3125.26795194","3","3","3"
"3135.268784579","3","3","3"
"3145.266816525","3","3","3"
"3155.27051942","3","3","3"
"3165.268498837","3","3","3"
"3175.267251274","3","3","3"
"3185.265566903","3","3","3"
"3195.275283592","3","3","3"
"3205.266435502","3","3","3"
"3215.268662772","3","3","3"
"3225.268206969","3","3","3"
"3235.273724345","3","3","3"
"3245.268435264","3","3","3"
"3255.271103186","3","3","3"
"3265.267122801","3","3","3"
"3275.265538709","3","3","3"
"3285.266646826","3","3","3"
"3295.267352692","3","3","3"
"3305.264893953","3","3","3"
"3315.268723197","3","3","3"
"3325.266827672","3","3","3"
"3335.276772017","3","3","3"
"3345.268926769","3","3","3"
"3355.268556798","3","3","3"
"3365.26710819","3","3","3"
"3375.267515237","3","3","3"
"3385.267909624","3","3","3"
"3395.265377318","3","3","3"
"3405.274094482","3","3","3"
"3415.272278842","3","3","3"
"3425.26842753","3","3","3"
"3435.270209751","3","3","3"
"3445.270338098","3","3","3"
"3455.2669032","3","3","3"
"3465.273420404","3","3","3"
"3475.269653671","3","3","3"
"3485.269522908","3","3","3"
"3495.26729341","3","3","3"
"3505.267397557","3","3","3"
"3515.267857542","3","3","3"
"3525.27032725","3","3","3"
"3535.268625025","3","3","3"
"3545.265003903","3","3","3"
"3555.26997253","3","3","3"
"3565.273418996","3","3","3"
"3575.268195737","3","3","3"
"3585.26582559","3","3","3"
"3595.268121905","3","3","3"
"3605.267472908","3","3","3"
"3615.273141294","3","3","3"
"3625.266851376","3","3","3"
"3635.26565782","3","3","3"
"3645.267749578","3","3","3"
"3655.272397374","3","3","3"
"3665.269606543","3","3","3"
"3675.270597783","3","3","3"
"3685.267994311","3","3","3"
"3695.268590445","3","3","3"
"3705.266582141","3","3","3"
"3715.268723163","3","3","3"
"3725.269654647","3","3","3"
"3735.269984925","3","3","3"
"3745.265890704","3","3","3"
"3755.267749161","3","3","3"
"3765.266643494","3","3","3"
"3775.265299793","3","3","3"
"3785.268005147","3","3","3"
"3795.267068091","3","3","3"
"3805.267598656","3","3","3"
"3815.267139402","3","3","3"
"3825.267305784","3","3","3"
"3835.265849396","3","3","3"
"3845.271409916","3","3","3"
"3855.267823007","3","3","3"
"3865.270247847","3","3","3"
"3875.266918617","3","3","3"
"3885.272401969","3","3","3"
"3895.27121305","3","3","3"
"3905.267759192","3","3","3"
"3915.272368051","3","3","3"
"3925.266281319","3","3","3"
"3935.268206974","3","3","3"
"3945.267196585","3","3","3"
"3955.265771097","3","3","3"
"3965.268397943","3","3","3"
"3975.267625979","3","3","3"
"3985.271219111","3","3","3"
"3995.266610805","3","3","3"
"4005.273735553","3","3","3"
"4015.266686821","3","3","3"
"4025.267165875","3","3","3"
"4035.276413417","3","3","3"
"4045.267300774","3","3","3"
"4055.264957835","3","3","3"
"4065.267786781","3","3","3"
"4075.275773729","3","3","3"
"4085.267142924","3","3","3"
"4095.266520784","3","3","3"
"4105.275108667","3","3","3"
"4115.276663836","3","3","3"
"4125.265455144","3","3","3"
"4135.26946361","3","3","3"
"4145.276639446","3","3","3"
"4155.267319856","3","3","3"
"4165.274283927","3","3","3"
"4175.26712252","3","3","3"
"4185.266233895","3","3","3"
"4195.26635952","3","3","3"
"4205.269411148","3","3","3"
"4215.26673456","3","3","3"
"4225.26550228","3","3","3"
"4235.267328264","3","3","3"
"4245.266318214","3","3","3"
"4255.266614958","3","3","3"
"4265.265517181","3","3","3"
"4275.272976763","3","3","3"
"4285.273362119","3","3","3"
"4295.265061183","3","3","3"
"4305.267671354","3","3","3"
"4315.265926034","3","3","3"
"4325.267251009","3","3","3"
"4335.269224025","3","3","3"
"4345.26694564","3","3","3"
"4355.270572955","3","3","3"
"4365.266378654","3","3","3"
"4375.265651501","3","3","3"
"4385.268049793","3","3","3"
"4395.268211414","3","3","3"
"4405.267714614","3","3","3"
"4415.271363374","3","3","3"
"4425.268786165","3","3","3"
"4435.267331869","3","3","3"
"4445.26683265","3","3","3"
"4455.26782635","3","3","3"
"4465.267118286","3","3","3"
"4475.268633217","3","3","3"
"4485.26775339","3","3","3"
"4495.266762529","3","3","3"
"4505.274477632","3","3","3"
"4515.274520474","3","3","3"
"4525.266903626","3","3","3"
"4535.265560312","3","3","3"
"4545.273385161","3","3","3"
"4555.26721518","3","3","3"
"4565.265499896","3","3","3"
"4575.269778184","3","3","3"
"4585.266883774","3","3","3"
"4595.265222364","3","3","3"
"4605.269847287","3","3","3"
"4615.267013194","3","3","3"
"4625.267484232","3","3","3"
"4635.267860473","3","3","3"
"4645.267600478","3","3","3"
"4655.271608586","3","3","3"
"4665.268299989","3","3","3"
"4675.26751027","3","3","3"
"4685.266286575","3","3","3"
"4695.269020222","3","3","3"
"4705.26771586","3","3","3"
"4715.266606133","3","3","3"
"4725.265748255","3","3","3"
"4735.270064113","3","3","3"
"4745.267499407","3","3","3"
"4755.266979495","3","3","3"
"4765.267470766","3","3","3"
"4775.266436876","3","3","3"
"4785.267799305","3","3","3"
"4795.265684789","3","3","3"
"4805.265177495","3","3","3"
"4815.266807389","3","3","3"
"4825.270000143","3","3","3"
"4835.265750418","3","3","3"
"4845.274690517","3","3","3"
"4855.269076041","3","3","3"
"4865.276600762","3","3","3"
"4875.266924693","3","3","3"
"4885.268453481","3","3","3"
"4895.268693889","3","3","3"
"4905.275992369","3","3","3"
"4915.268371933","3","3","3"
"4925.267113892","3","3","3"
"4935.27919284","3","3","3"
"4945.266736385","3","3","3"
"4955.264933407","3","3","3"
"4965.267596265","3","3","3"
"4975.267483481","3","3","3"
"4985.266788367","3","3","3"
"4995.267532653","3","3","3"
"5005.265115437","3","3","3"
"5015.27153468","3","3","3"
"5025.272049529","3","3","3"
"5035.268537376","3","3","3"
"5045.26741715","3","3","3"
"5055.267841617","3","3","3"
"5065.26559602","3","3","3"
"5075.267271604","3","3","3"
"5085.269293544","3","3","3"
"5095.267006693","3","3","3"
"5105.267314922","3","3","3"
"5115.266291201","3","3","3"
"5125.265724615","3","3","3"
"5135.266187905","3","3","3"
"5145.267763353","3","3","3"
"5155.273462842","3","3","3"
"5165.276403101","3","3","3"
"5175.271563312","3","3","3"
"5185.267206336","3","3","3"
"5195.265589683","3","3","3"
"5205.267792648","3","3","3"
"5215.270969732","3","3","3"
"5225.268759099","3","3","3"
"5235.265610403","3","3","3"
"5245.271084424","3","3","3"
"5255.269715935","3","3","3"
"5265.27437571","3","3","3"
"5275.268382728","3","3","3"
"5285.267564397","3","3","3"
"5295.276783446","3","3","3"
"5305.269612032","3","3","3"
"5315.274516796","3","3","3"
"5325.284928808","3","3","3"
"5335.265507851","3","3","3"
"5345.267073313","3","3","3"
"5355.266314418","3","3","3"
"5365.267197447","3","3","3"
"5375.266294043","3","3","3"
"5385.266353087","3","3","3"
"5395.267773171","3","3","3"
"5405.265548585","3","3","3"
"5415.268658984","3","3","3"
"5425.26856957","3","3","3"
"5435.265833728","3","3","3"
"5445.266763277","3","3","3"
"5455.267821483","3","3","3"
"5465.265281319","3","3","3"
"5475.269933096","3","3","3"
"5485.275016494","3","3","3"
"5495.275487052","3","3","3"
"5505.275937652","3","3","3"
"5515.27613732","3","3","3"
"5525.268709063","3","3","3"
"5535.265588392","3","3","3"
"5545.266375728","3","3","3"
"5555.274225934","3","3","3"
"5565.266261212","3","3","3"
"5575.268900167","3","3","3"
"5585.264945965","3","3","3"
"5595.265300676","3","3","3"
"5605.267850455","3","3","3"
"5615.267553434","3","3","3"
"5625.270299357","3","3","3"
"5635.267216317","3","3","3"
"5645.267517139","3","3","3"
"5655.268127221","3","3","3"
"5665.274790712","3","3","3"
"5675.26996395","3","3","3"
"5685.26583713","3","3","3"
"5695.268494597","3","3","3"
"5705.26754324","3","3","3"
"5715.266630139","3","3","3"
"5725.266980088","3","3","3"
"5735.267281439","3","3","3"
"5745.266848198","3","3","3"
"5755.269077492","3","3","3"
"5765.266697905","3","3","3"
"5775.267668704","3","3","3"
"5785.268586364","3","3","3"
"5795.274239431","3","3","3"
"5805.272994608","3","3","3"
"5815.268130037","3","3","3"
"5825.267222938","3","3","3"
"5835.266150224","3","3","3"
"5845.266233999","3","3","3"
"5855.26735575","3","3","3"
"5865.265848487","3","3","3"
"5875.268683511","3","3","3"
"5885.266616603","3","3","3"
"5895.26607862","3","3","3"
"5905.266242639","3","3","3"
"5915.267273191","3","3","3"
"5925.268047209","3","3","3"
"5935.273666155","3","3","3"
"5945.274342229","3","3","3"
"5955.268847884","3","3","3"
"5965.271374737","3","3","3"
"5975.271199327","3","3","3"
"5985.267929389","3","3","3"
"5995.265582978","3","3","3"
"6005.265023539","3","3","3"
"6015.271016868","3","3","3"
"6025.275186198","3","3","3"
"6035.267221564","3","3","3"
"6045.276702736","3","3","3"
"6055.275606555","3","3","3"
"6065.265721934","3","3","3"
"6075.267693803","3","3","3"
"6085.271742501","3","3","3"
"6095.275981395","3","3","3"
"6105.274769634","3","3","3"
"6115.267056885","3","3","3"
"6125.268451437","3","3","3"
"6135.268369822","3","3","3"
"6145.267553346","3","3","3"
"6155.269519362","3","3","3"
"6165.277378796","3","3","3"
"6175.26903679","3","3","3"
"6185.265467123","3","3","3"
"6195.274305167","3","3","3"
"6205.268079926","3","3","3"
"6215.268737001","3","3","3"
"6225.2660367","3","3","3"
"6235.268565539","3","3","3"
"6245.26642663","3","3","3"
"6255.267623485","3","3","3"
"6265.267818046","3","3","3"
"6275.26917742","3","3","3"
"6285.267225709","3","3","3"
"6295.272194858","3","3","3"
"6305.268300583","3","3","3"
"6315.268093415","3","3","3"
"6325.270108898","3","3","3"
"6335.265033828","3","3","3"
"6345.268498901","3","3","3"
"6355.266392848","3","3","3"
"6365.268633069","3","3","3"
"6375.267425707","3","3","3"
"6385.271801035","3","3","3"
"6395.271626093","3","3","3"
"6405.265698111","3","3","3"
"6415.27540635","3","3","3"
"6425.269061306","3","3","3"
"6435.267782121","3","3","3"
"6445.270612672","3","3","3"
"6455.267347696","3","3","3"
"6465.275207677","3","3","3"
"6475.274585848","3","3","3"
"6485.278296682","3","3","3"
"6495.269740958","3","3","3"
"6505.276111694","3","3","3"
"6515.268265732","3","3","3"
"6525.274278702","3","3","3"
"6535.270680161","3","3","3"
"6545.273087391","3","3","3"
"6555.277248723","3","3","3"
"6565.26728664","3","3","3"
"6575.268910592","3","3","3"
"6585.27318068","3","3","3"
"6595.266668499","3","3","3"
"6605.268957463","3","3","3"
"6615.266056867","3","3","3"
"6625.266957279","3","3","3"
"6635.265473202","3","3","3"
"6645.275069982","3","3","3"
"6655.266185363","3","3","3"
"6665.272476164","3","3","3"
"6675.27379124","3","3","3"
"6685.265847748","3","3","3"
"6695.267210123","3","3","3"
"6705.266051453","3","3","3"
"6715.266638701","3","3","3"
"6725.26536817","3","3","3"
"6735.266781159","3","3","3"
"6745.265794792","3","3","3"
"6755.265247524","3","3","3"
"6765.27254652","3","3","3"
"6775.274140466","3","3","3"
"6785.276503779","3","3","3"
"6795.267739525","3","3","3"
"6805.268997297","3","3","3"
"6815.266827316","3","3","3"
"6825.27073043","3","3","3"
"6835.266803449","3","3","3"
"6845.26717991","3","3","3"
"6855.265820758","3","3","3"
"6865.26973258","3","3","3"
"6875.271815064","3","3","3"
"6885.270234538","3","3","3"
"6895.271394991","3","3","3"
"6905.276211751","3","3","3"
"6915.271879911","3","3","3"
"6925.265851547","3","3","3"
"6935.270209841","3","3","3"
"6945.266836505","3","3","3"
"6955.281024488","3","3","3"
"6965.267114641","3","3","3"
"6975.269447562","3","3","3"
"6985.266076322","3","3","3"
"6995.268032843","3","3","3"
"7005.269211666","3","3","3"
"7015.275973268","3","3","3"
"7025.266663436","3","3","3"
"7035.275966887","3","3","3"
"7045.266856179","3","3","3"
"7055.273738355","3","3","3"
"7065.27536408","3","3","3"
"7075.270250738","3","3","3"
"7085.268842805","3","3","3"
"7095.27530527","3","3","3"
"7105.26739402","3","3","3"
"7115.269227128","3","3","3"
"7125.268434927","3","3","3"
"7135.267049822","3","3","3"
"7145.268309409","3","3","3"
"7155.271621196","3","3","3"
"7165.276411092","3","3","3"
"7175.27169243","3","3","3"
"7185.269609123","3","3","3"
"7195.267688967","3","3","3"
"7205.273443367","3","3","3"
"7215.268201523","3","3","3"
"7225.274729161","3","3","3"
"7235.267122906","3","3","3"
"7245.268250767","3","3","3"
"7255.266945083","3","3","3"
"7265.268025972","3","3","3"
"7275.266990506","3","3","3"
"7285.268288821","3","3","3"
"7295.271218815","3","3","3"
"7305.267316563","3","3","3"
"7315.275952994","3","3","3"
"7325.276754874","3","3","3"
"7335.26584027","3","3","3"
"7345.26973949","3","3","3"
"7355.267208853","3","3","3"
"7365.272405433","3","3","3"
"7375.267501486","3","3","3"
"7385.267184918","3","3","3"
"7395.268658993","3","3","3"
"7405.268187202","3","3","3"
"7415.271778622","3","3","3"
"7425.269521687","3","3","3"
"7435.267732106","3","3","3"
"7445.269841448","3","3","3"
"7455.268043542","3","3","3"
"7465.267290735","3","3","3"
"7475.265605866","3","3","3"
"7485.275522122","3","3","3"
"7495.267926875","3","3","3"
"7505.268156785","3","3","3"
"7515.267006019","3","3","3"
"7525.265817928","3","3","3"
"7535.269340155","3","3","3"
"7545.267848139","3","3","3"
"7555.26651911","3","3","3"
"7565.266729548","3","3","3"
"7575.268433576","3","3","3"
"7585.268014819","3","3","3"
"7595.266647835","3","3","3"
"7605.269019198","3","3","3"
"7615.275087414","3","3","3"
"7625.269495016","3","3","3"
"7635.266044262","3","3","3"
"7645.265143907","3","3","3"
"7655.277921309","3","3","3"
"7665.266522874","3","3","3"
"7675.267885473","3","3","3"
"7685.275161061","3","3","3"
"7695.271766802","3","3","3"
"7705.266417373","3","3","3"
"7715.275600026","3","3","3"
"7725.267828934","3","3","3"
"7735.266397064","3","3","3"
"7745.266627238","3","3","3"
"7755.267746496","3","3","3"
"7765.268902114","3","3","3"
"7775.275217284","3","3","3"
"7785.266388161","3","3","3"
"7795.275377311","3","3","3"
"7805.268452872","3","3","3"
"7815.267062358","3","3","3"
"7825.266807005","3","3","3"
"7835.265294444","3","3","3"
"7845.267664299","3","3","3"
"7855.272770023","3","3","3"
"7865.269935167","3","3","3"
"7875.266498156","3","3","3"
"7885.265273881","3","3","3"
"7895.27022877","3","3","3"
"7905.266345841","3","3","3"
"7915.276220111","3","3","3"
"7925.272496546","3","3","3"
"7935.26792506","3","3","3"
"7945.272976741","3","3","3"
"7955.265820771","3","3","3"
"7965.268185421","3","3","3"
"7975.26763435","3","3","3"
"7985.267074625","3","3","3"
"7995.277509251","3","3","3"
"8005.266427183","3","3","3"
"8015.269814234","3","3","3"
"8025.27158616","3","3","3"
"8035.275325862","3","3","3"
"8045.268843485","3","3","3"
"8055.266481915","3","3","3"
"8065.267674196","3","3","3"
"8075.268127008","3","3","3"
"8085.266431397","3","3","3"
"8095.27480162","3","3","3"
"8105.273339241","3","3","3"
"8115.269563651","3","3","3"
"8125.267104395","3","3","3"
"8135.2686717","3","3","3"
"8145.269789294","3","3","3"
"8155.266340802","3","3","3"
"8165.267592278","3","3","3"
"8175.271068852","3","3","3"
"8185.276717066","3","3","3"
"8195.268802094","3","3","3"
"8205.267729504","3","3","3"
"8215.268193634","3","3","3"
"8225.270518576","3","3","3"
"8235.267365274","3","3","3"
"8245.274156326","3","3","3"
"8255.273009137","3","3","3"
"8265.274999011","3","3","3"
"8275.265605066","3","3","3"
"8285.268252333","3","3","3"
"8295.269829436","3","3","3"
"8305.266998827","3","3","3"
"8315.265139827","3","3","3"
"8325.269405514","3","3","3"
"8335.274539372","3","3","3"
"8345.265611752","3","3","3"
"8355.267793384","3","3","3"
"8365.268409953","3","3","3"
"8375.276332272","3","3","3"
"8385.266576488","3","3","3"
"8395.266200728","3","3","3"
"8405.268607634","3","3","3"
"8415.276418391","3","3","3"
"8425.265950247","3","3","3"
"8435.272815348","3","3","3"
"8445.270626781","3","3","3"
"8455.267598784","3","3","3"
"8465.266206648","3","3","3"
"8475.268470184","3","3","3"
"8485.266612965","3","3","3"
"8495.26869236","3","3","3"
"8505.268440931","3","3","3"
"8515.27836093","3","3","3"
"8525.269459114","3","3","3"
"8535.267885106","3","3","3"
"8545.267454357","3","3","3"
"8555.26898574","3","3","3"
"8565.267413992","3","3","3"
"8575.276947969","3","3","3"
"8585.26742504","3","3","3"
"8595.267452625","3","3","3"
"8605.26826857","3","3","3"
"8615.265246389","3","3","3"
"8625.267366157","3","3","3"
"8635.265257041","3","3","3"
"8645.26585124","3","3","3"
"8655.273018165","3","3","3"
"8665.271073848","3","3","3"
"8675.268754561","3","3","3"
"8685.276414871","3","3","3"
"8695.268722379","3","3","3"
"8705.266311138","3","3","3"
"8715.276038951","3","3","3"
"8725.273343637","3","3","3"
"8735.265695031","3","3","3"
"8745.267935587","3","3","3"
"8755.269133347","3","3","3"
"8765.2715031","3","3","3"
"8775.270426213","3","3","3"
"8785.268191937","3","3","3"
"8795.265617615","3","3","3"
"8805.267776307","3","3","3"
"8815.274644143","3","3","3"
"8825.274660978","3","3","3"
"8835.278396458","3","3","3"
"8845.2654304","3","3","3"
"8855.267890467","3","3","3"
"8865.266228091","3","3","3"
"8875.269123862","3","3","3"
"8885.269069715","3","3","3"
"8895.267536322","3","3","3"
"8905.265244871","3","3","3"
"8915.271250323","3","3","3"
"8925.276096093","3","3","3"
"8935.276339074","3","3","3"
"8945.272748088","3","3","3"
"8955.269456822","3","3","3"
"8965.265281538","3","3","3"
"8975.271515029","3","3","3"
"8985.269014141","3","3","3"
"8995.265411324","3","3","3"
"9005.268323305","3","3","3"
"9015.265721188","3","3","3"
"9025.268935439","3","3","3"
"9035.266917739","3","3","3"
"9045.2719885","3","3","3"
"9055.274689111","3","3","3"
"9065.266909936","3","3","3"
"9075.270381377","3","3","3"
"9085.273346033","3","3","3"
"9095.269162505","3","3","3"
"9105.277780919","3","3","3"
"9115.277108299","3","3","3"
"9125.274484144","3","3","3"
"9135.271302515","3","3","3"
"9145.267071038","3","3","3"
"9155.266665828","3","3","3"
"9165.27909498","3","3","3"
"9175.266830065","3","3","3"
"9185.265888464","3","3","3"
"9195.274581797","3","3","3"
"9205.26662533","3","3","3"
"9215.267609008","3","3","3"
"9225.267113125","3","3","3"
"9235.26572732","3","3","3"
"9245.267498435","3","3","3"
"9255.26835974","3","3","3"
"9265.268277893","3","3","3"
"9275.270864159","3","3","3"
"9285.266752477","3","3","3"
"9295.273911527","3","3","3"
"9305.278531191","3","3","3"
"9315.270658917","3","3","3"
"9325.269537607","3","3","3"
"9335.265170431","3","3","3"
"9345.266301986","3","3","3"
"9355.266016364","3","3","3"
"9365.269590554","3","3","3"
"9375.267738864","3","3","3"
"9385.265588342","3","3","3"
"9395.265890702","3","3","3"
"9405.265575858","3","3","3"
"9415.267240293","3","3","3"
"9425.266128459","3","3","3"
"9435.268379195","3","3","3"
"9445.271881495","3","3","3"
"9455.266401686","3","3","3"
"9465.267981138","3","3","3"
"9475.273011463","3","3","3"
"9485.266715943","3","3","3"
"9495.269697907","3","3","3"
"9505.265893114","3","3","3"
"9515.272278192","3","3","3"
"9525.270337106","3","3","3"
"9535.268401599","3","3","3"
"9545.265462722","3","3","3"
"9555.267834371","3","3","3"
"9565.267606317","3","3","3"
"9575.267019192","3","3","3"
"9585.270231227","3","3","3"
"9595.26696636","3","3","3"
"9605.265903156","3","3","3"
"9615.26774542","3","3","3"
"9625.269185254","3","3","3"
"9635.267727176","3","3","3"
"9645.266396759","3","3","3"
"9655.272515105","3","3","3"
"9665.268029718","3","3","3"
"9675.269545992","3","3","3"
"9685.266314763","3","3","3"
"9695.269770489","3","3","3"
"9705.273319382","3","3","3"
"9715.275284489","3","3","3"
"9725.275064875","3","3","3"
"9735.26697469","3","3","3"
"9745.26799186","3","3","3"
"9755.26767202","3","3","3"
"9765.268969869","3","3","3"
"9775.269105248","3","3","3"
"9785.26546911","3","3","3"
"9795.267035891","3","3","3"
"9805.267757588","3","3","3"
"9815.267301091","3","3","3"
"9825.268523093","3","3","3"
"9835.266586706","3","3","3"
"9845.267572181","3","3","3"
"9855.269326867","3","3","3"
"9865.26583842","3","3","3"
"9875.2674505","3","3","3"
"9885.277146634","3","3","3"
"9895.276915435","3","3","3"
"9905.268414401","3","3","3"
"9915.268494173","3","3","3"
"9925.268094982","3","3","3"
"9935.267883178","3","3","3"
"9945.267173253","3","3","3"
"9955.266417081","3","3","3"
"9965.268176628","3","3","3"
"9975.27028202","3","3","3"
"9985.275231515","3","3","3"
"9995.26710852","3","3","3"
"10005.266592913","3","3","3"
"10015.265942395","3","3","3"
"10025.266882367","3","3","3"
"10035.274240376","3","3","3"
"10045.266489421","3","3","3"
"10055.265271964","3","3","3"
"10065.266477145","3","3","3"
"10075.274032717","3","3","3"
"10085.270606121","3","3","3"
"10095.26805613","3","3","3"
"10105.266613224","3","3","3"
"10115.27366137","3","3","3"
"10125.267492647","3","3","3"
"10135.26632014","3","3","3"
"10145.275637772","3","3","3"
"10155.274389073","3","3","3"
"10165.271681037","3","3","3"
"10175.266929476","3","3","3"
"10185.27601364","3","3","3"
"10195.273921894","3","3","3"
"10205.266713278","3","3","3"
"10215.267529133","3","3","3"
"10225.267328462","3","3","3"
"10235.27131089","3","3","3"
"10245.273430352","3","3","3"
"10255.267188324","3","3","3"
"10265.270369132","3","3","3"
"10275.270676559","3","3","3"
"10285.268403167","3","3","3"
"10295.265949616","3","3","3"
"10305.268664659","3","3","3"
"10315.276636771","3","3","3"
"10325.265237176","3","3","3"
"10335.266270359","3","3","3"
"10345.266861708","3","3","3"
"10355.267100542","3","3","3"
"10365.275138559","3","3","3"
"10375.268321371","3","3","3"
"10385.272617733","3","3","3"
"10395.269447646","3","3","3"
"10405.268120934","3","3","3"
"10415.266327655","3","3","3"
"10425.268122194","3","3","3"
"10435.265821154","3","3","3"
"10445.268195629","3","3","3"
"10455.268367537","3","3","3"
"10465.273575112","3","3","3"
"10475.270161828","3","3","3"
"10485.268941863","3","3","3"
"10495.270851705","3","3","3"
"10505.267744754","3","3","3"
"10515.266745681","3","3","3"
"10525.27314148","3","3","3"
"10535.272423582","3","3","3"
"10545.277069862","3","3","3"
"10555.266217128","3","3","3"
"10565.267360402","3","3","3"
"10575.269752817","3","3","3"
"10585.26718195","3","3","3"
"10595.271510357","3","3","3"
"10605.270729018","3","3","3"
"10615.268672148","3","3","3"
"10625.269184481","3","3","3"
"10635.2742625","3","3","3"
"10645.268982781","3","3","3"
"10655.267762667","3","3","3"
"10665.266145121","3","3","3"
"10675.269845119","3","3","3"
"10685.267648117","3","3","3"
"10695.265595034","3","3","3"
"10705.267160422","3","3","3"
"10715.277297908","3","3","3"
"10725.269593704","3","3","3"
"10735.265542756","3","3","3"
"10745.275053239","3","3","3"
"10755.266120147","3","3","3"
"10765.266424015","3","3","3"
"10775.269341847","3","3","3"
"10785.26654148","3","3","3"
"10795.267407098","3","3","3"
"10805.268069518","3","3","3"
"10815.275896005","3","3","3"
"10825.27051549","3","3","3"
"10835.267405828","3","3","3"
"10845.268449971","3","3","3"
"10855.266159456","3","3","3"
"10865.267026153","3","3","3"
"10875.269204538","3","3","3"
"10885.267271872","3","3","3"
"10895.268760155","3","3","3"
"10905.266133112","3","3","3"
"10915.266576658","3","3","3"
"10925.273243576","3","3","3"
"10935.276969204","3","3","3"
"10945.269022399","3","3","3"
"10955.265258336","3","3","3"
"10965.267129206","3","3","3"
"10975.265564529","3","3","3"
"10985.270181721","3","3","3"
"10995.267611034","3","3","3"
"11005.271347643","3","3","3"
"11015.265777065","3","3","3"
"11025.267009504","3","3","3"
"11035.268057168","3","3","3"
"11045.271569455","3","3","3"
"11055.266576665","3","3","3"
"11065.266721744","3","3","3"
"11075.265969225","3","3","3"
"11085.268079755","3","3","3"
"11095.267429576","3","3","3"
"11105.269010686","3","3","3"
"11115.265910048","3","3","3"
"11125.268098988","3","3","3"
"11135.265105005","3","3","3"
"11145.281379656","3","3","3"
"11155.267441517","3","3","3"
"11165.267428142","3","3","3"
"11175.268502918","3","3","3"
"11185.265655758","3","3","3"
"11195.267227589","3","3","3"
"11205.270754276","3","3","3"
"11215.270189063","3","3","3"
"11225.266849414","3","3","3"
"11235.269388101","3","3","3"
"11245.269857195","3","3","3"
"11255.266106521","3","3","3"
"11265.269849527","3","3","3"
"11275.265838888","3","3","3"
"11285.279343117","3","3","3"
"11295.266258346","3","3","3"
"11305.274984812","3","3","3"
"11315.269899843","3","3","3"
"11325.266134502","3","3","3"
"11335.269309369","3","3","3"
"11345.268794346","3","3","3"
"11355.268207606","3","3","3"
"11365.276864589","3","3","3"
"11375.267108886","3","3","3"
"11385.26631145","3","3","3"
"11395.265792404","3","3","3"
"11405.26562448","3","3","3"
"11415.269370685","3","3","3"
"11425.266978692","3","3","3"
"11435.268469647","3","3","3"
"11445.269196826","3","3","3"
"11455.26861219","3","3","3"
"11465.269520704","3","3","3"
"11475.271248197","3","3","3"
"11485.271791869","3","3","3"
"11495.270200963","3","3","3"
"11505.275170661","3","3","3"
"11515.275757952","3","3","3"
"11525.27374778","3","3","3"
"11535.271108855","3","3","3"
"11545.275835937","3","3","3"
"11555.272683491","3","3","3"
"11565.275117109","3","3","3"
"11575.265494234","3","3","3"
"11585.265688503","3","3","3"
"11595.275947864","3","3","3"
"11605.276168739","3","3","3"
"11615.266974412","3","3","3"
"11625.269454221","3","3","3"
"11635.267408474","3","3","3"
"11645.271363075","3","3","3"
"11655.271374483","3","3","3"
"11665.265630965","3","3","3"
"11675.274043697","3","3","3"
"11685.269174239","3","3","3"
"11695.2754325","3","3","3"
"11705.270687622","3","3","3"
"11715.268272857","3","3","3"
"11725.266327501","3","3","3"
"11735.267466078","3","3","3"
"11745.266788337","3","3","3"
"11755.269390328","3","3","3"
"11765.268177158","3","3","3"
"11775.268597701","3","3","3"
"11785.269040545","3","3","3"
"11795.265701444","3","3","3"
"11805.267634503","3","3","3"
"11815.267393265","3","3","3"
"11825.265837074","3","3","3"
"11835.266121312","3","3","3"
"11845.27008683","3","3","3"
"11855.267172017","3","3","3"
"11865.269616657","3","3","3"
"11875.267773727","3","3","3"
"11885.274528276","3","3","3"
"11895.273283695","3","3","3"
"11905.267725231","3","3","3"
"11915.271377549","3","3","3"
"11925.273590003","3","3","3"
"11935.271757615","3","3","3"
"11945.267005046","3","3","3"
"11955.268064745","3","3","3"
"11965.275713815","3","3","3"
"11975.270746359","3","3","3"
"11985.266436403","3","3","3"
"11995.275325648","3","3","3"
"12005.266862467","3","3","3"
"12015.267884114","3","3","3"
"12025.27071965","3","3","3"
"12035.265251765","3","3","3"
"12045.269853346","3","3","3"
"12055.267491079","3","3","3"
"12065.267327754","3","3","3"
"12075.274363218","3","3","3"
"12085.268323544","3","3","3"
"12095.271937996","3","3","3"
"12105.271363841","3","3","3"
"12115.267397436","3","3","3"
"12125.274496153","3","3","3"
"12135.267907072","3","3","3"
"12145.267700611","3","3","3"
"12155.266227418","3","3","3"
"12165.266290599","3","3","3"
"12175.265630587","3","3","3"
"12185.266845295","3","3","3"
"12195.274661728","3","3","3"
"12205.271740414","3","3","3"
"12215.271000064","3","3","3"
"12225.276562369","3","3","3"
"12235.265264339","3","3","3"
"12245.266400752","3","3","3"
"12255.269627388","3","3","3"
"12265.272898991","3","3","3"
"12275.272731171","3","3","3"
"12285.272573181","3","3","3"
"12295.266767254","3","3","3"
"12305.267928064","3","3","3"
"12315.266969221","3","3","3"
"12325.268725579","3","3","3"
"12335.268846955","3","3","3"
"12345.265592148","3","3","3"
"12355.269216502","3","3","3"
"12365.272045079","3","3","3"
"12375.269285387","3","3","3"
"12385.272099657","3","3","3"
"12395.280495319","3","3","3"
"12405.267933802","3","3","3"
"12415.267278289","3","3","3"
"12425.266731581","3","3","3"
"12435.279259321","3","3","3"
"12445.272354694","3","3","3"
"12455.265696145","3","3","3"
"12465.274214987","3","3","3"
"12475.268474355","3","3","3"
"12485.26626747","3","3","3"
"12495.266951018","3","3","3"
"12505.268865841","3","3","3"
"12515.265760342","3","3","3"
"12525.26939346","3","3","3"
"12535.276647872","3","3","3"
"12545.267361241","3","3","3"
"12555.266749886","3","3","3"
"12565.276502009","3","3","3"
"12575.266539019","3","3","3"
"12585.269629984","3","3","3"
"12595.27073349","3","3","3"
"12605.274351484","3","3","3"
"12615.268866744","3","3","3"
"12625.265510852","3","3","3"
"12635.266951617","3","3","3"
"12645.269524736","3","3","3"
"12655.266093784","3","3","3"
"12665.267245065","3","3","3"
"12675.273632815","3","3","3"
"12685.266992428","3","3","3"
"12695.26689422","3","3","3"
"12705.268311872","3","3","3"
"12715.265901968","3","3","3"
"12725.265735418","3","3","3"
"12735.268173582","3","3","3"
"12745.265150377","3","3","3"
"12755.265354609","3","3","3"
"12765.266105652","3","3","3"
"12775.271698672","3","3","3"
"12785.265342144","3","3","3"
"12795.270426017","3","3","3"
"12805.269276446","3","3","3"
"12815.267384355","3","3","3"
"12825.269622485","3","3","3"
"12835.276390595","3","3","3"
"12845.269732581","3","3","3"
"12855.269584015","3","3","3"
"12865.269063744","3","3","3"
"12875.268205567","3","3","3"
"12885.266551482","3","3","3"
"12895.268356317","3","3","3"
"12905.267753647","3","3","3"
"12915.276278731","3","3","3"
"12925.266310371","3","3","3"
"12935.269160322","3","3","3"
"12945.272159906","3","3","3"
"12955.275733197","3","3","3"
"12965.270380553","3","3","3"
"12975.271294877","3","3","3"
"12985.267631093","3","3","3"
"12995.26563779","3","3","3"
"13005.266320517","3","3","3"
"13015.267496005","3","3","3"
"13025.275591635","3","3","3"
"13035.268013426","3","3","3"
"13045.2736964","3","3","3"
"13055.267475757","3","3","3"
"13065.266218994","3","3","3"
"13075.269669946","3","3","3"
"13085.268362479","3","3","3"
"13095.266070308","3","3","3"
"13105.269353336","3","3","3"
"13115.277540591","3","3","3"
"13125.277641284","3","3","3"
"13135.267784994","3","3","3"
"13145.276122155","3","3","3"
"13155.27359626","3","3","3"
"13165.26846478","3","3","3"
"13175.268964853","3","3","3"
"13185.277128387","3","3","3"
"13195.267379563","3","3","3"
"13205.265400955","3","3","3"
"13215.26740156","3","3","3"
"13225.267285194","3","3","3"
"13235.268127691","3","3","3"
"13245.266620334","3","3","3"
"13255.272848807","3","3","3"
"13265.26826921","3","3","3"
"13275.280801906","3","3","3"
"13285.268534915","3","3","3"
"13295.269740741","3","3","3"
"13305.269088486","3","3","3"
"13315.267522259","3","3","3"
"13325.267215017","3","3","3"
"13335.268073319","3","3","3"
"13345.26564311","3","3","3"
"13355.272553054","3","3","3"
"13365.266792107","3","3","3"
"13375.273049343","3","3","3"
"13385.267999428","3","3","3"
"13395.267425644","3","3","3"
"13405.267124142","3","3","3"
"13415.265516166","3","3","3"
"13425.271498278","3","3","3"
"13435.273240948","3","3","3"
"13445.276299375","3","3","3"
"13455.270926914","3","3","3"
"13465.269596076","3","3","3"
"13475.277436541","3","3","3"
"13485.269702326","3","3","3"
"13495.26575536","3","3","3"
"13505.26765581","3","3","3"
"13515.276295325","3","3","3"
"13525.276022136","3","3","3"
"13535.27627935","3","3","3"
"13545.267688516","3","3","3"
"13555.266298328","3","3","3"
"13565.276373667","3","3","3"
"13575.266317798","3","3","3"
"13585.265857983","3","3","3"
"13595.271291391","3","3","3"
"13605.269277043","3","3","3"
"13615.270262396","3","3","3"
"13625.273849432","3","3","3"
"13635.267313588","3","3","3"
"13645.266825115","3","3","3"
"13655.265170602","3","3","3"
"13665.266173332","3","3","3"
"13675.267185317","3","3","3"
"13685.266664427","3","3","3"
"13695.269700089","3","3","3"
"13705.272052584","3","3","3"
"13715.266624303","3","3","3"
"13725.266326191","3","3","3"
"13735.268025369","3","3","3"
"13745.27085077","3","3","3"
"13755.271365516","3","3","3"
"13765.276503647","3","3","3"
"13775.268787699","3","3","3"
"13785.265842741","3","3","3"
"13795.265196294","3","3","3"
"13805.26651527","3","3","3"
"13815.265840167","3","3","3"
"13825.266013531","3","3","3"
"13835.270484096","3","3","3"
"13845.269808457","3","3","3"
"13855.268822154","3","3","3"
"13865.267711011","3","3","3"
"13875.269110898","3","3","3"
"13885.268493689","3","3","3"
"13895.267771328","3","3","3"
"13905.267700194","3","3","3"
"13915.275521495","3","3","3"
"13925.267300761","3","3","3"
"13935.267302446","3","3","3"
"13945.267001672","3","3","3"
"13955.265188173","3","3","3"
"13965.270215628","3","3","3"
"13975.265990456","3","3","3"
"13985.265504628","3","3","3"
"13995.267852072","3","3","3"
"14005.272851055","3","3","3"
"14015.280789529","3","3","3"
"14025.268132628","3","3","3"
"14035.268329493","3","3","3"
"14045.271255687","3","3","3"
"14055.283387048","3","3","3"
"14065.268166009","3","3","3"
"14075.27799069","3","3","3"
"14085.270883463","3","3","3"
"14095.266368827","3","3","3"
"14105.266394786","3","3","3"
"14115.26843246","3","3","3"
"14125.265740162","3","3","3"
"14135.269055079","3","3","3"
"14145.26730688","3","3","3"
"14155.270968103","3","3","3"
"14165.269838095","3","3","3"
"14175.267936164","3","3","3"
"14185.27483906","3","3","3"
"14195.266114426","3","3","3"
"14205.270091246","3","3","3"
"14215.266579938","3","3","3"
"14225.270122539","3","3","3"
"14235.266055328","3","3","3"
"14245.274256541","3","3","3"
"14255.267119151","3","3","3"
"14265.266301658","3","3","3"
"14275.265623413","3","3","3"
"14285.271538621","3","3","3"
"14295.285433962","3","3","3"
"14305.278564321","3","3","3"
"14315.265603642","3","3","3"
"14325.267814348","3","3","3"
"14335.267961075","3","3","3"
"14345.265742273","3","3","3"
"14355.270102395","3","3","3"
"14365.266115105","3","3","3"
"14375.270732565","3","3","3"
"14385.27568783","3","3","3"
"14395.266652234","3","3","3"
"14405.275039852","3","3","3"
"14415.266643388","3","3","3"
"14425.265899921","3","3","3"
"14435.267525062","3","3","3"
"14445.272019727","3","3","3"
"14455.269457223","3","3","3"
"14465.274536939","3","3","3"
"14475.265473467","3","3","3"
"14485.26520935","3","3","3"
"14495.267797593","3","3","3"
"14505.268631443","3","3","3"
"14515.269797401","3","3","3"
"14525.267247547","3","3","3"
"14535.267057434","3","3","3"
"14545.268232064","3","3","3"
"14555.268497093","3","3","3"
"14565.278783151","3","3","3"
"14575.26933475","3","3","3"
"14585.268153618","3","3","3"
"14595.270702146","3","3","3"
"14605.265022005","3","3","3"
"14615.266524231","3","3","3"
"14625.268044768","3","3","3"
"14635.268742676","3","3","3"
"14645.273750457","3","3","3"
"14655.267652631","3","3","3"
"14665.268010571","3","3","3"
"14675.265590035","3","3","3"
"14685.272265332","3","3","3"
"14695.266147858","3","3","3"
"14705.266365829","3","3","3"
"14715.268837929","3","3","3"
"14725.268356439","3","3","3"
"14735.266944043","3","3","3"
"14745.276647089","3","3","3"
"14755.267330248","3","3","3"
"14765.266156141","3","3","3"
"14775.267663537","3","3","3"
"14785.270430042","3","3","3"
"14795.269586772","3","3","3"
"14805.267986548","3","3","3"
"14815.267440146","3","3","3"
"14825.270575942","3","3","3"
"14835.278815471","3","3","3"
"14845.270363798","3","3","3"
"14855.265987438","3","3","3"
"14865.275627417","3","3","3"
"14875.272344081","3","3","3"
"14885.269759778","3","3","3"
"14895.272780099","3","3","3"
"14905.27677227","3","3","3"
"14915.2682258","3","3","3"
"14925.268442494","3","3","3"
"14935.277036265","3","3","3"
"14945.267431979","3","3","3"
"14955.267197981","3","3","3"
"14965.265526825","3","3","3"
"14975.265472468","3","3","3"
"14985.267234722","3","3","3"
"14995.267517258","3","3","3"
"15005.266545503","3","3","3"
"15015.268323536","3","3","3"
"15025.266187","3","3","3"
"15035.268180459","3","3","3"
"15045.268422305","3","3","3"
"15055.273708669","3","3","3"
"15065.27484945","3","3","3"
"15075.275100741","3","3","3"
"15085.269355434","3","3","3"
"15095.267858538","3","3","3"
"15105.266941493","3","3","3"
"15115.265485707","3","3","3"
"15125.266802243","3","3","3"
"15135.266220885","3","3","3"
"15145.267124144","3","3","3"
"15155.271248864","3","3","3"
"15165.265461368","3","3","3"
"15175.275123767","3","3","3"
"15185.26810798","3","3","3"
"15195.266092617","3","3","3"
"15205.272033522","3","3","3"
"15215.271160934","3","3","3"
"15225.273208284","3","3","3"
"15235.273439707","3","3","3"
"15245.26710676","3","3","3"
"15255.268912026","3","3","3"
"15265.266160236","3","3","3"
"15275.269300646","3","3","3"
"15285.269497969","3","3","3"
"15295.275518919","3","3","3"
"15305.270763321","3","3","3"
"15315.266282112","3","3","3"
"15325.2650208","3","3","3"
"15335.273612786","3","3","3"
"15345.275816906","3","3","3"
"15355.267806282","3","3","3"
"15365.267858398","3","3","3"
"15375.267756093","3","3","3"
"15385.267136701","3","3","3"
"15395.277738152","3","3","3"
"15405.28034082","3","3","3"
"15415.275969129","3","3","3"
"15425.267067124","3","3","3"
"15435.265565009","3","3","3"
"15445.27005325","3","3","3"
"15455.266626205","3","3","3"
"15465.268288629","3","3","3"
"15475.272493022","3","3","3"
"15485.266259897","3","3","3"
"15495.268494652","3","3","3"
"15505.267718332","3","3","3"
"15515.26601148","3","3","3"
"15525.270340627","3","3","3"
"15535.2670479","3","3","3"
"15545.265635858","3","3","3"
"15555.273283609","3","3","3"
"15565.267248421","3","3","3"
"15575.266355113","3","3","3"
"15585.269938082","3","3","3"
"15595.278816598","3","3","3"
"15605.267089317","3","3","3"
"15615.270279286","3","3","3"
"15625.267941521","3","3","3"
"15635.27343026","3","3","3"
"15645.26837953","3","3","3"
"15655.27648345","3","3","3"
"15665.270236393","3","3","3"
"15675.270094647","3","3","3"
"15685.266787609","3","3","3"
"15695.268563569","3","3","3"
"15705.267664861","3","3","3"
"15715.278308602","3","3","3"
"15725.268727632","3","3","3"
"15735.271632743","3","3","3"
"15745.264856407","3","3","3"
"15755.268171439","3","3","3"
"15765.265691571","3","3","3"
"15775.269479389","3","3","3"
"15785.272183351","3","3","3"
"15795.269957938","3","3","3"
"15805.270164704","3","3","3"
"15815.267438706","3","3","3"
"15825.267091052","3","3","3"
"15835.268344722","3","3","3"
"15845.266382565","3","3","3"
"15855.26780523","3","3","3"
"15865.269361553","3","3","3"
"15875.26684416","3","3","3"
"15885.26819769","3","3","3"
"15895.267574888","3","3","3"
"15905.269667757","3","3","3"
"15915.270914582","3","3","3"
"15925.267816206","3","3","3"
"15935.268415561","3","3","3"
"15945.267000972","3","3","3"
"15955.266347742","3","3","3"
"15965.268086898","3","3","3"
"15975.267104798","3","3","3"
"15985.268400497","3","3","3"
"15995.276855766","3","3","3"
"16005.266809427","3","3","3"
"16015.267629075","3","3","3"
"16025.26533252","3","3","3"
"16035.270016975","3","3","3"
"16045.266977528","3","3","3"
"16055.267819803","3","3","3"
"16065.267149459","3","3","3"
"16075.266827419","3","3","3"
"16085.265455251","3","3","3"
"16095.269731301","3","3","3"
"16105.269101191","3","3","3"
"16115.268168675","3","3","3"
"16125.26904326","3","3","3"
"16135.270340154","3","3","3"
"16145.267500972","3","3","3"
"16155.26879724","3","3","3"
"16165.265410686","3","3","3"
"16175.268066374","3","3","3"
"16185.26931498","3","3","3"
"16195.266075711","3","3","3"
"16205.269393219","3","3","3"
"16215.271060782","3","3","3"
"16225.270780227","3","3","3"
"16235.267777123","3","3","3"
"16245.272170641","3","3","3"
"16255.267573451","3","3","3"
"16265.265327896","3","3","3"
"16275.268042279","3","3","3"
"16285.267229413","3","3","3"
"16295.276866746","3","3","3"
"16305.27506272","3","3","3"
"16315.266550279","3","3","3"
"16325.267828065","3","3","3"
"16335.270663444","3","3","3"
"16345.266907607","3","3","3"
"16355.26758267","3","3","3"
"16365.26790762","3","3","3"
"16375.270842069","3","3","3"
"16385.269269743","3","3","3"
"16395.276909449","3","3","3"
"16405.273405023","3","3","3"
"16415.278377172","3","3","3"
"16425.276114448","3","3","3"
"16435.266764401","3","3","3"
"16445.267026031","3","3","3"
"16455.266670442","3","3","3"
"16465.266630345","3","3","3"
"16475.274845752","3","3","3"
"16485.268300032","3","3","3"
"16495.268309289","3","3","3"
"16505.271673358","3","3","3"
"16515.274677258","3","3","3"
"16525.277882634","3","3","3"
"16535.26763649","3","3","3"
"16545.26851679","3","3","3"
"16555.266225545","3","3","3"
"16565.274232234","3","3","3"
"16575.274600319","3","3","3"
"16585.267648908","3","3","3"
"16595.268079939","3","3","3"
"16605.271912356","3","3","3"
"16615.278343979","3","3","3"
"16625.266007832","3","3","3"
"16635.268516869","3","3","3"
"16645.265275281","3","3","3"
"16655.271711917","3","3","3"
"16665.271796875","3","3","3"
"16675.267635438","3","3","3"
"16685.267859044","3","3","3"
"16695.266222829","3","3","3"
"16705.267630082","3","3","3"
"16715.265913333","3","3","3"
"16725.267712214","3","3","3"
"16735.277437782","3","3","3"
"16745.268086755","3","3","3"
"16755.267429573","3","3","3"
"16765.267705101","3","3","3"
"16775.274730936","3","3","3"
"16785.277513281","3","3","3"
"16795.266815992","3","3","3"
"16805.26791484","3","3","3"
"16815.271266225","3","3","3"
"16825.271361966","3","3","3"
"16835.266624054","3","3","3"
"16845.26810389","3","3","3"
"16855.267465426","3","3","3"
"16865.267116266","3","3","3"
"16875.268396428","3","3","3"
"16885.266113919","3","3","3"
"16895.266856584","3","3","3"
"16905.267199516","3","3","3"
"16915.277479899","3","3","3"
"16925.266418879","3","3","3"
"16935.270480032","3","3","3"
"16945.265988632","3","3","3"
"16955.276396878","3","3","3"
"16965.275233045","3","3","3"
"16975.273733658","3","3","3"
"16985.270988757","3","3","3"
"16995.27041825","3","3","3"
"17005.266365269","3","3","3"
"17015.265749854","3","3","3"
"17025.26652776","3","3","3"
"17035.271809925","3","3","3"
"17045.267520505","3","3","3"
"17055.267542232","3","3","3"
"17065.266381814","3","3","3"
"17075.265854354","3","3","3"
"17085.26764254","3","3","3"
"17095.266886506","3","3","3"
"17105.268292629","3","3","3"
"17115.267400394","3","3","3"
"17125.273721878","3","3","3"
"17135.269207574","3","3","3"
"17145.266985293","3","3","3"
"17155.266730958","3","3","3"
"17165.27448226","3","3","3"
"17175.272359785","3","3","3"
"17185.269398818","3","3","3"
"17195.271419732","3","3","3"
"17205.27161842","3","3","3"
"17215.265827659","3","3","3"
"17225.266828393","3","3","3"
"17235.26744937","3","3","3"
"17245.272881689","3","3","3"
"17255.267158734","3","3","3"
"17265.265956664","3","3","3"
"17275.26617967","3","3","3"
"17285.26778534","3","3","3"
"17295.27063506","3","3","3"
"17305.267730595","3","3","3"
"17315.267349426","3","3","3"
"17325.268378118","3","3","3"
"17335.267402136","3","3","3"
"17345.266780663","3","3","3"
"17355.270233454","3","3","3"
"17365.265643144","3","3","3"
"17375.271250894","3","3","3"
"17385.272061748","3","3","3"
"17395.268697767","3","3","3"
"17405.269637208","3","3","3"
"17415.277929885","3","3","3"
"17425.268160463","3","3","3"
"17435.268400166","3","3","3"
"17445.267440765","3","3","3"
"17455.27121072","3","3","3"
"17465.267162014","3","3","3"
"17475.268585868","3","3","3"
"17485.282270923","3","3","3"
"17495.273576078","3","3","3"
"17505.268171168","3","3","3"
"17515.26515908","3","3","3"
"17525.268951401","3","3","3"
"17535.269452793","3","3","3"
"17545.266533594","3","3","3"
"17555.275919265","3","3","3"
"17565.268650228","3","3","3"
"17575.272761354","3","3","3"
"17585.268196801","3","3","3"
"17595.274957016","3","3","3"
"17605.266960683","3","3","3"
"17615.274020368","3","3","3"
"17625.269712483","3","3","3"
"17635.27506175","3","3","3"
"17645.265432946","3","3","3"
"17655.266257626","3","3","3"
"17665.270654035","3","3","3"
"17675.273184513","3","3","3"
"17685.267795064","3","3","3"
"17695.269475745","3","3","3"
"17705.269087141","3","3","3"
"17715.2678203","3","3","3"
"17725.266156326","3","3","3"
"17735.266457633","3","3","3"
"17745.27004891","3","3","3"
"17755.266823324","3","3","3"
"17765.277649124","3","3","3"
"17775.278195545","3","3","3"
"17785.266930754","3","3","3"
"17795.267971756","3","3","3"
"17805.279514047","3","3","3"
"17815.269591019","3","3","3"
"17825.270061996","3","3","3"
"17835.271824163","3","3","3"
"17845.26803061","3","3","3"
"17855.267670073","3","3","3"
"17865.269790215","3","3","3"
"17875.26741898","3","3","3"
"17885.273603884","3","3","3"
"17895.268801065","3","3","3"
"17905.267190954","3","3","3"
"17915.266183838","3","3","3"
"17925.273795371","3","3","3"
"17935.272437891","3","3","3"
"17945.267300383","3","3","3"
"17955.267904232","3","3","3"
"17965.269052908","3","3","3"
"17975.266330067","3","3","3"
"17985.269110924","3","3","3"
"17995.266145279","3","3","3"
"18005.273910511","3","3","3"
"18015.271839535","3","3","3"
"18025.266356255","3","3","3"
"18035.265080369","3","3","3"
"18045.273935694","3","3","3"
"18055.266782883","3","3","3"
"18065.27586016","3","3","3"
"18075.270207904","3","3","3"
"18085.265237079","3","3","3"
"18095.274436704","3","3","3"
"18105.28035631","3","3","3"
"18115.266027006","3","3","3"
"18125.270061676","3","3","3"
"18135.272021064","3","3","3"
"18145.279368302","3","3","3"
"18155.26698681","3","3","3"
"18165.267423983","3","3","3"
"18175.270756687","3","3","3"
"18185.267282018","3","3","3"
"18195.266100812","3","3","3"
"18205.26701551","3","3","3"
"18215.271504333","3","3","3"
"18225.267486552","3","3","3"
"18235.265482844","3","3","3"
"18245.266710183","3","3","3"
"18255.267767778","3","3","3"
"18265.267328932","3","3","3"
"18275.266077447","3","3","3"
"18285.276480207","3","3","3"
"18295.271579858","3","3","3"
"18305.266790475","3","3","3"
"18315.267231524","3","3","3"
"18325.271618059","3","3","3"
"18335.277495081","3","3","3"
"18345.27480356","3","3","3"
"18355.276915403","3","3","3"
"18365.274037109","3","3","3"
"18375.269240431","3","3","3"
"18385.273895017","3","3","3"
"18395.272742187","3","3","3"
"18405.276071668","3","3","3"
"18415.266060888","3","3","3"
"18425.268418275","3","3","3"
"18435.270287948","3","3","3"
"18445.27354475","3","3","3"
"18455.267122418","3","3","3"
"18465.271811288","3","3","3"
"18475.27081905","3","3","3"
"18485.26541244","3","3","3"
"18495.271555324","3","3","3"
"18505.267832353","3","3","3"
"18515.266732412","3","3","3"
"18525.266355675","3","3","3"
"18535.270500174","3","3","3"
"18545.273563592","3","3","3"
"18555.269769418","3","3","3"
"18565.267785226","3","3","3"
"18575.267475876","3","3","3"
"18585.275880229","3","3","3"
"18595.269194884","3","3","3"
"18605.266042408","3","3","3"
"18615.27605467","3","3","3"
"18625.268696211","3","3","3"
"18635.273787376","3","3","3"
"18645.268659872","3","3","3"
"18655.269623654","3","3","3"
"18665.266096033","3","3","3"
"18675.268245932","3","3","3"
"18685.267688686","3","3","3"
"18695.268959173","3","3","3"
"18705.267492369","3","3","3"
"18715.273139311","3","3","3"
"18725.267585609","3","3","3"
"18735.268802949","3","3","3"
"18745.266922048","3","3","3"
"18755.266907934","3","3","3"
"18765.272459815","3","3","3"
"18775.269118368","3","3","3"
"18785.277821136","3","3","3"
"18795.273333176","3","3","3"
"18805.267034245","3","3","3"
"18815.271389003","3","3","3"
"18825.267896317","3","3","3"
"18835.266384935","3","3","3"
"18845.271046046","3","3","3"
"18855.267490844","3","3","3"
"18865.266265951","3","3","3"
"18875.266054863","3","3","3"
"18885.268327089","3","3","3"
"18895.268509146","3","3","3"
"18905.267378832","3","3","3"
"18915.273659872","3","3","3"
"18925.266288228","3","3","3"
"18935.266467973","3","3","3"
"18945.267974705","3","3","3"
"18955.265913147","3","3","3"
"18965.266265118","3","3","3"
"18975.275199161","3","3","3"
"18985.275328832","3","3","3"
"18995.269108308","3","3","3"
"19005.266414887","3","3","3"
"19015.267211739","3","3","3"
"19025.276098937","3","3","3"
"19035.26585234","3","3","3"
"19045.269912025","3","3","3"
"19055.28117832","3","3","3"
"19065.267851011","3","3","3"
"19075.267422994","3","3","3"
"19085.269721692","3","3","3"
"19095.271279965","3","3","3"
"19105.268389166","3","3","3"
"19115.268018127","3","3","3"
"19125.269935355","3","3","3"
"19135.267790748","3","3","3"
"19145.267543858","3","3","3"
"19155.269145969","3","3","3"
"19165.270048711","3","3","3"
"19175.267828042","3","3","3"
"19185.268115385","3","3","3"
"19195.267564221","3","3","3"
"19205.267801383","3","3","3"
"19215.268777592","3","3","3"
"19225.267099193","3","3","3"
"19235.273727586","3","3","3"
"19245.268638825","3","3","3"
"19255.267406841","3","3","3"
"19265.271735897","3","3","3"
"19275.269903163","3","3","3"
"19285.265540874","3","3","3"
"19295.266968222","3","3","3"
"19305.267115978","3","3","3"
"19315.266656057","3","3","3"
"19325.27093873","3","3","3"
"19335.277933246","3","3","3"
"19345.266667019","3","3","3"
"19355.268659089","3","3","3"
"19365.277687197","3","3","3"
"19375.268581658","3","3","3"
"19385.266324726","3","3","3"
"19395.274102665","3","3","3"
"19405.270526973","3","3","3"
"19415.265966053","3","3","3"
"19425.266768985","3","3","3"
"19435.267897158","3","3","3"
"19445.269688371","3","3","3"
"19455.26933315","3","3","3"
"19465.26963784","3","3","3"
"19475.267519043","3","3","3"
"19485.267813907","3","3","3"
"19495.267403955","3","3","3"
"19505.280413686","3","3","3"
"19515.26764924","3","3","3"
"19525.269813851","3","3","3"
"19535.267458014","3","3","3"
"19545.274397443","3","3","3"
"19555.276986685","3","3","3"
"19565.267381545","3","3","3"
"19575.266617954","3","3","3"
"19585.265977942","3","3","3"
"19595.266903305","3","3","3"
"19605.2739174","3","3","3"
"19615.26859333","3","3","3"
"19625.265692785","3","3","3"
"19635.268219081","3","3","3"
"19645.273191445","3","3","3"
"19655.26680192","3","3","3"
"19665.275435698","3","3","3"
"19675.269243177","3","3","3"
"19685.268825351","3","3","3"
"19695.26692255","3","3","3"
"19705.266034451","3","3","3"
"19715.266304412","3","3","3"
"19725.26777561","3","3","3"
"19735.265830155","3","3","3"
"19745.275418375","3","3","3"
"19755.267863838","3","3","3"
"19765.265842439","3","3","3"
"19775.267780258","3","3","3"
"19785.267570961","3","3","3"
"19795.268287175","3","3","3"
"19805.266074941","3","3","3"
"19815.274512532","3","3","3"
"19825.26960977","3","3","3"
"19835.267077515","3","3","3"
"19845.265638707","3","3","3"
"20645.267958144","3","3","3"
"21775.267899982","3","3","3"
"21785.267030066","3","3","3"
"21795.266270352","3","3","3"
"21805.266304699","3","3","3"