"Relative Time (Process)","StudyAbroadGPT-7B-continued - system/gpu.0.temp","StudyAbroadGPT-7B-continued - system/gpu.0.temp__MIN","StudyAbroadGPT-7B-continued - system/gpu.0.temp__MAX","StudyAbroadGPT-7B-continued - system/gpu.1.temp","StudyAbroadGPT-7B-continued - system/gpu.1.temp__MIN","StudyAbroadGPT-7B-continued - system/gpu.1.temp__MAX"
"15.282726015","43","43","43","42","42","42"
"25.265648523","44","44","44","43","43","43"
"35.268134699","45","45","45","44","44","44"
"45.276054403","48","48","48","45","45","45"
"55.269090567","50","50","50","46","46","46"
"65.271829729","56","56","56","47","47","47"
"75.268575932","56","56","56","48","48","48"
"85.276529561","62","62","62","49","49","49"
"95.267709641","65","65","65","49","49","49"
"105.26622235","67","67","67","50","50","50"
"115.265448016","70","70","70","51","51","51"
"125.268289862","72","72","72","51","51","51"
"135.268787834","75","75","75","52","52","52"
"145.267607564","77","77","77","53","53","53"
"155.266615147","79","79","79","53","53","53"
"165.273888851","80","80","80","54","54","54"
"175.266194678","80","80","80","53","53","53"
"945.267685732","72","72","72","70","70","70"
"955.265614151","72","72","72","69","69","69"
"965.266567442","72","72","72","70","70","70"
"975.267032727","72","72","72","70","70","70"
"985.267835171","72","72","72","70","70","70"
"995.265477487","72","72","72","70","70","70"
"1005.267035756","72","72","72","70","70","70"
"1015.265546242","72","72","72","70","70","70"
"1035.2668394","72","72","72","70","70","70"
"1045.266411634","75","75","75","70","70","70"
"1055.265837761","78","78","78","70","70","70"
"1065.271039921","81","81","81","70","70","70"
"1075.268876502","81","81","81","68","68","68"
"1085.273139789","78","78","78","64","64","64"
"1095.267500395","77","77","77","61","61","61"
"1105.265939952","75","75","75","59","59","59"
"1115.26547951","75","75","75","58","58","58"
"1125.268191527","76","76","76","57","57","57"
"1135.267267404","77","77","77","57","57","57"
"1145.265542271","78","78","78","57","57","57"
"1155.270195255","78","78","78","56","56","56"
"1165.265521817","77","77","77","55","55","55"
"1175.26691707","77","77","77","55","55","55"
"1185.272515968","76","76","76","54","54","54"
"1195.266001313","77","77","77","54","54","54"
"1205.265507775","77","77","77","53","53","53"
"1215.273814613","77","77","77","53","53","53"
"1225.265528457","77","77","77","52","52","52"
"1235.265692333","77","77","77","52","52","52"
"1245.274446643","77","77","77","52","52","52"
"1255.275641964","77","77","77","51","51","51"
"1265.265354113","77","77","77","51","51","51"
"1275.270426836","77","77","77","51","51","51"
"1285.265503381","77","77","77","51","51","51"
"1295.268258961","77","77","77","50","50","50"
"1305.271934497","77","77","77","50","50","50"
"1315.265738672","77","77","77","50","50","50"
"1325.272673178","77","77","77","50","50","50"
"1335.275614913","77","77","77","50","50","50"
"1345.267954801","77","77","77","49","49","49"
"1355.265229372","77","77","77","49","49","49"
"1365.268519901","77","77","77","49","49","49"
"1375.267413549","77","77","77","49","49","49"
"1385.272998202","77","77","77","49","49","49"
"1395.268350244","77","77","77","49","49","49"
"1405.268613342","77","77","77","49","49","49"
"1415.267982808","77","77","77","49","49","49"
"1425.267386786","77","77","77","49","49","49"
"1435.26550606","77","77","77","49","49","49"
"1445.277250061","77","77","77","49","49","49"
"1455.266123245","77","77","77","49","49","49"
"1465.267954251","77","77","77","48","48","48"
"1475.271793395","77","77","77","48","48","48"
"1485.278676568","77","77","77","48","48","48"
"1495.266083721","77","77","77","48","48","48"
"1505.269389895","77","77","77","48","48","48"
"1515.26953179","77","77","77","48","48","48"
"1525.266012213","77","77","77","48","48","48"
"1535.266745837","77","77","77","48","48","48"
"1545.275819445","77","77","77","48","48","48"
"1555.271631822","77","77","77","48","48","48"
"1565.266599464","77","77","77","48","48","48"
"1575.265281584","77","77","77","48","48","48"
"1585.269237838","77","77","77","48","48","48"
"1595.26853866","77","77","77","48","48","48"
"1605.267992268","77","77","77","48","48","48"
"1615.267880841","77","77","77","48","48","48"
"1625.271129483","77","77","77","48","48","48"
"1635.276349915","77","77","77","48","48","48"
"1645.270105984","77","77","77","48","48","48"
"1655.265537282","77","77","77","48","48","48"
"1665.27384965","77","77","77","48","48","48"
"1675.26928571","77","77","77","48","48","48"
"1685.277326669","77","77","77","48","48","48"
"1695.268443525","77","77","77","48","48","48"
"1705.267053081","77","77","77","48","48","48"
"1715.269343698","77","77","77","48","48","48"
"1725.273265352","77","77","77","48","48","48"
"1735.268585195","77","77","77","48","48","48"
"1745.267097476","77","77","77","48","48","48"
"1755.265345918","77","77","77","48","48","48"
"1765.269911679","77","77","77","48","48","48"
"1775.266144078","77","77","77","48","48","48"
"1785.266635934","77","77","77","48","48","48"
"1795.267275418","77","77","77","48","48","48"
"1805.267045778","77","77","77","48","48","48"
"1815.26689334","77","77","77","48","48","48"
"1825.26683354","77","77","77","48","48","48"
"1835.271801952","77","77","77","48","48","48"
"1845.269770361","77","77","77","48","48","48"
"1855.27610869","77","77","77","48","48","48"
"1865.278790661","77","77","77","48","48","48"
"1875.266656143","77","77","77","48","48","48"
"1885.276794145","77","77","77","48","48","48"
"1895.271543898","77","77","77","48","48","48"
"1905.269028552","77","77","77","48","48","48"
"1915.270332614","77","77","77","48","48","48"
"1925.265761443","77","77","77","48","48","48"
"1935.272480052","77","77","77","48","48","48"
"1945.266799366","77","77","77","48","48","48"
"1955.271863979","77","77","77","48","48","48"
"1965.267282401","77","77","77","48","48","48"
"1975.267491962","77","77","77","48","48","48"
"1985.265093311","77","77","77","48","48","48"
"1995.268007845","77","77","77","48","48","48"
"2005.266706374","77","77","77","48","48","48"
"2015.266817986","77","77","77","48","48","48"
"2025.266251374","77","77","77","48","48","48"
"2035.265732348","77","77","77","48","48","48"
"2045.267223778","77","77","77","48","48","48"
"2055.274725907","77","77","77","48","48","48"
"2065.27115954","77","77","77","48","48","48"
"2075.26774375","77","77","77","48","48","48"
"2085.265976736","77","77","77","48","48","48"
"2095.270005366","77","77","77","48","48","48"
"2105.276182641","77","77","77","48","48","48"
"2115.268211421","77","77","77","48","48","48"
"2125.267017844","77","77","77","48","48","48"
"2135.266607762","77","77","77","48","48","48"
"2145.267921145","77","77","77","48","48","48"
"2155.269618332","77","77","77","48","48","48"
"2165.267561466","77","77","77","48","48","48"
"2175.266147109","77","77","77","48","48","48"
"2185.266571834","77","77","77","48","48","48"
"2195.269245093","77","77","77","48","48","48"
"2205.27263517","77","77","77","48","48","48"
"2215.265277177","77","77","77","48","48","48"
"2225.272642469","77","77","77","48","48","48"
"2235.267314278","77","77","77","48","48","48"
"2245.267459558","77","77","77","48","48","48"
"2255.274675387","77","77","77","48","48","48"
"2265.270022487","77","77","77","48","48","48"
"2275.281602606","77","77","77","48","48","48"
"2285.270281626","77","77","77","48","48","48"
"2295.27745621","77","77","77","48","48","48"
"2305.269133449","77","77","77","48","48","48"
"2315.268426861","77","77","77","48","48","48"
"2325.269286617","77","77","77","48","48","48"
"2335.269805861","77","77","77","48","48","48"
"2345.268670194","77","77","77","48","48","48"
"2355.268776163","77","77","77","48","48","48"
"2365.269933866","77","77","77","48","48","48"
"2375.270735103","77","77","77","48","48","48"
"2385.278791673","77","77","77","48","48","48"
"2395.26693152","77","77","77","48","48","48"
"2405.268414341","77","77","77","48","48","48"
"2415.268109819","77","77","77","48","48","48"
"2425.267155547","77","77","77","48","48","48"
"2435.266346117","77","77","77","48","48","48"
"2445.266166085","77","77","77","48","48","48"
"2455.273274064","77","77","77","48","48","48"
"2465.267590452","77","77","77","48","48","48"
"2475.266043811","77","77","77","48","48","48"
"2485.265839923","77","77","77","48","48","48"
"2495.266739408","77","77","77","48","48","48"
"2505.267934602","77","77","77","48","48","48"
"2515.271041929","77","77","77","48","48","48"
"2525.267353795","77","77","77","48","48","48"
"2535.26976709","77","77","77","48","48","48"
"2545.27037988","77","77","77","48","48","48"
"2555.267816106","77","77","77","47","47","47"
"2565.267601776","77","77","77","48","48","48"
"2575.265118334","77","77","77","48","48","48"
"2585.265934865","77","77","77","48","48","48"
"2595.268348133","77","77","77","48","48","48"
"2605.265436982","77","77","77","48","48","48"
"2615.271201909","77","77","77","47","47","47"
"2625.269559732","77","77","77","48","48","48"
"2635.273707077","77","77","77","48","48","48"
"2645.268105033","77","77","77","48","48","48"
"2655.267836099","77","77","77","48","48","48"
"2665.266293895","77","77","77","48","48","48"
"2675.278267345","77","77","77","48","48","48"
"2685.265511633","77","77","77","47","47","47"
"2695.266600786","77","77","77","48","48","48"
"2705.272781807","77","77","77","48","48","48"
"2715.269744156","77","77","77","48","48","48"
"2725.265505364","77","77","77","47","47","47"
"2735.270146616","77","77","77","48","48","48"
"2745.280402169","77","77","77","48","48","48"
"2755.276097714","77","77","77","48","48","48"
"2765.268603386","77","77","77","47","47","47"
"2775.268015315","77","77","77","48","48","48"
"2785.267317265","77","77","77","47","47","47"
"2795.267111057","77","77","77","47","47","47"
"2805.266532622","77","77","77","47","47","47"
"2815.270501722","77","77","77","48","48","48"
"2825.266518576","77","77","77","48","48","48"
"2835.267824103","77","77","77","48","48","48"
"2845.265712586","77","77","77","48","48","48"
"2855.265060446","77","77","77","48","48","48"
"2865.266951665","77","77","77","48","48","48"
"2875.267031396","77","77","77","48","48","48"
"2885.268632402","77","77","77","48","48","48"
"2895.265928464","77","77","77","48","48","48"
"2905.267130844","77","77","77","48","48","48"
"2915.269853103","77","77","77","48","48","48"
"2925.278221941","77","77","77","48","48","48"
"2935.276070701","77","77","77","48","48","48"
"2945.265646511","77","77","77","48","48","48"
"2955.272268848","77","77","77","48","48","48"
"2965.265286886","77","77","77","48","48","48"
"2975.26700083","77","77","77","48","48","48"
"2985.2660491","77","77","77","48","48","48"
"2995.268222264","77","77","77","48","48","48"
"3005.269070349","77","77","77","48","48","48"
"3015.265623971","77","77","77","48","48","48"
"3025.269203756","77","77","77","48","48","48"
"3035.269152952","77","77","77","48","48","48"
"3045.269588767","77","77","77","48","48","48"
"3055.269526513","77","77","77","48","48","48"
"3065.267139719","77","77","77","48","48","48"
"3075.279191049","77","77","77","48","48","48"
"3085.270902954","77","77","77","48","48","48"
"3095.270076773","77","77","77","48","48","48"
"3105.274963408","77","77","77","47","47","47"
"3115.270393832","77","77","77","47","47","47"
"3125.26795194","77","77","77","48","48","48"
"3135.268784579","77","77","77","47","47","47"
"3145.266816525","77","77","77","48","48","48"
"3155.27051942","77","77","77","47","47","47"
"3165.268498837","77","77","77","47","47","47"
"3175.267251274","77","77","77","48","48","48"
"3185.265566903","77","77","77","48","48","48"
"3195.275283592","77","77","77","48","48","48"
"3205.266435502","77","77","77","48","48","48"
"3215.268662772","77","77","77","48","48","48"
"3225.268206969","77","77","77","48","48","48"
"3235.273724345","77","77","77","48","48","48"
"3245.268435264","77","77","77","48","48","48"
"3255.271103186","77","77","77","48","48","48"
"3265.267122801","77","77","77","48","48","48"
"3275.265538709","77","77","77","48","48","48"
"3285.266646826","77","77","77","48","48","48"
"3295.267352692","77","77","77","48","48","48"
"3305.264893953","77","77","77","48","48","48"
"3315.268723197","77","77","77","48","48","48"
"3325.266827672","77","77","77","48","48","48"
"3335.276772017","77","77","77","48","48","48"
"3345.268926769","77","77","77","48","48","48"
"3355.268556798","77","77","77","47","47","47"
"3365.26710819","77","77","77","48","48","48"
"3375.267515237","77","77","77","48","48","48"
"3385.267909624","77","77","77","48","48","48"
"3395.265377318","77","77","77","48","48","48"
"3405.274094482","77","77","77","48","48","48"
"3415.272278842","77","77","77","48","48","48"
"3425.26842753","77","77","77","48","48","48"
"3435.270209751","77","77","77","48","48","48"
"3445.270338098","77","77","77","47","47","47"
"3455.2669032","77","77","77","48","48","48"
"3465.273420404","77","77","77","48","48","48"
"3475.269653671","77","77","77","48","48","48"
"3485.269522908","77","77","77","48","48","48"
"3495.26729341","77","77","77","48","48","48"
"3505.267397557","77","77","77","48","48","48"
"3515.267857542","77","77","77","48","48","48"
"3525.27032725","77","77","77","48","48","48"
"3535.268625025","77","77","77","47","47","47"
"3545.265003903","77","77","77","47","47","47"
"3555.26997253","77","77","77","47","47","47"
"3565.273418996","77","77","77","47","47","47"
"3575.268195737","77","77","77","48","48","48"
"3585.26582559","77","77","77","48","48","48"
"3595.268121905","77","77","77","48","48","48"
"3605.267472908","77","77","77","48","48","48"
"3615.273141294","77","77","77","48","48","48"
"3625.266851376","77","77","77","48","48","48"
"3635.26565782","77","77","77","48","48","48"
"3645.267749578","77","77","77","48","48","48"
"3655.272397374","77","77","77","48","48","48"
"3665.269606543","77","77","77","47","47","47"
"3675.270597783","77","77","77","48","48","48"
"3685.267994311","77","77","77","48","48","48"
"3695.268590445","77","77","77","48","48","48"
"3705.266582141","77","77","77","48","48","48"
"3715.268723163","77","77","77","48","48","48"
"3725.269654647","77","77","77","47","47","47"
"3735.269984925","77","77","77","48","48","48"
"3745.265890704","77","77","77","48","48","48"
"3755.267749161","77","77","77","48","48","48"
"3765.266643494","77","77","77","48","48","48"
"3775.265299793","77","77","77","48","48","48"
"3785.268005147","77","77","77","48","48","48"
"3795.267068091","77","77","77","47","47","47"
"3805.267598656","77","77","77","48","48","48"
"3815.267139402","77","77","77","47","47","47"
"3825.267305784","77","77","77","47","47","47"
"3835.265849396","77","77","77","47","47","47"
"3845.271409916","77","77","77","47","47","47"
"3855.267823007","77","77","77","47","47","47"
"3865.270247847","77","77","77","47","47","47"
"3875.266918617","77","77","77","47","47","47"
"3885.272401969","77","77","77","47","47","47"
"3895.27121305","77","77","77","47","47","47"
"3905.267759192","77","77","77","47","47","47"
"3915.272368051","77","77","77","47","47","47"
"3925.266281319","77","77","77","47","47","47"
"3935.268206974","77","77","77","47","47","47"
"3945.267196585","77","77","77","47","47","47"
"3955.265771097","77","77","77","47","47","47"
"3965.268397943","77","77","77","47","47","47"
"3975.267625979","77","77","77","47","47","47"
"3985.271219111","76","76","76","47","47","47"
"3995.266610805","77","77","77","47","47","47"
"4005.273735553","77","77","77","47","47","47"
"4015.266686821","77","77","77","47","47","47"
"4025.267165875","77","77","77","47","47","47"
"4035.276413417","77","77","77","47","47","47"
"4045.267300774","78","78","78","47","47","47"
"4055.264957835","77","77","77","47","47","47"
"4065.267786781","76","76","76","47","47","47"
"4075.275773729","76","76","76","47","47","47"
"4085.267142924","76","76","76","47","47","47"
"4095.266520784","77","77","77","47","47","47"
"4105.275108667","77","77","77","47","47","47"
"4115.276663836","77","77","77","47","47","47"
"4125.265455144","78","78","78","47","47","47"
"4135.26946361","77","77","77","47","47","47"
"4145.276639446","77","77","77","47","47","47"
"4155.267319856","77","77","77","47","47","47"
"4165.274283927","76","76","76","47","47","47"
"4175.26712252","77","77","77","47","47","47"
"4185.266233895","77","77","77","47","47","47"
"4195.26635952","77","77","77","47","47","47"
"4205.269411148","78","78","78","47","47","47"
"4215.26673456","78","78","78","47","47","47"
"4225.26550228","77","77","77","47","47","47"
"4235.267328264","77","77","77","47","47","47"
"4245.266318214","77","77","77","47","47","47"
"4255.266614958","77","77","77","47","47","47"
"4265.265517181","77","77","77","47","47","47"
"4275.272976763","77","77","77","47","47","47"
"4285.273362119","77","77","77","47","47","47"
"4295.265061183","77","77","77","47","47","47"
"4305.267671354","77","77","77","47","47","47"
"4315.265926034","77","77","77","48","48","48"
"4325.267251009","77","77","77","47","47","47"
"4335.269224025","77","77","77","47","47","47"
"4345.26694564","77","77","77","47","47","47"
"4355.270572955","77","77","77","48","48","48"
"4365.266378654","77","77","77","48","48","48"
"4375.265651501","77","77","77","48","48","48"
"4385.268049793","77","77","77","47","47","47"
"4395.268211414","77","77","77","47","47","47"
"4405.267714614","77","77","77","47","47","47"
"4415.271363374","77","77","77","47","47","47"
"4425.268786165","77","77","77","47","47","47"
"4435.267331869","77","77","77","48","48","48"
"4445.26683265","77","77","77","48","48","48"
"4455.26782635","77","77","77","47","47","47"
"4465.267118286","77","77","77","47","47","47"
"4475.268633217","77","77","77","47","47","47"
"4485.26775339","77","77","77","48","48","48"
"4495.266762529","77","77","77","47","47","47"
"4505.274477632","77","77","77","47","47","47"
"4515.274520474","77","77","77","47","47","47"
"4525.266903626","77","77","77","47","47","47"
"4535.265560312","77","77","77","47","47","47"
"4545.273385161","77","77","77","47","47","47"
"4555.26721518","77","77","77","47","47","47"
"4565.265499896","77","77","77","47","47","47"
"4575.269778184","77","77","77","47","47","47"
"4585.266883774","77","77","77","47","47","47"
"4595.265222364","77","77","77","48","48","48"
"4605.269847287","77","77","77","47","47","47"
"4615.267013194","77","77","77","47","47","47"
"4625.267484232","77","77","77","47","47","47"
"4635.267860473","77","77","77","47","47","47"
"4645.267600478","77","77","77","48","48","48"
"4655.271608586","77","77","77","48","48","48"
"4665.268299989","77","77","77","48","48","48"
"4675.26751027","77","77","77","47","47","47"
"4685.266286575","77","77","77","48","48","48"
"4695.269020222","77","77","77","48","48","48"
"4705.26771586","77","77","77","48","48","48"
"4715.266606133","77","77","77","48","48","48"
"4725.265748255","77","77","77","48","48","48"
"4735.270064113","77","77","77","48","48","48"
"4745.267499407","77","77","77","48","48","48"
"4755.266979495","77","77","77","48","48","48"
"4765.267470766","77","77","77","48","48","48"
"4775.266436876","77","77","77","48","48","48"
"4785.267799305","77","77","77","48","48","48"
"4795.265684789","77","77","77","48","48","48"
"4805.265177495","77","77","77","48","48","48"
"4815.266807389","77","77","77","47","47","47"
"4825.270000143","77","77","77","48","48","48"
"4835.265750418","77","77","77","48","48","48"
"4845.274690517","77","77","77","47","47","47"
"4855.269076041","77","77","77","47","47","47"
"4865.276600762","77","77","77","48","48","48"
"4875.266924693","77","77","77","47","47","47"
"4885.268453481","77","77","77","47","47","47"
"4895.268693889","77","77","77","48","48","48"
"4905.275992369","77","77","77","48","48","48"
"4915.268371933","77","77","77","47","47","47"
"4925.267113892","77","77","77","47","47","47"
"4935.27919284","77","77","77","47","47","47"
"4945.266736385","77","77","77","48","48","48"
"4955.264933407","77","77","77","47","47","47"
"4965.267596265","77","77","77","47","47","47"
"4975.267483481","77","77","77","48","48","48"
"4985.266788367","77","77","77","47","47","47"
"4995.267532653","77","77","77","47","47","47"
"5005.265115437","77","77","77","47","47","47"
"5015.27153468","77","77","77","47","47","47"
"5025.272049529","77","77","77","47","47","47"
"5035.268537376","77","77","77","48","48","48"
"5045.26741715","77","77","77","48","48","48"
"5055.267841617","77","77","77","47","47","47"
"5065.26559602","77","77","77","47","47","47"
"5075.267271604","77","77","77","48","48","48"
"5085.269293544","77","77","77","48","48","48"
"5095.267006693","77","77","77","48","48","48"
"5105.267314922","77","77","77","47","47","47"
"5115.266291201","77","77","77","48","48","48"
"5125.265724615","77","77","77","47","47","47"
"5135.266187905","77","77","77","47","47","47"
"5145.267763353","77","77","77","48","48","48"
"5155.273462842","78","78","78","48","48","48"
"5165.276403101","77","77","77","48","48","48"
"5175.271563312","77","77","77","48","48","48"
"5185.267206336","77","77","77","48","48","48"
"5195.265589683","77","77","77","47","47","47"
"5205.267792648","77","77","77","47","47","47"
"5215.270969732","77","77","77","47","47","47"
"5225.268759099","77","77","77","47","47","47"
"5235.265610403","77","77","77","47","47","47"
"5245.271084424","77","77","77","47","47","47"
"5255.269715935","77","77","77","48","48","48"
"5265.27437571","78","78","78","48","48","48"
"5275.268382728","77","77","77","48","48","48"
"5285.267564397","78","78","78","48","48","48"
"5295.276783446","77","77","77","48","48","48"
"5305.269612032","77","77","77","47","47","47"
"5315.274516796","77","77","77","48","48","48"
"5325.284928808","77","77","77","48","48","48"
"5335.265507851","77","77","77","48","48","48"
"5345.267073313","77","77","77","48","48","48"
"5355.266314418","77","77","77","48","48","48"
"5365.267197447","77","77","77","48","48","48"
"5375.266294043","77","77","77","47","47","47"
"5385.266353087","77","77","77","48","48","48"
"5395.267773171","77","77","77","48","48","48"
"5405.265548585","77","77","77","48","48","48"
"5415.268658984","77","77","77","48","48","48"
"5425.26856957","77","77","77","48","48","48"
"5435.265833728","77","77","77","48","48","48"
"5445.266763277","77","77","77","47","47","47"
"5455.267821483","77","77","77","47","47","47"
"5465.265281319","77","77","77","47","47","47"
"5475.269933096","77","77","77","48","48","48"
"5485.275016494","77","77","77","47","47","47"
"5495.275487052","77","77","77","47","47","47"
"5505.275937652","77","77","77","48","48","48"
"5515.27613732","77","77","77","47","47","47"
"5525.268709063","77","77","77","47","47","47"
"5535.265588392","77","77","77","47","47","47"
"5545.266375728","77","77","77","48","48","48"
"5555.274225934","77","77","77","47","47","47"
"5565.266261212","77","77","77","47","47","47"
"5575.268900167","77","77","77","47","47","47"
"5585.264945965","77","77","77","47","47","47"
"5595.265300676","77","77","77","47","47","47"
"5605.267850455","77","77","77","47","47","47"
"5615.267553434","77","77","77","47","47","47"
"5625.270299357","77","77","77","47","47","47"
"5635.267216317","77","77","77","48","48","48"
"5645.267517139","77","77","77","48","48","48"
"5655.268127221","77","77","77","47","47","47"
"5665.274790712","77","77","77","47","47","47"
"5675.26996395","77","77","77","47","47","47"
"5685.26583713","77","77","77","48","48","48"
"5695.268494597","77","77","77","48","48","48"
"5705.26754324","77","77","77","48","48","48"
"5715.266630139","77","77","77","48","48","48"
"5725.266980088","77","77","77","48","48","48"
"5735.267281439","77","77","77","47","47","47"
"5745.266848198","77","77","77","48","48","48"
"5755.269077492","77","77","77","48","48","48"
"5765.266697905","77","77","77","47","47","47"
"5775.267668704","77","77","77","48","48","48"
"5785.268586364","77","77","77","48","48","48"
"5795.274239431","77","77","77","47","47","47"
"5805.272994608","77","77","77","47","47","47"
"5815.268130037","77","77","77","48","48","48"
"5825.267222938","77","77","77","48","48","48"
"5835.266150224","77","77","77","47","47","47"
"5845.266233999","77","77","77","47","47","47"
"5855.26735575","77","77","77","47","47","47"
"5865.265848487","77","77","77","47","47","47"
"5875.268683511","77","77","77","48","48","48"
"5885.266616603","77","77","77","48","48","48"
"5895.26607862","77","77","77","48","48","48"
"5905.266242639","77","77","77","47","47","47"
"5915.267273191","77","77","77","47","47","47"
"5925.268047209","77","77","77","48","48","48"
"5935.273666155","77","77","77","48","48","48"
"5945.274342229","77","77","77","47","47","47"
"5955.268847884","77","77","77","47","47","47"
"5965.271374737","77","77","77","47","47","47"
"5975.271199327","77","77","77","47","47","47"
"5985.267929389","77","77","77","47","47","47"
"5995.265582978","77","77","77","47","47","47"
"6005.265023539","77","77","77","47","47","47"
"6015.271016868","77","77","77","47","47","47"
"6025.275186198","77","77","77","48","48","48"
"6035.267221564","77","77","77","47","47","47"
"6045.276702736","77","77","77","47","47","47"
"6055.275606555","77","77","77","47","47","47"
"6065.265721934","77","77","77","48","48","48"
"6075.267693803","77","77","77","48","48","48"
"6085.271742501","77","77","77","47","47","47"
"6095.275981395","77","77","77","47","47","47"
"6105.274769634","77","77","77","48","48","48"
"6115.267056885","77","77","77","47","47","47"
"6125.268451437","77","77","77","48","48","48"
"6135.268369822","77","77","77","47","47","47"
"6145.267553346","77","77","77","47","47","47"
"6155.269519362","77","77","77","47","47","47"
"6165.277378796","77","77","77","47","47","47"
"6175.26903679","77","77","77","47","47","47"
"6185.265467123","77","77","77","47","47","47"
"6195.274305167","77","77","77","47","47","47"
"6205.268079926","77","77","77","47","47","47"
"6215.268737001","77","77","77","47","47","47"
"6225.2660367","77","77","77","47","47","47"
"6235.268565539","77","77","77","47","47","47"
"6245.26642663","77","77","77","47","47","47"
"6255.267623485","77","77","77","47","47","47"
"6265.267818046","77","77","77","47","47","47"
"6275.26917742","77","77","77","47","47","47"
"6285.267225709","77","77","77","47","47","47"
"6295.272194858","77","77","77","47","47","47"
"6305.268300583","77","77","77","48","48","48"
"6315.268093415","77","77","77","48","48","48"
"6325.270108898","77","77","77","48","48","48"
"6335.265033828","77","77","77","47","47","47"
"6345.268498901","77","77","77","48","48","48"
"6355.266392848","77","77","77","48","48","48"
"6365.268633069","77","77","77","47","47","47"
"6375.267425707","77","77","77","48","48","48"
"6385.271801035","77","77","77","48","48","48"
"6395.271626093","77","77","77","47","47","47"
"6405.265698111","77","77","77","48","48","48"
"6415.27540635","77","77","77","48","48","48"
"6425.269061306","77","77","77","48","48","48"
"6435.267782121","77","77","77","47","47","47"
"6445.270612672","77","77","77","48","48","48"
"6455.267347696","77","77","77","48","48","48"
"6465.275207677","77","77","77","47","47","47"
"6475.274585848","77","77","77","47","47","47"
"6485.278296682","77","77","77","48","48","48"
"6495.269740958","77","77","77","48","48","48"
"6505.276111694","77","77","77","47","47","47"
"6515.268265732","77","77","77","48","48","48"
"6525.274278702","77","77","77","48","48","48"
"6535.270680161","77","77","77","48","48","48"
"6545.273087391","77","77","77","48","48","48"
"6555.277248723","77","77","77","48","48","48"
"6565.26728664","77","77","77","48","48","48"
"6575.268910592","77","77","77","47","47","47"
"6585.27318068","77","77","77","47","47","47"
"6595.266668499","78","78","78","48","48","48"
"6605.268957463","77","77","77","48","48","48"
"6615.266056867","77","77","77","48","48","48"
"6625.266957279","77","77","77","48","48","48"
"6635.265473202","77","77","77","48","48","48"
"6645.275069982","77","77","77","48","48","48"
"6655.266185363","77","77","77","48","48","48"
"6665.272476164","77","77","77","48","48","48"
"6675.27379124","77","77","77","48","48","48"
"6685.265847748","77","77","77","48","48","48"
"6695.267210123","77","77","77","48","48","48"
"6705.266051453","77","77","77","48","48","48"
"6715.266638701","77","77","77","47","47","47"
"6725.26536817","77","77","77","48","48","48"
"6735.266781159","77","77","77","48","48","48"
"6745.265794792","77","77","77","47","47","47"
"6755.265247524","77","77","77","48","48","48"
"6765.27254652","77","77","77","48","48","48"
"6775.274140466","77","77","77","48","48","48"
"6785.276503779","77","77","77","47","47","47"
"6795.267739525","77","77","77","48","48","48"
"6805.268997297","77","77","77","48","48","48"
"6815.266827316","77","77","77","48","48","48"
"6825.27073043","77","77","77","48","48","48"
"6835.266803449","77","77","77","48","48","48"
"6845.26717991","77","77","77","48","48","48"
"6855.265820758","77","77","77","48","48","48"
"6865.26973258","77","77","77","48","48","48"
"6875.271815064","77","77","77","48","48","48"
"6885.270234538","77","77","77","48","48","48"
"6895.271394991","77","77","77","48","48","48"
"6905.276211751","77","77","77","48","48","48"
"6915.271879911","77","77","77","48","48","48"
"6925.265851547","78","78","78","48","48","48"
"6935.270209841","77","77","77","48","48","48"
"6945.266836505","77","77","77","48","48","48"
"6955.281024488","77","77","77","48","48","48"
"6965.267114641","77","77","77","48","48","48"
"6975.269447562","77","77","77","48","48","48"
"6985.266076322","77","77","77","48","48","48"
"6995.268032843","77","77","77","48","48","48"
"7005.269211666","77","77","77","48","48","48"
"7015.275973268","77","77","77","48","48","48"
"7025.266663436","77","77","77","48","48","48"
"7035.275966887","77","77","77","48","48","48"
"7045.266856179","77","77","77","48","48","48"
"7055.273738355","77","77","77","48","48","48"
"7065.27536408","77","77","77","48","48","48"
"7075.270250738","77","77","77","48","48","48"
"7085.268842805","77","77","77","48","48","48"
"7095.27530527","77","77","77","48","48","48"
"7105.26739402","77","77","77","48","48","48"
"7115.269227128","77","77","77","48","48","48"
"7125.268434927","77","77","77","47","47","47"
"7135.267049822","77","77","77","47","47","47"
"7145.268309409","77","77","77","47","47","47"
"7155.271621196","77","77","77","47","47","47"
"7165.276411092","77","77","77","47","47","47"
"7175.27169243","77","77","77","47","47","47"
"7185.269609123","77","77","77","47","47","47"
"7195.267688967","77","77","77","47","47","47"
"7205.273443367","77","77","77","47","47","47"
"7215.268201523","77","77","77","47","47","47"
"7225.274729161","77","77","77","47","47","47"
"7235.267122906","77","77","77","47","47","47"
"7245.268250767","77","77","77","47","47","47"
"7255.266945083","77","77","77","47","47","47"
"7265.268025972","77","77","77","47","47","47"
"7275.266990506","77","77","77","47","47","47"
"7285.268288821","77","77","77","47","47","47"
"7295.271218815","77","77","77","47","47","47"
"7305.267316563","77","77","77","47","47","47"
"7315.275952994","77","77","77","47","47","47"
"7325.276754874","77","77","77","47","47","47"
"7335.26584027","77","77","77","47","47","47"
"7345.26973949","77","77","77","47","47","47"
"7355.267208853","77","77","77","47","47","47"
"7365.272405433","77","77","77","47","47","47"
"7375.267501486","77","77","77","47","47","47"
"7385.267184918","77","77","77","47","47","47"
"7395.268658993","77","77","77","47","47","47"
"7405.268187202","77","77","77","47","47","47"
"7415.271778622","77","77","77","47","47","47"
"7425.269521687","77","77","77","47","47","47"
"7435.267732106","77","77","77","47","47","47"
"7445.269841448","77","77","77","47","47","47"
"7455.268043542","77","77","77","47","47","47"
"7465.267290735","77","77","77","47","47","47"
"7475.265605866","77","77","77","47","47","47"
"7485.275522122","77","77","77","47","47","47"
"7495.267926875","77","77","77","47","47","47"
"7505.268156785","76","76","76","47","47","47"
"7515.267006019","77","77","77","47","47","47"
"7525.265817928","77","77","77","47","47","47"
"7535.269340155","77","77","77","47","47","47"
"7545.267848139","77","77","77","47","47","47"
"7555.26651911","77","77","77","47","47","47"
"7565.266729548","77","77","77","47","47","47"
"7575.268433576","77","77","77","47","47","47"
"7585.268014819","77","77","77","47","47","47"
"7595.266647835","77","77","77","47","47","47"
"7605.269019198","77","77","77","47","47","47"
"7615.275087414","77","77","77","47","47","47"
"7625.269495016","77","77","77","47","47","47"
"7635.266044262","77","77","77","47","47","47"
"7645.265143907","77","77","77","47","47","47"
"7655.277921309","78","78","78","47","47","47"
"7665.266522874","77","77","77","47","47","47"
"7675.267885473","77","77","77","47","47","47"
"7685.275161061","77","77","77","47","47","47"
"7695.271766802","77","77","77","47","47","47"
"7705.266417373","77","77","77","47","47","47"
"7715.275600026","77","77","77","47","47","47"
"7725.267828934","77","77","77","47","47","47"
"7735.266397064","77","77","77","47","47","47"
"7745.266627238","77","77","77","47","47","47"
"7755.267746496","77","77","77","47","47","47"
"7765.268902114","77","77","77","47","47","47"
"7775.275217284","77","77","77","47","47","47"
"7785.266388161","77","77","77","47","47","47"
"7795.275377311","76","76","76","46","46","46"
"7805.268452872","76","76","76","47","47","47"
"7815.267062358","76","76","76","47","47","47"
"7825.266807005","77","77","77","47","47","47"
"7835.265294444","78","78","78","47","47","47"
"7845.267664299","78","78","78","47","47","47"
"7855.272770023","77","77","77","47","47","47"
"7865.269935167","77","77","77","47","47","47"
"7875.266498156","77","77","77","47","47","47"
"7885.265273881","77","77","77","47","47","47"
"7895.27022877","77","77","77","47","47","47"
"7905.266345841","77","77","77","47","47","47"
"7915.276220111","77","77","77","47","47","47"
"7925.272496546","78","78","78","47","47","47"
"7935.26792506","77","77","77","47","47","47"
"7945.272976741","77","77","77","47","47","47"
"7955.265820771","77","77","77","47","47","47"
"7965.268185421","77","77","77","47","47","47"
"7975.26763435","77","77","77","47","47","47"
"7985.267074625","77","77","77","47","47","47"
"7995.277509251","77","77","77","47","47","47"
"8005.266427183","77","77","77","47","47","47"
"8015.269814234","76","76","76","47","47","47"
"8025.27158616","77","77","77","47","47","47"
"8035.275325862","77","77","77","47","47","47"
"8045.268843485","77","77","77","47","47","47"
"8055.266481915","77","77","77","47","47","47"
"8065.267674196","77","77","77","47","47","47"
"8075.268127008","78","78","78","47","47","47"
"8085.266431397","77","77","77","47","47","47"
"8095.27480162","77","77","77","47","47","47"
"8105.273339241","77","77","77","47","47","47"
"8115.269563651","77","77","77","47","47","47"
"8125.267104395","77","77","77","47","47","47"
"8135.2686717","77","77","77","47","47","47"
"8145.269789294","77","77","77","47","47","47"
"8155.266340802","76","76","76","47","47","47"
"8165.267592278","77","77","77","47","47","47"
"8175.271068852","77","77","77","47","47","47"
"8185.276717066","77","77","77","47","47","47"
"8195.268802094","77","77","77","47","47","47"
"8205.267729504","77","77","77","47","47","47"
"8215.268193634","77","77","77","47","47","47"
"8225.270518576","77","77","77","47","47","47"
"8235.267365274","77","77","77","47","47","47"
"8245.274156326","77","77","77","47","47","47"
"8255.273009137","77","77","77","47","47","47"
"8265.274999011","77","77","77","47","47","47"
"8275.265605066","77","77","77","47","47","47"
"8285.268252333","77","77","77","47","47","47"
"8295.269829436","77","77","77","47","47","47"
"8305.266998827","77","77","77","47","47","47"
"8315.265139827","77","77","77","47","47","47"
"8325.269405514","77","77","77","47","47","47"
"8335.274539372","77","77","77","47","47","47"
"8345.265611752","77","77","77","47","47","47"
"8355.267793384","77","77","77","47","47","47"
"8365.268409953","77","77","77","47","47","47"
"8375.276332272","77","77","77","47","47","47"
"8385.266576488","77","77","77","47","47","47"
"8395.266200728","77","77","77","47","47","47"
"8405.268607634","77","77","77","48","48","48"
"8415.276418391","77","77","77","47","47","47"
"8425.265950247","77","77","77","48","48","48"
"8435.272815348","77","77","77","47","47","47"
"8445.270626781","77","77","77","47","47","47"
"8455.267598784","77","77","77","47","47","47"
"8465.266206648","77","77","77","48","48","48"
"8475.268470184","77","77","77","48","48","48"
"8485.266612965","77","77","77","48","48","48"
"8495.26869236","77","77","77","48","48","48"
"8505.268440931","77","77","77","48","48","48"
"8515.27836093","77","77","77","48","48","48"
"8525.269459114","77","77","77","48","48","48"
"8535.267885106","77","77","77","48","48","48"
"8545.267454357","77","77","77","48","48","48"
"8555.26898574","77","77","77","48","48","48"
"8565.267413992","77","77","77","48","48","48"
"8575.276947969","77","77","77","48","48","48"
"8585.26742504","77","77","77","48","48","48"
"8595.267452625","77","77","77","48","48","48"
"8605.26826857","77","77","77","48","48","48"
"8615.265246389","77","77","77","48","48","48"
"8625.267366157","77","77","77","48","48","48"
"8635.265257041","77","77","77","48","48","48"
"8645.26585124","77","77","77","48","48","48"
"8655.273018165","77","77","77","48","48","48"
"8665.271073848","77","77","77","48","48","48"
"8675.268754561","77","77","77","48","48","48"
"8685.276414871","77","77","77","48","48","48"
"8695.268722379","77","77","77","48","48","48"
"8705.266311138","77","77","77","48","48","48"
"8715.276038951","77","77","77","48","48","48"
"8725.273343637","77","77","77","48","48","48"
"8735.265695031","77","77","77","48","48","48"
"8745.267935587","77","77","77","48","48","48"
"8755.269133347","77","77","77","48","48","48"
"8765.2715031","77","77","77","48","48","48"
"8775.270426213","77","77","77","48","48","48"
"8785.268191937","77","77","77","48","48","48"
"8795.265617615","77","77","77","48","48","48"
"8805.267776307","77","77","77","48","48","48"
"8815.274644143","77","77","77","48","48","48"
"8825.274660978","77","77","77","48","48","48"
"8835.278396458","77","77","77","48","48","48"
"8845.2654304","77","77","77","48","48","48"
"8855.267890467","77","77","77","48","48","48"
"8865.266228091","77","77","77","48","48","48"
"8875.269123862","77","77","77","48","48","48"
"8885.269069715","77","77","77","48","48","48"
"8895.267536322","77","77","77","48","48","48"
"8905.265244871","77","77","77","48","48","48"
"8915.271250323","77","77","77","48","48","48"
"8925.276096093","77","77","77","48","48","48"
"8935.276339074","78","78","78","48","48","48"
"8945.272748088","77","77","77","48","48","48"
"8955.269456822","77","77","77","48","48","48"
"8965.265281538","78","78","78","48","48","48"
"8975.271515029","77","77","77","48","48","48"
"8985.269014141","77","77","77","48","48","48"
"8995.265411324","77","77","77","48","48","48"
"9005.268323305","77","77","77","48","48","48"
"9015.265721188","77","77","77","48","48","48"
"9025.268935439","77","77","77","48","48","48"
"9035.266917739","77","77","77","48","48","48"
"9045.2719885","77","77","77","48","48","48"
"9055.274689111","77","77","77","48","48","48"
"9065.266909936","77","77","77","48","48","48"
"9075.270381377","77","77","77","48","48","48"
"9085.273346033","78","78","78","48","48","48"
"9095.269162505","77","77","77","48","48","48"
"9105.277780919","77","77","77","48","48","48"
"9115.277108299","77","77","77","48","48","48"
"9125.274484144","77","77","77","48","48","48"
"9135.271302515","76","76","76","48","48","48"
"9145.267071038","77","77","77","47","47","47"
"9155.266665828","77","77","77","47","47","47"
"9165.27909498","77","77","77","48","48","48"
"9175.266830065","77","77","77","47","47","47"
"9185.265888464","77","77","77","48","48","48"
"9195.274581797","77","77","77","48","48","48"
"9205.26662533","77","77","77","48","48","48"
"9215.267609008","77","77","77","48","48","48"
"9225.267113125","77","77","77","48","48","48"
"9235.26572732","77","77","77","48","48","48"
"9245.267498435","77","77","77","48","48","48"
"9255.26835974","77","77","77","48","48","48"
"9265.268277893","77","77","77","48","48","48"
"9275.270864159","77","77","77","48","48","48"
"9285.266752477","77","77","77","48","48","48"
"9295.273911527","77","77","77","48","48","48"
"9305.278531191","76","76","76","47","47","47"
"9315.270658917","77","77","77","47","47","47"
"9325.269537607","77","77","77","47","47","47"
"9335.265170431","77","77","77","47","47","47"
"9345.266301986","77","77","77","47","47","47"
"9355.266016364","77","77","77","47","47","47"
"9365.269590554","77","77","77","47","47","47"
"9375.267738864","77","77","77","47","47","47"
"9385.265588342","77","77","77","47","47","47"
"9395.265890702","77","77","77","47","47","47"
"9405.265575858","77","77","77","47","47","47"
"9415.267240293","77","77","77","48","48","48"
"9425.266128459","77","77","77","47","47","47"
"9435.268379195","77","77","77","47","47","47"
"9445.271881495","77","77","77","47","47","47"
"9455.266401686","77","77","77","47","47","47"
"9465.267981138","77","77","77","47","47","47"
"9475.273011463","77","77","77","47","47","47"
"9485.266715943","77","77","77","47","47","47"
"9495.269697907","77","77","77","47","47","47"
"9505.265893114","77","77","77","47","47","47"
"9515.272278192","77","77","77","47","47","47"
"9525.270337106","77","77","77","47","47","47"
"9535.268401599","77","77","77","47","47","47"
"9545.265462722","77","77","77","47","47","47"
"9555.267834371","77","77","77","47","47","47"
"9565.267606317","77","77","77","47","47","47"
"9575.267019192","77","77","77","47","47","47"
"9585.270231227","77","77","77","47","47","47"
"9595.26696636","77","77","77","47","47","47"
"9605.265903156","77","77","77","47","47","47"
"9615.26774542","77","77","77","47","47","47"
"9625.269185254","77","77","77","47","47","47"
"9635.267727176","77","77","77","47","47","47"
"9645.266396759","77","77","77","47","47","47"
"9655.272515105","77","77","77","47","47","47"
"9665.268029718","77","77","77","47","47","47"
"9675.269545992","77","77","77","47","47","47"
"9685.266314763","77","77","77","47","47","47"
"9695.269770489","77","77","77","47","47","47"
"9705.273319382","77","77","77","47","47","47"
"9715.275284489","77","77","77","47","47","47"
"9725.275064875","77","77","77","47","47","47"
"9735.26697469","77","77","77","47","47","47"
"9745.26799186","77","77","77","47","47","47"
"9755.26767202","77","77","77","47","47","47"
"9765.268969869","77","77","77","47","47","47"
"9775.269105248","77","77","77","47","47","47"
"9785.26546911","77","77","77","47","47","47"
"9795.267035891","77","77","77","47","47","47"
"9805.267757588","77","77","77","47","47","47"
"9815.267301091","77","77","77","47","47","47"
"9825.268523093","77","77","77","47","47","47"
"9835.266586706","77","77","77","47","47","47"
"9845.267572181","77","77","77","47","47","47"
"9855.269326867","77","77","77","47","47","47"
"9865.26583842","77","77","77","47","47","47"
"9875.2674505","77","77","77","47","47","47"
"9885.277146634","77","77","77","47","47","47"
"9895.276915435","77","77","77","47","47","47"
"9905.268414401","77","77","77","47","47","47"
"9915.268494173","77","77","77","47","47","47"
"9925.268094982","77","77","77","47","47","47"
"9935.267883178","77","77","77","47","47","47"
"9945.267173253","77","77","77","47","47","47"
"9955.266417081","77","77","77","48","48","48"
"9965.268176628","77","77","77","47","47","47"
"9975.27028202","77","77","77","48","48","48"
"9985.275231515","77","77","77","48","48","48"
"9995.26710852","77","77","77","48","48","48"
"10005.266592913","77","77","77","48","48","48"
"10015.265942395","77","77","77","48","48","48"
"10025.266882367","77","77","77","48","48","48"
"10035.274240376","77","77","77","47","47","47"
"10045.266489421","77","77","77","47","47","47"
"10055.265271964","77","77","77","48","48","48"
"10065.266477145","77","77","77","48","48","48"
"10075.274032717","77","77","77","48","48","48"
"10085.270606121","77","77","77","47","47","47"
"10095.26805613","77","77","77","48","48","48"
"10105.266613224","77","77","77","48","48","48"
"10115.27366137","77","77","77","48","48","48"
"10125.267492647","77","77","77","48","48","48"
"10135.26632014","77","77","77","48","48","48"
"10145.275637772","77","77","77","48","48","48"
"10155.274389073","77","77","77","47","47","47"
"10165.271681037","77","77","77","47","47","47"
"10175.266929476","77","77","77","48","48","48"
"10185.27601364","77","77","77","48","48","48"
"10195.273921894","77","77","77","48","48","48"
"10205.266713278","77","77","77","48","48","48"
"10215.267529133","77","77","77","48","48","48"
"10225.267328462","77","77","77","48","48","48"
"10235.27131089","77","77","77","48","48","48"
"10245.273430352","77","77","77","48","48","48"
"10255.267188324","78","78","78","48","48","48"
"10265.270369132","77","77","77","48","48","48"
"10275.270676559","77","77","77","48","48","48"
"10285.268403167","77","77","77","48","48","48"
"10295.265949616","77","77","77","48","48","48"
"10305.268664659","77","77","77","48","48","48"
"10315.276636771","77","77","77","48","48","48"
"10325.265237176","77","77","77","48","48","48"
"10335.266270359","77","77","77","48","48","48"
"10345.266861708","77","77","77","48","48","48"
"10355.267100542","77","77","77","48","48","48"
"10365.275138559","77","77","77","47","47","47"
"10375.268321371","77","77","77","48","48","48"
"10385.272617733","77","77","77","48","48","48"
"10395.269447646","77","77","77","48","48","48"
"10405.268120934","77","77","77","48","48","48"
"10415.266327655","77","77","77","47","47","47"
"10425.268122194","77","77","77","48","48","48"
"10435.265821154","77","77","77","48","48","48"
"10445.268195629","77","77","77","47","47","47"
"10455.268367537","77","77","77","48","48","48"
"10465.273575112","77","77","77","48","48","48"
"10475.270161828","77","77","77","48","48","48"
"10485.268941863","77","77","77","48","48","48"
"10495.270851705","77","77","77","48","48","48"
"10505.267744754","77","77","77","48","48","48"
"10515.266745681","77","77","77","48","48","48"
"10525.27314148","77","77","77","48","48","48"
"10535.272423582","77","77","77","48","48","48"
"10545.277069862","77","77","77","48","48","48"
"10555.266217128","77","77","77","48","48","48"
"10565.267360402","77","77","77","47","47","47"
"10575.269752817","77","77","77","48","48","48"
"10585.26718195","77","77","77","48","48","48"
"10595.271510357","77","77","77","48","48","48"
"10605.270729018","77","77","77","48","48","48"
"10615.268672148","77","77","77","48","48","48"
"10625.269184481","77","77","77","48","48","48"
"10635.2742625","77","77","77","48","48","48"
"10645.268982781","78","78","78","48","48","48"
"10655.267762667","77","77","77","48","48","48"
"10665.266145121","77","77","77","48","48","48"
"10675.269845119","77","77","77","48","48","48"
"10685.267648117","77","77","77","48","48","48"
"10695.265595034","77","77","77","48","48","48"
"10705.267160422","77","77","77","48","48","48"
"10715.277297908","77","77","77","48","48","48"
"10725.269593704","77","77","77","48","48","48"
"10735.265542756","77","77","77","47","47","47"
"10745.275053239","77","77","77","48","48","48"
"10755.266120147","77","77","77","48","48","48"
"10765.266424015","77","77","77","48","48","48"
"10775.269341847","77","77","77","48","48","48"
"10785.26654148","77","77","77","48","48","48"
"10795.267407098","77","77","77","48","48","48"
"10805.268069518","77","77","77","48","48","48"
"10815.275896005","77","77","77","48","48","48"
"10825.27051549","77","77","77","48","48","48"
"10835.267405828","77","77","77","48","48","48"
"10845.268449971","77","77","77","48","48","48"
"10855.266159456","77","77","77","48","48","48"
"10865.267026153","77","77","77","48","48","48"
"10875.269204538","77","77","77","48","48","48"
"10885.267271872","77","77","77","48","48","48"
"10895.268760155","77","77","77","47","47","47"
"10905.266133112","77","77","77","48","48","48"
"10915.266576658","77","77","77","48","48","48"
"10925.273243576","77","77","77","48","48","48"
"10935.276969204","77","77","77","48","48","48"
"10945.269022399","77","77","77","48","48","48"
"10955.265258336","77","77","77","48","48","48"
"10965.267129206","77","77","77","48","48","48"
"10975.265564529","77","77","77","47","47","47"
"10985.270181721","77","77","77","48","48","48"
"10995.267611034","77","77","77","48","48","48"
"11005.271347643","77","77","77","48","48","48"
"11015.265777065","77","77","77","48","48","48"
"11025.267009504","77","77","77","48","48","48"
"11035.268057168","77","77","77","48","48","48"
"11045.271569455","77","77","77","48","48","48"
"11055.266576665","77","77","77","48","48","48"
"11065.266721744","77","77","77","48","48","48"
"11075.265969225","77","77","77","48","48","48"
"11085.268079755","77","77","77","48","48","48"
"11095.267429576","77","77","77","48","48","48"
"11105.269010686","77","77","77","48","48","48"
"11115.265910048","77","77","77","47","47","47"
"11125.268098988","77","77","77","47","47","47"
"11135.265105005","77","77","77","47","47","47"
"11145.281379656","77","77","77","48","48","48"
"11155.267441517","77","77","77","48","48","48"
"11165.267428142","77","77","77","48","48","48"
"11175.268502918","77","77","77","48","48","48"
"11185.265655758","77","77","77","48","48","48"
"11195.267227589","77","77","77","48","48","48"
"11205.270754276","77","77","77","48","48","48"
"11215.270189063","77","77","77","47","47","47"
"11225.266849414","77","77","77","48","48","48"
"11235.269388101","77","77","77","47","47","47"
"11245.269857195","77","77","77","48","48","48"
"11255.266106521","77","77","77","48","48","48"
"11265.269849527","77","77","77","47","47","47"
"11275.265838888","77","77","77","47","47","47"
"11285.279343117","77","77","77","47","47","47"
"11295.266258346","77","77","77","47","47","47"
"11305.274984812","77","77","77","47","47","47"
"11315.269899843","77","77","77","47","47","47"
"11325.266134502","77","77","77","47","47","47"
"11335.269309369","77","77","77","47","47","47"
"11345.268794346","77","77","77","47","47","47"
"11355.268207606","77","77","77","47","47","47"
"11365.276864589","77","77","77","47","47","47"
"11375.267108886","77","77","77","47","47","47"
"11385.26631145","77","77","77","47","47","47"
"11395.265792404","77","77","77","47","47","47"
"11405.26562448","77","77","77","47","47","47"
"11415.269370685","77","77","77","47","47","47"
"11425.266978692","77","77","77","47","47","47"
"11435.268469647","77","77","77","47","47","47"
"11445.269196826","77","77","77","47","47","47"
"11455.26861219","78","78","78","47","47","47"
"11465.269520704","77","77","77","47","47","47"
"11475.271248197","77","77","77","47","47","47"
"11485.271791869","78","78","78","47","47","47"
"11495.270200963","77","77","77","47","47","47"
"11505.275170661","77","77","77","47","47","47"
"11515.275757952","77","77","77","47","47","47"
"11525.27374778","77","77","77","48","48","48"
"11535.271108855","77","77","77","47","47","47"
"11545.275835937","77","77","77","47","47","47"
"11555.272683491","77","77","77","47","47","47"
"11565.275117109","77","77","77","47","47","47"
"11575.265494234","77","77","77","47","47","47"
"11585.265688503","77","77","77","47","47","47"
"11595.275947864","77","77","77","47","47","47"
"11605.276168739","76","76","76","47","47","47"
"11615.266974412","77","77","77","47","47","47"
"11625.269454221","76","76","76","47","47","47"
"11635.267408474","77","77","77","48","48","48"
"11645.271363075","77","77","77","48","48","48"
"11655.271374483","77","77","77","48","48","48"
"11665.265630965","77","77","77","48","48","48"
"11675.274043697","77","77","77","48","48","48"
"11685.269174239","77","77","77","48","48","48"
"11695.2754325","77","77","77","48","48","48"
"11705.270687622","77","77","77","48","48","48"
"11715.268272857","77","77","77","48","48","48"
"11725.266327501","77","77","77","48","48","48"
"11735.267466078","77","77","77","48","48","48"
"11745.266788337","77","77","77","48","48","48"
"11755.269390328","77","77","77","48","48","48"
"11765.268177158","77","77","77","48","48","48"
"11775.268597701","77","77","77","48","48","48"
"11785.269040545","77","77","77","48","48","48"
"11795.265701444","77","77","77","48","48","48"
"11805.267634503","77","77","77","48","48","48"
"11815.267393265","77","77","77","48","48","48"
"11825.265837074","77","77","77","48","48","48"
"11835.266121312","77","77","77","48","48","48"
"11845.27008683","77","77","77","48","48","48"
"11855.267172017","77","77","77","48","48","48"
"11865.269616657","77","77","77","48","48","48"
"11875.267773727","77","77","77","48","48","48"
"11885.274528276","77","77","77","48","48","48"
"11895.273283695","77","77","77","48","48","48"
"11905.267725231","77","77","77","48","48","48"
"11915.271377549","77","77","77","48","48","48"
"11925.273590003","77","77","77","48","48","48"
"11935.271757615","77","77","77","48","48","48"
"11945.267005046","77","77","77","48","48","48"
"11955.268064745","77","77","77","48","48","48"
"11965.275713815","77","77","77","48","48","48"
"11975.270746359","77","77","77","48","48","48"
"11985.266436403","77","77","77","48","48","48"
"11995.275325648","77","77","77","48","48","48"
"12005.266862467","77","77","77","48","48","48"
"12015.267884114","77","77","77","48","48","48"
"12025.27071965","77","77","77","48","48","48"
"12035.265251765","77","77","77","48","48","48"
"12045.269853346","77","77","77","48","48","48"
"12055.267491079","77","77","77","48","48","48"
"12065.267327754","77","77","77","48","48","48"
"12075.274363218","77","77","77","48","48","48"
"12085.268323544","77","77","77","48","48","48"
"12095.271937996","77","77","77","48","48","48"
"12105.271363841","77","77","77","48","48","48"
"12115.267397436","77","77","77","48","48","48"
"12125.274496153","77","77","77","48","48","48"
"12135.267907072","77","77","77","48","48","48"
"12145.267700611","77","77","77","48","48","48"
"12155.266227418","77","77","77","48","48","48"
"12165.266290599","77","77","77","48","48","48"
"12175.265630587","77","77","77","48","48","48"
"12185.266845295","77","77","77","48","48","48"
"12195.274661728","77","77","77","48","48","48"
"12205.271740414","77","77","77","48","48","48"
"12215.271000064","77","77","77","48","48","48"
"12225.276562369","77","77","77","48","48","48"
"12235.265264339","77","77","77","48","48","48"
"12245.266400752","77","77","77","48","48","48"
"12255.269627388","77","77","77","48","48","48"
"12265.272898991","77","77","77","48","48","48"
"12275.272731171","77","77","77","48","48","48"
"12285.272573181","77","77","77","48","48","48"
"12295.266767254","77","77","77","48","48","48"
"12305.267928064","77","77","77","48","48","48"
"12315.266969221","77","77","77","48","48","48"
"12325.268725579","77","77","77","48","48","48"
"12335.268846955","77","77","77","48","48","48"
"12345.265592148","77","77","77","48","48","48"
"12355.269216502","77","77","77","48","48","48"
"12365.272045079","77","77","77","48","48","48"
"12375.269285387","77","77","77","48","48","48"
"12385.272099657","77","77","77","48","48","48"
"12395.280495319","77","77","77","48","48","48"
"12405.267933802","77","77","77","48","48","48"
"12415.267278289","77","77","77","48","48","48"
"12425.266731581","77","77","77","48","48","48"
"12435.279259321","77","77","77","48","48","48"
"12445.272354694","77","77","77","48","48","48"
"12455.265696145","77","77","77","48","48","48"
"12465.274214987","77","77","77","48","48","48"
"12475.268474355","77","77","77","48","48","48"
"12485.26626747","77","77","77","48","48","48"
"12495.266951018","77","77","77","48","48","48"
"12505.268865841","77","77","77","48","48","48"
"12515.265760342","77","77","77","48","48","48"
"12525.26939346","77","77","77","48","48","48"
"12535.276647872","77","77","77","48","48","48"
"12545.267361241","77","77","77","48","48","48"
"12555.266749886","77","77","77","48","48","48"
"12565.276502009","77","77","77","48","48","48"
"12575.266539019","77","77","77","48","48","48"
"12585.269629984","77","77","77","48","48","48"
"12595.27073349","77","77","77","48","48","48"
"12605.274351484","77","77","77","48","48","48"
"12615.268866744","77","77","77","48","48","48"
"12625.265510852","77","77","77","48","48","48"
"12635.266951617","77","77","77","48","48","48"
"12645.269524736","77","77","77","48","48","48"
"12655.266093784","77","77","77","48","48","48"
"12665.267245065","77","77","77","48","48","48"
"12675.273632815","77","77","77","48","48","48"
"12685.266992428","77","77","77","48","48","48"
"12695.26689422","77","77","77","48","48","48"
"12705.268311872","77","77","77","48","48","48"
"12715.265901968","77","77","77","48","48","48"
"12725.265735418","77","77","77","48","48","48"
"12735.268173582","77","77","77","48","48","48"
"12745.265150377","77","77","77","48","48","48"
"12755.265354609","77","77","77","48","48","48"
"12765.266105652","77","77","77","48","48","48"
"12775.271698672","77","77","77","48","48","48"
"12785.265342144","77","77","77","48","48","48"
"12795.270426017","77","77","77","48","48","48"
"12805.269276446","77","77","77","48","48","48"
"12815.267384355","77","77","77","48","48","48"
"12825.269622485","77","77","77","48","48","48"
"12835.276390595","77","77","77","48","48","48"
"12845.269732581","77","77","77","48","48","48"
"12855.269584015","77","77","77","48","48","48"
"12865.269063744","77","77","77","48","48","48"
"12875.268205567","77","77","77","48","48","48"
"12885.266551482","77","77","77","48","48","48"
"12895.268356317","77","77","77","48","48","48"
"12905.267753647","77","77","77","48","48","48"
"12915.276278731","77","77","77","48","48","48"
"12925.266310371","77","77","77","48","48","48"
"12935.269160322","77","77","77","48","48","48"
"12945.272159906","77","77","77","48","48","48"
"12955.275733197","77","77","77","48","48","48"
"12965.270380553","77","77","77","48","48","48"
"12975.271294877","77","77","77","48","48","48"
"12985.267631093","77","77","77","48","48","48"
"12995.26563779","77","77","77","48","48","48"
"13005.266320517","77","77","77","48","48","48"
"13015.267496005","77","77","77","48","48","48"
"13025.275591635","77","77","77","48","48","48"
"13035.268013426","77","77","77","48","48","48"
"13045.2736964","77","77","77","48","48","48"
"13055.267475757","77","77","77","48","48","48"
"13065.266218994","77","77","77","48","48","48"
"13075.269669946","77","77","77","48","48","48"
"13085.268362479","77","77","77","48","48","48"
"13095.266070308","77","77","77","48","48","48"
"13105.269353336","77","77","77","48","48","48"
"13115.277540591","77","77","77","48","48","48"
"13125.277641284","77","77","77","48","48","48"
"13135.267784994","77","77","77","48","48","48"
"13145.276122155","77","77","77","48","48","48"
"13155.27359626","77","77","77","48","48","48"
"13165.26846478","77","77","77","48","48","48"
"13175.268964853","77","77","77","48","48","48"
"13185.277128387","77","77","77","48","48","48"
"13195.267379563","77","77","77","48","48","48"
"13205.265400955","77","77","77","48","48","48"
"13215.26740156","77","77","77","48","48","48"
"13225.267285194","77","77","77","48","48","48"
"13235.268127691","77","77","77","48","48","48"
"13245.266620334","77","77","77","48","48","48"
"13255.272848807","77","77","77","48","48","48"
"13265.26826921","77","77","77","48","48","48"
"13275.280801906","77","77","77","48","48","48"
"13285.268534915","77","77","77","48","48","48"
"13295.269740741","77","77","77","48","48","48"
"13305.269088486","77","77","77","48","48","48"
"13315.267522259","77","77","77","48","48","48"
"13325.267215017","77","77","77","48","48","48"
"13335.268073319","77","77","77","48","48","48"
"13345.26564311","77","77","77","48","48","48"
"13355.272553054","77","77","77","48","48","48"
"13365.266792107","77","77","77","48","48","48"
"13375.273049343","77","77","77","48","48","48"
"13385.267999428","77","77","77","48","48","48"
"13395.267425644","77","77","77","48","48","48"
"13405.267124142","77","77","77","48","48","48"
"13415.265516166","77","77","77","48","48","48"
"13425.271498278","77","77","77","48","48","48"
"13435.273240948","77","77","77","48","48","48"
"13445.276299375","77","77","77","48","48","48"
"13455.270926914","77","77","77","48","48","48"
"13465.269596076","77","77","77","48","48","48"
"13475.277436541","77","77","77","48","48","48"
"13485.269702326","77","77","77","48","48","48"
"13495.26575536","77","77","77","48","48","48"
"13505.26765581","77","77","77","48","48","48"
"13515.276295325","77","77","77","48","48","48"
"13525.276022136","77","77","77","48","48","48"
"13535.27627935","77","77","77","48","48","48"
"13545.267688516","77","77","77","48","48","48"
"13555.266298328","77","77","77","48","48","48"
"13565.276373667","77","77","77","48","48","48"
"13575.266317798","77","77","77","48","48","48"
"13585.265857983","77","77","77","48","48","48"
"13595.271291391","77","77","77","48","48","48"
"13605.269277043","77","77","77","48","48","48"
"13615.270262396","77","77","77","48","48","48"
"13625.273849432","77","77","77","48","48","48"
"13635.267313588","77","77","77","48","48","48"
"13645.266825115","77","77","77","48","48","48"
"13655.265170602","77","77","77","48","48","48"
"13665.266173332","77","77","77","48","48","48"
"13675.267185317","77","77","77","48","48","48"
"13685.266664427","77","77","77","48","48","48"
"13695.269700089","77","77","77","48","48","48"
"13705.272052584","77","77","77","48","48","48"
"13715.266624303","77","77","77","48","48","48"
"13725.266326191","77","77","77","48","48","48"
"13735.268025369","77","77","77","48","48","48"
"13745.27085077","77","77","77","48","48","48"
"13755.271365516","77","77","77","48","48","48"
"13765.276503647","77","77","77","48","48","48"
"13775.268787699","77","77","77","48","48","48"
"13785.265842741","77","77","77","48","48","48"
"13795.265196294","77","77","77","48","48","48"
"13805.26651527","77","77","77","48","48","48"
"13815.265840167","77","77","77","48","48","48"
"13825.266013531","76","76","76","47","47","47"
"13835.270484096","76","76","76","48","48","48"
"13845.269808457","77","77","77","48","48","48"
"13855.268822154","77","77","77","48","48","48"
"13865.267711011","78","78","78","48","48","48"
"13875.269110898","77","77","77","48","48","48"
"13885.268493689","77","77","77","48","48","48"
"13895.267771328","77","77","77","48","48","48"
"13905.267700194","77","77","77","47","47","47"
"13915.275521495","76","76","76","48","48","48"
"13925.267300761","76","76","76","47","47","47"
"13935.267302446","76","76","76","47","47","47"
"13945.267001672","77","77","77","48","48","48"
"13955.265188173","77","77","77","48","48","48"
"13965.270215628","78","78","78","48","48","48"
"13975.265990456","78","78","78","48","48","48"
"13985.265504628","77","77","77","48","48","48"
"13995.267852072","77","77","77","48","48","48"
"14005.272851055","77","77","77","48","48","48"
"14015.280789529","77","77","77","48","48","48"
"14025.268132628","77","77","77","48","48","48"
"14035.268329493","77","77","77","48","48","48"
"14045.271255687","77","77","77","48","48","48"
"14055.283387048","76","76","76","47","47","47"
"14065.268166009","77","77","77","48","48","48"
"14075.27799069","77","77","77","48","48","48"
"14085.270883463","77","77","77","48","48","48"
"14095.266368827","77","77","77","48","48","48"
"14105.266394786","77","77","77","48","48","48"
"14115.26843246","77","77","77","48","48","48"
"14125.265740162","77","77","77","48","48","48"
"14135.269055079","77","77","77","48","48","48"
"14145.26730688","77","77","77","48","48","48"
"14155.270968103","76","76","76","48","48","48"
"14165.269838095","77","77","77","48","48","48"
"14175.267936164","77","77","77","48","48","48"
"14185.27483906","76","76","76","48","48","48"
"14195.266114426","77","77","77","48","48","48"
"14205.270091246","77","77","77","48","48","48"
"14215.266579938","77","77","77","48","48","48"
"14225.270122539","77","77","77","48","48","48"
"14235.266055328","77","77","77","48","48","48"
"14245.274256541","77","77","77","48","48","48"
"14255.267119151","77","77","77","48","48","48"
"14265.266301658","77","77","77","48","48","48"
"14275.265623413","77","77","77","48","48","48"
"14285.271538621","77","77","77","48","48","48"
"14295.285433962","77","77","77","48","48","48"
"14305.278564321","76","76","76","48","48","48"
"14315.265603642","77","77","77","48","48","48"
"14325.267814348","77","77","77","48","48","48"
"14335.267961075","77","77","77","48","48","48"
"14345.265742273","77","77","77","48","48","48"
"14355.270102395","77","77","77","48","48","48"
"14365.266115105","77","77","77","48","48","48"
"14375.270732565","77","77","77","48","48","48"
"14385.27568783","77","77","77","48","48","48"
"14395.266652234","77","77","77","48","48","48"
"14405.275039852","77","77","77","48","48","48"
"14415.266643388","77","77","77","48","48","48"
"14425.265899921","77","77","77","48","48","48"
"14435.267525062","77","77","77","48","48","48"
"14445.272019727","77","77","77","48","48","48"
"14455.269457223","77","77","77","48","48","48"
"14465.274536939","77","77","77","48","48","48"
"14475.265473467","77","77","77","48","48","48"
"14485.26520935","77","77","77","48","48","48"
"14495.267797593","77","77","77","48","48","48"
"14505.268631443","77","77","77","48","48","48"
"14515.269797401","77","77","77","48","48","48"
"14525.267247547","78","78","78","48","48","48"
"14535.267057434","77","77","77","48","48","48"
"14545.268232064","77","77","77","48","48","48"
"14555.268497093","77","77","77","48","48","48"
"14565.278783151","77","77","77","48","48","48"
"14575.26933475","77","77","77","48","48","48"
"14585.268153618","77","77","77","48","48","48"
"14595.270702146","77","77","77","48","48","48"
"14605.265022005","77","77","77","48","48","48"
"14615.266524231","77","77","77","48","48","48"
"14625.268044768","77","77","77","48","48","48"
"14635.268742676","77","77","77","48","48","48"
"14645.273750457","77","77","77","48","48","48"
"14655.267652631","77","77","77","48","48","48"
"14665.268010571","77","77","77","48","48","48"
"14675.265590035","77","77","77","48","48","48"
"14685.272265332","77","77","77","48","48","48"
"14695.266147858","76","76","76","47","47","47"
"14705.266365829","77","77","77","48","48","48"
"14715.268837929","77","77","77","48","48","48"
"14725.268356439","78","78","78","48","48","48"
"14735.266944043","77","77","77","48","48","48"
"14745.276647089","77","77","77","48","48","48"
"14755.267330248","76","76","76","48","48","48"
"14765.266156141","77","77","77","48","48","48"
"14775.267663537","76","76","76","47","47","47"
"14785.270430042","76","76","76","48","48","48"
"14795.269586772","77","77","77","48","48","48"
"14805.267986548","77","77","77","48","48","48"
"14815.267440146","77","77","77","48","48","48"
"14825.270575942","77","77","77","47","47","47"
"14835.278815471","77","77","77","47","47","47"
"14845.270363798","77","77","77","48","48","48"
"14855.265987438","77","77","77","48","48","48"
"14865.275627417","77","77","77","48","48","48"
"14875.272344081","77","77","77","48","48","48"
"14885.269759778","78","78","78","48","48","48"
"14895.272780099","78","78","78","48","48","48"
"14905.27677227","77","77","77","48","48","48"
"14915.2682258","77","77","77","48","48","48"
"14925.268442494","77","77","77","48","48","48"
"14935.277036265","77","77","77","48","48","48"
"14945.267431979","76","76","76","47","47","47"
"14955.267197981","76","76","76","47","47","47"
"14965.265526825","77","77","77","48","48","48"
"14975.265472468","77","77","77","48","48","48"
"14985.267234722","77","77","77","48","48","48"
"14995.267517258","78","78","78","48","48","48"
"15005.266545503","78","78","78","48","48","48"
"15015.268323536","77","77","77","48","48","48"
"15025.266187","77","77","77","48","48","48"
"15035.268180459","77","77","77","48","48","48"
"15045.268422305","76","76","76","48","48","48"
"15055.273708669","77","77","77","48","48","48"
"15065.27484945","77","77","77","48","48","48"
"15075.275100741","77","77","77","47","47","47"
"15085.269355434","77","77","77","47","47","47"
"15095.267858538","77","77","77","48","48","48"
"15105.266941493","77","77","77","48","48","48"
"15115.265485707","77","77","77","48","48","48"
"15125.266802243","77","77","77","48","48","48"
"15135.266220885","77","77","77","48","48","48"
"15145.267124144","77","77","77","48","48","48"
"15155.271248864","77","77","77","48","48","48"
"15165.265461368","77","77","77","48","48","48"
"15175.275123767","77","77","77","48","48","48"
"15185.26810798","77","77","77","48","48","48"
"15195.266092617","77","77","77","48","48","48"
"15205.272033522","77","77","77","47","47","47"
"15215.271160934","77","77","77","47","47","47"
"15225.273208284","77","77","77","47","47","47"
"15235.273439707","77","77","77","47","47","47"
"15245.26710676","77","77","77","47","47","47"
"15255.268912026","76","76","76","47","47","47"
"15265.266160236","76","76","76","47","47","47"
"15275.269300646","77","77","77","47","47","47"
"15285.269497969","77","77","77","48","48","48"
"15295.275518919","78","78","78","48","48","48"
"15305.270763321","77","77","77","48","48","48"
"15315.266282112","77","77","77","48","48","48"
"15325.2650208","77","77","77","48","48","48"
"15335.273612786","77","77","77","48","48","48"
"15345.275816906","77","77","77","48","48","48"
"15355.267806282","77","77","77","47","47","47"
"15365.267858398","77","77","77","47","47","47"
"15375.267756093","77","77","77","47","47","47"
"15385.267136701","77","77","77","48","48","48"
"15395.277738152","77","77","77","48","48","48"
"15405.28034082","78","78","78","48","48","48"
"15415.275969129","78","78","78","48","48","48"
"15425.267067124","77","77","77","48","48","48"
"15435.265565009","77","77","77","48","48","48"
"15445.27005325","77","77","77","48","48","48"
"15455.266626205","77","77","77","48","48","48"
"15465.268288629","76","76","76","47","47","47"
"15475.272493022","77","77","77","47","47","47"
"15485.266259897","77","77","77","48","48","48"
"15495.268494652","77","77","77","48","48","48"
"15505.267718332","77","77","77","48","48","48"
"15515.26601148","77","77","77","48","48","48"
"15525.270340627","77","77","77","48","48","48"
"15535.2670479","77","77","77","48","48","48"
"15545.265635858","77","77","77","48","48","48"
"15555.273283609","77","77","77","48","48","48"
"15565.267248421","77","77","77","48","48","48"
"15575.266355113","77","77","77","47","47","47"
"15585.269938082","77","77","77","47","47","47"
"15595.278816598","77","77","77","47","47","47"
"15605.267089317","76","76","76","48","48","48"
"15615.270279286","76","76","76","47","47","47"
"15625.267941521","77","77","77","48","48","48"
"15635.27343026","77","77","77","48","48","48"
"15645.26837953","77","77","77","48","48","48"
"15655.27648345","77","77","77","48","48","48"
"15665.270236393","78","78","78","48","48","48"
"15675.270094647","78","78","78","48","48","48"
"15685.266787609","77","77","77","48","48","48"
"15695.268563569","77","77","77","48","48","48"
"15705.267664861","77","77","77","47","47","47"
"15715.278308602","76","76","76","48","48","48"
"15725.268727632","77","77","77","47","47","47"
"15735.271632743","77","77","77","48","48","48"
"15745.264856407","77","77","77","48","48","48"
"15755.268171439","77","77","77","48","48","48"
"15765.265691571","77","77","77","48","48","48"
"15775.269479389","77","77","77","48","48","48"
"15785.272183351","77","77","77","48","48","48"
"15795.269957938","77","77","77","48","48","48"
"15805.270164704","77","77","77","47","47","47"
"15815.267438706","76","76","76","47","47","47"
"15825.267091052","77","77","77","47","47","47"
"15835.268344722","77","77","77","47","47","47"
"15845.266382565","77","77","77","48","48","48"
"15855.26780523","77","77","77","48","48","48"
"15865.269361553","77","77","77","48","48","48"
"15875.26684416","77","77","77","48","48","48"
"15885.26819769","77","77","77","48","48","48"
"15895.267574888","77","77","77","48","48","48"
"15905.269667757","77","77","77","48","48","48"
"15915.270914582","77","77","77","48","48","48"
"15925.267816206","78","78","78","48","48","48"
"15935.268415561","77","77","77","48","48","48"
"15945.267000972","77","77","77","48","48","48"
"15955.266347742","77","77","77","48","48","48"
"15965.268086898","77","77","77","48","48","48"
"15975.267104798","77","77","77","48","48","48"
"15985.268400497","77","77","77","47","47","47"
"15995.276855766","77","77","77","47","47","47"
"16005.266809427","77","77","77","47","47","47"
"16015.267629075","77","77","77","47","47","47"
"16025.26533252","77","77","77","48","48","48"
"16035.270016975","78","78","78","48","48","48"
"16045.266977528","78","78","78","48","48","48"
"16055.267819803","77","77","77","48","48","48"
"16065.267149459","77","77","77","48","48","48"
"16075.266827419","77","77","77","48","48","48"
"16085.265455251","77","77","77","48","48","48"
"16095.269731301","77","77","77","47","47","47"
"16105.269101191","77","77","77","48","48","48"
"16115.268168675","77","77","77","48","48","48"
"16125.26904326","77","77","77","48","48","48"
"16135.270340154","77","77","77","48","48","48"
"16145.267500972","76","76","76","47","47","47"
"16155.26879724","77","77","77","48","48","48"
"16165.265410686","76","76","76","47","47","47"
"16175.268066374","77","77","77","47","47","47"
"16185.26931498","78","78","78","48","48","48"
"16195.266075711","78","78","78","48","48","48"
"16205.269393219","78","78","78","48","48","48"
"16215.271060782","77","77","77","48","48","48"
"16225.270780227","77","77","77","47","47","47"
"16235.267777123","76","76","76","47","47","47"
"16245.272170641","76","76","76","47","47","47"
"16255.267573451","77","77","77","47","47","47"
"16265.265327896","77","77","77","47","47","47"
"16275.268042279","77","77","77","48","48","48"
"16285.267229413","78","78","78","48","48","48"
"16295.276866746","78","78","78","48","48","48"
"16305.27506272","77","77","77","48","48","48"
"16315.266550279","77","77","77","48","48","48"
"16325.267828065","77","77","77","48","48","48"
"16335.270663444","77","77","77","48","48","48"
"16345.266907607","76","76","76","47","47","47"
"16355.26758267","77","77","77","47","47","47"
"16365.26790762","76","76","76","47","47","47"
"16375.270842069","77","77","77","47","47","47"
"16385.269269743","77","77","77","47","47","47"
"16395.276909449","77","77","77","48","48","48"
"16405.273405023","78","78","78","48","48","48"
"16415.278377172","78","78","78","48","48","48"
"16425.276114448","77","77","77","48","48","48"
"16435.266764401","77","77","77","47","47","47"
"16445.267026031","76","76","76","47","47","47"
"16455.266670442","77","77","77","47","47","47"
"16465.266630345","76","76","76","47","47","47"
"16475.274845752","77","77","77","48","48","48"
"16485.268300032","77","77","77","48","48","48"
"16495.268309289","77","77","77","48","48","48"
"16505.271673358","77","77","77","48","48","48"
"16515.274677258","77","77","77","47","47","47"
"16525.277882634","77","77","77","47","47","47"
"16535.26763649","77","77","77","48","48","48"
"16545.26851679","78","78","78","48","48","48"
"16555.266225545","78","78","78","48","48","48"
"16565.274232234","77","77","77","48","48","48"
"16575.274600319","77","77","77","48","48","48"
"16585.267648908","77","77","77","47","47","47"
"16595.268079939","77","77","77","47","47","47"
"16605.271912356","77","77","77","47","47","47"
"16615.278343979","76","76","76","47","47","47"
"16625.266007832","77","77","77","47","47","47"
"16635.268516869","77","77","77","48","48","48"
"16645.265275281","77","77","77","48","48","48"
"16655.271711917","78","78","78","48","48","48"
"16665.271796875","78","78","78","48","48","48"
"16675.267635438","77","77","77","48","48","48"
"16685.267859044","77","77","77","48","48","48"
"16695.266222829","77","77","77","47","47","47"
"16705.267630082","76","76","76","47","47","47"
"16715.265913333","77","77","77","47","47","47"
"16725.267712214","77","77","77","47","47","47"
"16735.277437782","77","77","77","48","48","48"
"16745.268086755","77","77","77","48","48","48"
"16755.267429573","77","77","77","48","48","48"
"16765.267705101","77","77","77","48","48","48"
"16775.274730936","77","77","77","48","48","48"
"16785.277513281","77","77","77","48","48","48"
"16795.266815992","77","77","77","48","48","48"
"16805.26791484","77","77","77","48","48","48"
"16815.271266225","77","77","77","47","47","47"
"16825.271361966","77","77","77","47","47","47"
"16835.266624054","77","77","77","47","47","47"
"16845.26810389","77","77","77","48","48","48"
"16855.267465426","78","78","78","48","48","48"
"16865.267116266","77","77","77","48","48","48"
"16875.268396428","77","77","77","48","48","48"
"16885.266113919","77","77","77","48","48","48"
"16895.266856584","77","77","77","48","48","48"
"16905.267199516","77","77","77","48","48","48"
"16915.277479899","77","77","77","47","47","47"
"16925.266418879","77","77","77","47","47","47"
"16935.270480032","77","77","77","47","47","47"
"16945.265988632","77","77","77","48","48","48"
"16955.276396878","77","77","77","47","47","47"
"16965.275233045","77","77","77","47","47","47"
"16975.273733658","76","76","76","47","47","47"
"16985.270988757","77","77","77","47","47","47"
"16995.27041825","77","77","77","47","47","47"
"17005.266365269","78","78","78","48","48","48"
"17015.265749854","78","78","78","48","48","48"
"17025.26652776","77","77","77","48","48","48"
"17035.271809925","77","77","77","47","47","47"
"17045.267520505","76","76","76","47","47","47"
"17055.267542232","76","76","76","47","47","47"
"17065.266381814","77","77","77","47","47","47"
"17075.265854354","77","77","77","47","47","47"
"17085.26764254","78","78","78","48","48","48"
"17095.266886506","78","78","78","48","48","48"
"17105.268292629","78","78","78","48","48","48"
"17115.267400394","77","77","77","47","47","47"
"17125.273721878","77","77","77","47","47","47"
"17135.269207574","76","76","76","47","47","47"
"17145.266985293","76","76","76","47","47","47"
"17155.266730958","77","77","77","47","47","47"
"17165.27448226","78","78","78","48","48","48"
"17175.272359785","78","78","78","48","48","48"
"17185.269398818","77","77","77","48","48","48"
"17195.271419732","77","77","77","47","47","47"
"17205.27161842","76","76","76","47","47","47"
"17215.265827659","77","77","77","47","47","47"
"17225.266828393","76","76","76","47","47","47"
"17235.26744937","77","77","77","47","47","47"
"17245.272881689","77","77","77","47","47","47"
"17255.267158734","77","77","77","47","47","47"
"17265.265956664","77","77","77","47","47","47"
"17275.26617967","77","77","77","48","48","48"
"17285.26778534","77","77","77","48","48","48"
"17295.27063506","78","78","78","48","48","48"
"17305.267730595","78","78","78","48","48","48"
"17315.267349426","77","77","77","48","48","48"
"17325.268378118","77","77","77","47","47","47"
"17335.267402136","76","76","76","47","47","47"
"17345.266780663","76","76","76","47","47","47"
"17355.270233454","77","77","77","48","48","48"
"17365.265643144","77","77","77","48","48","48"
"17375.271250894","78","78","78","48","48","48"
"17385.272061748","77","77","77","48","48","48"
"17395.268697767","77","77","77","48","48","48"
"17405.269637208","77","77","77","48","48","48"
"17415.277929885","77","77","77","47","47","47"
"17425.268160463","77","77","77","48","48","48"
"17435.268400166","77","77","77","47","47","47"
"17445.267440765","77","77","77","47","47","47"
"17455.27121072","77","77","77","47","47","47"
"17465.267162014","76","76","76","47","47","47"
"17475.268585868","77","77","77","47","47","47"
"17485.282270923","77","77","77","47","47","47"
"17495.273576078","77","77","77","48","48","48"
"17505.268171168","78","78","78","48","48","48"
"17515.26515908","78","78","78","48","48","48"
"17525.268951401","78","78","78","48","48","48"
"17535.269452793","77","77","77","48","48","48"
"17545.266533594","77","77","77","47","47","47"
"17555.275919265","76","76","76","47","47","47"
"17565.268650228","77","77","77","47","47","47"
"17575.272761354","77","77","77","47","47","47"
"17585.268196801","77","77","77","48","48","48"
"17595.274957016","77","77","77","48","48","48"
"17605.266960683","77","77","77","47","47","47"
"17615.274020368","77","77","77","48","48","48"
"17625.269712483","77","77","77","48","48","48"
"17635.27506175","77","77","77","48","48","48"
"17645.265432946","77","77","77","48","48","48"
"17655.266257626","77","77","77","48","48","48"
"17665.270654035","77","77","77","48","48","48"
"17675.273184513","77","77","77","48","48","48"
"17685.267795064","77","77","77","48","48","48"
"17695.269475745","78","78","78","48","48","48"
"17705.269087141","77","77","77","48","48","48"
"17715.2678203","77","77","77","48","48","48"
"17725.266156326","77","77","77","48","48","48"
"17735.266457633","76","76","76","47","47","47"
"17745.27004891","76","76","76","47","47","47"
"17755.266823324","77","77","77","47","47","47"
"17765.277649124","77","77","77","48","48","48"
"17775.278195545","77","77","77","48","48","48"
"17785.266930754","77","77","77","48","48","48"
"17795.267971756","77","77","77","48","48","48"
"17805.279514047","77","77","77","48","48","48"
"17815.269591019","77","77","77","48","48","48"
"17825.270061996","77","77","77","48","48","48"
"17835.271824163","76","76","76","47","47","47"
"17845.26803061","76","76","76","47","47","47"
"17855.267670073","76","76","76","47","47","47"
"17865.269790215","77","77","77","47","47","47"
"17875.26741898","77","77","77","48","48","48"
"17885.273603884","78","78","78","48","48","48"
"17895.268801065","77","77","77","48","48","48"
"17905.267190954","77","77","77","47","47","47"
"17915.266183838","77","77","77","47","47","47"
"17925.273795371","77","77","77","47","47","47"
"17935.272437891","77","77","77","47","47","47"
"17945.267300383","77","77","77","47","47","47"
"17955.267904232","77","77","77","48","48","48"
"17965.269052908","77","77","77","48","48","48"
"17975.266330067","77","77","77","47","47","47"
"17985.269110924","76","76","76","47","47","47"
"17995.266145279","76","76","76","47","47","47"
"18005.273910511","77","77","77","47","47","47"
"18015.271839535","77","77","77","47","47","47"
"18025.266356255","77","77","77","47","47","47"
"18035.265080369","77","77","77","47","47","47"
"18045.273935694","77","77","77","48","48","48"
"18055.266782883","78","78","78","48","48","48"
"18065.27586016","77","77","77","47","47","47"
"18075.270207904","77","77","77","47","47","47"
"18085.265237079","76","76","76","47","47","47"
"18095.274436704","76","76","76","47","47","47"
"18105.28035631","76","76","76","47","47","47"
"18115.266027006","77","77","77","47","47","47"
"18125.270061676","78","78","78","47","47","47"
"18135.272021064","77","77","77","48","48","48"
"18145.279368302","78","78","78","48","48","48"
"18155.26698681","77","77","77","47","47","47"
"18165.267423983","77","77","77","47","47","47"
"18175.270756687","77","77","77","47","47","47"
"18185.267282018","76","76","76","47","47","47"
"18195.266100812","77","77","77","47","47","47"
"18205.26701551","77","77","77","47","47","47"
"18215.271504333","77","77","77","47","47","47"
"18225.267486552","76","76","76","47","47","47"
"18235.265482844","76","76","76","47","47","47"
"18245.266710183","77","77","77","47","47","47"
"18255.267767778","78","78","78","48","48","48"
"18265.267328932","78","78","78","48","48","48"
"18275.266077447","77","77","77","48","48","48"
"18285.276480207","77","77","77","47","47","47"
"18295.271579858","77","77","77","47","47","47"
"18305.266790475","77","77","77","48","48","48"
"18315.267231524","77","77","77","48","48","48"
"18325.271618059","77","77","77","47","47","47"
"18335.277495081","76","76","76","47","47","47"
"18345.27480356","77","77","77","47","47","47"
"18355.276915403","77","77","77","47","47","47"
"18365.274037109","77","77","77","47","47","47"
"18375.269240431","77","77","77","47","47","47"
"18385.273895017","77","77","77","47","47","47"
"18395.272742187","77","77","77","48","48","48"
"18405.276071668","77","77","77","47","47","47"
"18415.266060888","77","77","77","47","47","47"
"18425.268418275","77","77","77","47","47","47"
"18435.270287948","77","77","77","47","47","47"
"18445.27354475","77","77","77","48","48","48"
"18455.267122418","77","77","77","47","47","47"
"18465.271811288","77","77","77","47","47","47"
"18475.27081905","77","77","77","48","48","48"
"18485.26541244","77","77","77","48","48","48"
"18495.271555324","77","77","77","48","48","48"
"18505.267832353","77","77","77","48","48","48"
"18515.266732412","77","77","77","48","48","48"
"18525.266355675","77","77","77","48","48","48"
"18535.270500174","77","77","77","47","47","47"
"18545.273563592","77","77","77","47","47","47"
"18555.269769418","77","77","77","47","47","47"
"18565.267785226","77","77","77","48","48","48"
"18575.267475876","77","77","77","48","48","48"
"18585.275880229","77","77","77","47","47","47"
"18595.269194884","77","77","77","47","47","47"
"18605.266042408","77","77","77","47","47","47"
"18615.27605467","76","76","76","47","47","47"
"18625.268696211","77","77","77","47","47","47"
"18635.273787376","78","78","78","48","48","48"
"18645.268659872","78","78","78","48","48","48"
"18655.269623654","78","78","78","48","48","48"
"18665.266096033","77","77","77","48","48","48"
"18675.268245932","77","77","77","47","47","47"
"18685.267688686","77","77","77","47","47","47"
"18695.268959173","76","76","76","47","47","47"
"18705.267492369","76","76","76","47","47","47"
"18715.273139311","77","77","77","48","48","48"
"18725.267585609","77","77","77","48","48","48"
"18735.268802949","77","77","77","48","48","48"
"18745.266922048","77","77","77","48","48","48"
"18755.266907934","78","78","78","48","48","48"
"18765.272459815","77","77","77","48","48","48"
"18775.269118368","77","77","77","48","48","48"
"18785.277821136","77","77","77","48","48","48"
"18795.273333176","77","77","77","47","47","47"
"18805.267034245","77","77","77","47","47","47"
"18815.271389003","76","76","76","47","47","47"
"18825.267896317","77","77","77","47","47","47"
"18835.266384935","77","77","77","47","47","47"
"18845.271046046","77","77","77","48","48","48"
"18855.267490844","77","77","77","48","48","48"
"18865.266265951","78","78","78","48","48","48"
"18875.266054863","77","77","77","48","48","48"
"18885.268327089","77","77","77","47","47","47"
"18895.268509146","77","77","77","47","47","47"
"18905.267378832","77","77","77","47","47","47"
"18915.273659872","77","77","77","47","47","47"
"18925.266288228","77","77","77","47","47","47"
"18935.266467973","77","77","77","47","47","47"
"18945.267974705","77","77","77","47","47","47"
"18955.265913147","77","77","77","47","47","47"
"18965.266265118","76","76","76","47","47","47"
"18975.275199161","76","76","76","47","47","47"
"18985.275328832","77","77","77","47","47","47"
"18995.269108308","77","77","77","47","47","47"
"19005.266414887","77","77","77","48","48","48"
"19015.267211739","77","77","77","48","48","48"
"19025.276098937","77","77","77","48","48","48"
"19035.26585234","77","77","77","48","48","48"
"19045.269912025","77","77","77","47","47","47"
"19055.28117832","77","77","77","47","47","47"
"19065.267851011","76","76","76","47","47","47"
"19075.267422994","77","77","77","47","47","47"
"19085.269721692","76","76","76","47","47","47"
"19095.271279965","77","77","77","47","47","47"
"19105.268389166","77","77","77","47","47","47"
"19115.268018127","77","77","77","48","48","48"
"19125.269935355","77","77","77","48","48","48"
"19135.267790748","77","77","77","47","47","47"
"19145.267543858","77","77","77","47","47","47"
"19155.269145969","77","77","77","47","47","47"
"19165.270048711","77","77","77","47","47","47"
"19175.267828042","77","77","77","47","47","47"
"19185.268115385","77","77","77","47","47","47"
"19195.267564221","77","77","77","47","47","47"
"19205.267801383","77","77","77","47","47","47"
"19215.268777592","77","77","77","47","47","47"
"19225.267099193","77","77","77","47","47","47"
"19235.273727586","77","77","77","47","47","47"
"19245.268638825","77","77","77","48","48","48"
"19255.267406841","77","77","77","48","48","48"
"19265.271735897","77","77","77","48","48","48"
"19275.269903163","77","77","77","47","47","47"
"19285.265540874","77","77","77","48","48","48"
"19295.266968222","77","77","77","48","48","48"
"19305.267115978","77","77","77","48","48","48"
"19315.266656057","77","77","77","48","48","48"
"19325.27093873","77","77","77","48","48","48"
"19335.277933246","77","77","77","48","48","48"
"19345.266667019","76","76","76","47","47","47"
"19355.268659089","76","76","76","47","47","47"
"19365.277687197","77","77","77","47","47","47"
"19375.268581658","77","77","77","48","48","48"
"19385.266324726","77","77","77","48","48","48"
"19395.274102665","78","78","78","48","48","48"
"19405.270526973","78","78","78","48","48","48"
"19415.265966053","77","77","77","48","48","48"
"19425.266768985","77","77","77","47","47","47"
"19435.267897158","76","76","76","47","47","47"
"19445.269688371","77","77","77","47","47","47"
"19455.26933315","77","77","77","47","47","47"
"19465.26963784","77","77","77","48","48","48"
"19475.267519043","78","78","78","48","48","48"
"19485.267813907","78","78","78","48","48","48"
"19495.267403955","77","77","77","48","48","48"
"19505.280413686","77","77","77","48","48","48"
"19515.26764924","77","77","77","48","48","48"
"19525.269813851","76","76","76","47","47","47"
"19535.267458014","77","77","77","47","47","47"
"19545.274397443","77","77","77","47","47","47"
"19555.276986685","77","77","77","47","47","47"
"19565.267381545","78","78","78","48","48","48"
"19575.266617954","78","78","78","48","48","48"
"19585.265977942","77","77","77","48","48","48"
"19595.266903305","77","77","77","47","47","47"
"19605.2739174","77","77","77","47","47","47"
"19615.26859333","76","76","76","47","47","47"
"19625.265692785","77","77","77","47","47","47"
"19635.268219081","77","77","77","47","47","47"
"19645.273191445","77","77","77","47","47","47"
"19655.26680192","77","77","77","47","47","47"
"19665.275435698","77","77","77","48","48","48"
"19675.269243177","78","78","78","48","48","48"
"19685.268825351","77","77","77","48","48","48"
"19695.26692255","77","77","77","48","48","48"
"19705.266034451","77","77","77","48","48","48"
"19715.266304412","77","77","77","48","48","48"
"19725.26777561","77","77","77","48","48","48"
"19735.265830155","77","77","77","48","48","48"
"19745.275418375","77","77","77","48","48","48"
"19755.267863838","77","77","77","48","48","48"
"19765.265842439","77","77","77","48","48","48"
"19775.267780258","77","77","77","48","48","48"
"19785.267570961","77","77","77","48","48","48"
"19795.268287175","77","77","77","47","47","47"
"19805.266074941","77","77","77","48","48","48"
"19815.274512532","78","78","78","48","48","48"
"19825.26960977","77","77","77","48","48","48"
"19835.267077515","77","77","77","48","48","48"
"19845.265638707","77","77","77","47","47","47"
"20645.267958144","71","71","71","69","69","69"
"21775.267899982","72","72","72","70","70","70"
"21785.267030066","72","72","72","70","70","70"
"21795.266270352","72","72","72","70","70","70"
"21805.266304699","72","72","72","70","70","70"