"Relative Time (Process)","StudyAbroadGPT-7B-continued - system/gpu.0.gpu","StudyAbroadGPT-7B-continued - system/gpu.0.gpu__MIN","StudyAbroadGPT-7B-continued - system/gpu.0.gpu__MAX","StudyAbroadGPT-7B-continued - system/gpu.1.gpu","StudyAbroadGPT-7B-continued - system/gpu.1.gpu__MIN","StudyAbroadGPT-7B-continued - system/gpu.1.gpu__MAX"
"15.282726015","0","0","0","0","0","0"
"25.265648523","0","0","0","0","0","0"
"35.268134699","0","0","0","0","0","0"
"45.276054403","100","100","100","0","0","0"
"55.269090567","84","84","84","0","0","0"
"65.271829729","100","100","100","0","0","0"
"75.268575932","0","0","0","0","0","0"
"85.276529561","100","100","100","0","0","0"
"95.267709641","100","100","100","0","0","0"
"105.26622235","99","99","99","0","0","0"
"115.265448016","100","100","100","0","0","0"
"125.268289862","100","100","100","0","0","0"
"135.268787834","100","100","100","0","0","0"
"145.267607564","100","100","100","0","0","0"
"155.266615147","100","100","100","0","0","0"
"165.273888851","100","100","100","0","0","0"
"175.266194678","100","100","100","0","0","0"
"945.267685732","0","0","0","0","0","0"
"955.265614151","0","0","0","0","0","0"
"965.266567442","0","0","0","0","0","0"
"975.267032727","0","0","0","0","0","0"
"985.267835171","0","0","0","0","0","0"
"995.265477487","0","0","0","0","0","0"
"1005.267035756","0","0","0","0","0","0"
"1015.265546242","0","0","0","0","0","0"
"1035.2668394","0","0","0","0","0","0"
"1045.266411634","100","100","100","0","0","0"
"1055.265837761","100","100","100","0","0","0"
"1065.271039921","100","100","100","0","0","0"
"1075.268876502","100","100","100","0","0","0"
"1085.273139789","100","100","100","0","0","0"
"1095.267500395","100","100","100","0","0","0"
"1105.265939952","100","100","100","0","0","0"
"1115.26547951","100","100","100","0","0","0"
"1125.268191527","100","100","100","0","0","0"
"1135.267267404","100","100","100","0","0","0"
"1145.265542271","100","100","100","0","0","0"
"1155.270195255","100","100","100","0","0","0"
"1165.265521817","100","100","100","0","0","0"
"1175.26691707","100","100","100","0","0","0"
"1185.272515968","0","0","0","0","0","0"
"1195.266001313","100","100","100","0","0","0"
"1205.265507775","100","100","100","0","0","0"
"1215.273814613","100","100","100","0","0","0"
"1225.265528457","100","100","100","0","0","0"
"1235.265692333","100","100","100","0","0","0"
"1245.274446643","100","100","100","0","0","0"
"1255.275641964","100","100","100","0","0","0"
"1265.265354113","100","100","100","0","0","0"
"1275.270426836","100","100","100","0","0","0"
"1285.265503381","100","100","100","0","0","0"
"1295.268258961","100","100","100","0","0","0"
"1305.271934497","100","100","100","0","0","0"
"1315.265738672","100","100","100","0","0","0"
"1325.272673178","100","100","100","0","0","0"
"1335.275614913","100","100","100","0","0","0"
"1345.267954801","100","100","100","0","0","0"
"1355.265229372","100","100","100","0","0","0"
"1365.268519901","100","100","100","0","0","0"
"1375.267413549","100","100","100","0","0","0"
"1385.272998202","100","100","100","0","0","0"
"1395.268350244","100","100","100","0","0","0"
"1405.268613342","100","100","100","0","0","0"
"1415.267982808","100","100","100","0","0","0"
"1425.267386786","100","100","100","0","0","0"
"1435.26550606","100","100","100","0","0","0"
"1445.277250061","100","100","100","0","0","0"
"1455.266123245","100","100","100","0","0","0"
"1465.267954251","100","100","100","0","0","0"
"1475.271793395","100","100","100","0","0","0"
"1485.278676568","100","100","100","0","0","0"
"1495.266083721","100","100","100","0","0","0"
"1505.269389895","100","100","100","0","0","0"
"1515.26953179","100","100","100","0","0","0"
"1525.266012213","100","100","100","0","0","0"
"1535.266745837","100","100","100","0","0","0"
"1545.275819445","100","100","100","0","0","0"
"1555.271631822","100","100","100","0","0","0"
"1565.266599464","100","100","100","0","0","0"
"1575.265281584","100","100","100","0","0","0"
"1585.269237838","100","100","100","0","0","0"
"1595.26853866","100","100","100","0","0","0"
"1605.267992268","100","100","100","0","0","0"
"1615.267880841","100","100","100","0","0","0"
"1625.271129483","100","100","100","0","0","0"
"1635.276349915","100","100","100","0","0","0"
"1645.270105984","100","100","100","0","0","0"
"1655.265537282","100","100","100","0","0","0"
"1665.27384965","100","100","100","0","0","0"
"1675.26928571","100","100","100","0","0","0"
"1685.277326669","100","100","100","0","0","0"
"1695.268443525","100","100","100","0","0","0"
"1705.267053081","100","100","100","0","0","0"
"1715.269343698","100","100","100","0","0","0"
"1725.273265352","100","100","100","0","0","0"
"1735.268585195","100","100","100","0","0","0"
"1745.267097476","100","100","100","0","0","0"
"1755.265345918","100","100","100","0","0","0"
"1765.269911679","100","100","100","0","0","0"
"1775.266144078","100","100","100","0","0","0"
"1785.266635934","100","100","100","0","0","0"
"1795.267275418","100","100","100","0","0","0"
"1805.267045778","100","100","100","0","0","0"
"1815.26689334","100","100","100","0","0","0"
"1825.26683354","100","100","100","0","0","0"
"1835.271801952","100","100","100","0","0","0"
"1845.269770361","100","100","100","0","0","0"
"1855.27610869","100","100","100","0","0","0"
"1865.278790661","100","100","100","0","0","0"
"1875.266656143","100","100","100","0","0","0"
"1885.276794145","100","100","100","0","0","0"
"1895.271543898","100","100","100","0","0","0"
"1905.269028552","100","100","100","0","0","0"
"1915.270332614","100","100","100","0","0","0"
"1925.265761443","100","100","100","0","0","0"
"1935.272480052","100","100","100","0","0","0"
"1945.266799366","100","100","100","0","0","0"
"1955.271863979","100","100","100","0","0","0"
"1965.267282401","100","100","100","0","0","0"
"1975.267491962","100","100","100","0","0","0"
"1985.265093311","91","91","91","0","0","0"
"1995.268007845","100","100","100","0","0","0"
"2005.266706374","100","100","100","0","0","0"
"2015.266817986","100","100","100","0","0","0"
"2025.266251374","100","100","100","0","0","0"
"2035.265732348","100","100","100","0","0","0"
"2045.267223778","100","100","100","0","0","0"
"2055.274725907","100","100","100","0","0","0"
"2065.27115954","100","100","100","0","0","0"
"2075.26774375","100","100","100","0","0","0"
"2085.265976736","100","100","100","0","0","0"
"2095.270005366","100","100","100","0","0","0"
"2105.276182641","100","100","100","0","0","0"
"2115.268211421","100","100","100","0","0","0"
"2125.267017844","100","100","100","0","0","0"
"2135.266607762","100","100","100","0","0","0"
"2145.267921145","100","100","100","0","0","0"
"2155.269618332","100","100","100","0","0","0"
"2165.267561466","100","100","100","0","0","0"
"2175.266147109","100","100","100","0","0","0"
"2185.266571834","100","100","100","0","0","0"
"2195.269245093","100","100","100","0","0","0"
"2205.27263517","100","100","100","0","0","0"
"2215.265277177","99","99","99","0","0","0"
"2225.272642469","100","100","100","0","0","0"
"2235.267314278","100","100","100","0","0","0"
"2245.267459558","100","100","100","0","0","0"
"2255.274675387","100","100","100","0","0","0"
"2265.270022487","100","100","100","0","0","0"
"2275.281602606","100","100","100","0","0","0"
"2285.270281626","100","100","100","0","0","0"
"2295.27745621","100","100","100","0","0","0"
"2305.269133449","91","91","91","0","0","0"
"2315.268426861","100","100","100","0","0","0"
"2325.269286617","100","100","100","0","0","0"
"2335.269805861","100","100","100","0","0","0"
"2345.268670194","100","100","100","0","0","0"
"2355.268776163","100","100","100","0","0","0"
"2365.269933866","100","100","100","0","0","0"
"2375.270735103","100","100","100","0","0","0"
"2385.278791673","100","100","100","0","0","0"
"2395.26693152","100","100","100","0","0","0"
"2405.268414341","100","100","100","0","0","0"
"2415.268109819","100","100","100","0","0","0"
"2425.267155547","100","100","100","0","0","0"
"2435.266346117","100","100","100","0","0","0"
"2445.266166085","100","100","100","0","0","0"
"2455.273274064","100","100","100","0","0","0"
"2465.267590452","100","100","100","0","0","0"
"2475.266043811","100","100","100","0","0","0"
"2485.265839923","100","100","100","0","0","0"
"2495.266739408","100","100","100","0","0","0"
"2505.267934602","100","100","100","0","0","0"
"2515.271041929","100","100","100","0","0","0"
"2525.267353795","100","100","100","0","0","0"
"2535.26976709","100","100","100","0","0","0"
"2545.27037988","100","100","100","0","0","0"
"2555.267816106","100","100","100","0","0","0"
"2565.267601776","100","100","100","0","0","0"
"2575.265118334","100","100","100","0","0","0"
"2585.265934865","100","100","100","0","0","0"
"2595.268348133","100","100","100","0","0","0"
"2605.265436982","100","100","100","0","0","0"
"2615.271201909","100","100","100","0","0","0"
"2625.269559732","100","100","100","0","0","0"
"2635.273707077","100","100","100","0","0","0"
"2645.268105033","100","100","100","0","0","0"
"2655.267836099","100","100","100","0","0","0"
"2665.266293895","100","100","100","0","0","0"
"2675.278267345","100","100","100","0","0","0"
"2685.265511633","100","100","100","0","0","0"
"2695.266600786","100","100","100","0","0","0"
"2705.272781807","100","100","100","0","0","0"
"2715.269744156","100","100","100","0","0","0"
"2725.265505364","100","100","100","0","0","0"
"2735.270146616","100","100","100","0","0","0"
"2745.280402169","70","70","70","0","0","0"
"2755.276097714","100","100","100","0","0","0"
"2765.268603386","100","100","100","0","0","0"
"2775.268015315","100","100","100","0","0","0"
"2785.267317265","99","99","99","0","0","0"
"2795.267111057","100","100","100","0","0","0"
"2805.266532622","100","100","100","0","0","0"
"2815.270501722","100","100","100","0","0","0"
"2825.266518576","100","100","100","0","0","0"
"2835.267824103","100","100","100","0","0","0"
"2845.265712586","100","100","100","0","0","0"
"2855.265060446","100","100","100","0","0","0"
"2865.266951665","100","100","100","0","0","0"
"2875.267031396","100","100","100","0","0","0"
"2885.268632402","100","100","100","0","0","0"
"2895.265928464","100","100","100","0","0","0"
"2905.267130844","100","100","100","0","0","0"
"2915.269853103","100","100","100","0","0","0"
"2925.278221941","100","100","100","0","0","0"
"2935.276070701","100","100","100","0","0","0"
"2945.265646511","100","100","100","0","0","0"
"2955.272268848","100","100","100","0","0","0"
"2965.265286886","100","100","100","0","0","0"
"2975.26700083","100","100","100","0","0","0"
"2985.2660491","100","100","100","0","0","0"
"2995.268222264","100","100","100","0","0","0"
"3005.269070349","99","99","99","0","0","0"
"3015.265623971","100","100","100","0","0","0"
"3025.269203756","100","100","100","0","0","0"
"3035.269152952","100","100","100","0","0","0"
"3045.269588767","100","100","100","0","0","0"
"3055.269526513","100","100","100","0","0","0"
"3065.267139719","100","100","100","0","0","0"
"3075.279191049","100","100","100","0","0","0"
"3085.270902954","100","100","100","0","0","0"
"3095.270076773","100","100","100","0","0","0"
"3105.274963408","100","100","100","0","0","0"
"3115.270393832","100","100","100","0","0","0"
"3125.26795194","100","100","100","0","0","0"
"3135.268784579","100","100","100","0","0","0"
"3145.266816525","100","100","100","0","0","0"
"3155.27051942","100","100","100","0","0","0"
"3165.268498837","100","100","100","0","0","0"
"3175.267251274","100","100","100","0","0","0"
"3185.265566903","100","100","100","0","0","0"
"3195.275283592","100","100","100","0","0","0"
"3205.266435502","100","100","100","0","0","0"
"3215.268662772","100","100","100","0","0","0"
"3225.268206969","100","100","100","0","0","0"
"3235.273724345","100","100","100","0","0","0"
"3245.268435264","100","100","100","0","0","0"
"3255.271103186","100","100","100","0","0","0"
"3265.267122801","100","100","100","0","0","0"
"3275.265538709","100","100","100","0","0","0"
"3285.266646826","100","100","100","0","0","0"
"3295.267352692","100","100","100","0","0","0"
"3305.264893953","100","100","100","0","0","0"
"3315.268723197","100","100","100","0","0","0"
"3325.266827672","99","99","99","0","0","0"
"3335.276772017","100","100","100","0","0","0"
"3345.268926769","100","100","100","0","0","0"
"3355.268556798","100","100","100","0","0","0"
"3365.26710819","100","100","100","0","0","0"
"3375.267515237","100","100","100","0","0","0"
"3385.267909624","100","100","100","0","0","0"
"3395.265377318","100","100","100","0","0","0"
"3405.274094482","100","100","100","0","0","0"
"3415.272278842","100","100","100","0","0","0"
"3425.26842753","99","99","99","0","0","0"
"3435.270209751","100","100","100","0","0","0"
"3445.270338098","100","100","100","0","0","0"
"3455.2669032","100","100","100","0","0","0"
"3465.273420404","100","100","100","0","0","0"
"3475.269653671","100","100","100","0","0","0"
"3485.269522908","100","100","100","0","0","0"
"3495.26729341","100","100","100","0","0","0"
"3505.267397557","100","100","100","0","0","0"
"3515.267857542","100","100","100","0","0","0"
"3525.27032725","100","100","100","0","0","0"
"3535.268625025","100","100","100","0","0","0"
"3545.265003903","100","100","100","0","0","0"
"3555.26997253","45","45","45","0","0","0"
"3565.273418996","100","100","100","0","0","0"
"3575.268195737","100","100","100","0","0","0"
"3585.26582559","100","100","100","0","0","0"
"3595.268121905","100","100","100","0","0","0"
"3605.267472908","100","100","100","0","0","0"
"3615.273141294","100","100","100","0","0","0"
"3625.266851376","100","100","100","0","0","0"
"3635.26565782","100","100","100","0","0","0"
"3645.267749578","100","100","100","0","0","0"
"3655.272397374","100","100","100","0","0","0"
"3665.269606543","100","100","100","0","0","0"
"3675.270597783","100","100","100","0","0","0"
"3685.267994311","100","100","100","0","0","0"
"3695.268590445","100","100","100","0","0","0"
"3705.266582141","100","100","100","0","0","0"
"3715.268723163","100","100","100","0","0","0"
"3725.269654647","100","100","100","0","0","0"
"3735.269984925","100","100","100","0","0","0"
"3745.265890704","100","100","100","0","0","0"
"3755.267749161","100","100","100","0","0","0"
"3765.266643494","100","100","100","0","0","0"
"3775.265299793","100","100","100","0","0","0"
"3785.268005147","100","100","100","0","0","0"
"3795.267068091","100","100","100","0","0","0"
"3805.267598656","100","100","100","0","0","0"
"3815.267139402","100","100","100","0","0","0"
"3825.267305784","100","100","100","0","0","0"
"3835.265849396","100","100","100","0","0","0"
"3845.271409916","90","90","90","0","0","0"
"3855.267823007","100","100","100","0","0","0"
"3865.270247847","100","100","100","0","0","0"
"3875.266918617","100","100","100","0","0","0"
"3885.272401969","100","100","100","0","0","0"
"3895.27121305","100","100","100","0","0","0"
"3905.267759192","100","100","100","0","0","0"
"3915.272368051","100","100","100","0","0","0"
"3925.266281319","100","100","100","0","0","0"
"3935.268206974","100","100","100","0","0","0"
"3945.267196585","100","100","100","0","0","0"
"3955.265771097","100","100","100","0","0","0"
"3965.268397943","100","100","100","0","0","0"
"3975.267625979","100","100","100","0","0","0"
"3985.271219111","100","100","100","0","0","0"
"3995.266610805","100","100","100","0","0","0"
"4005.273735553","100","100","100","0","0","0"
"4015.266686821","100","100","100","0","0","0"
"4025.267165875","100","100","100","0","0","0"
"4035.276413417","100","100","100","0","0","0"
"4045.267300774","100","100","100","0","0","0"
"4055.264957835","100","100","100","0","0","0"
"4065.267786781","100","100","100","0","0","0"
"4075.275773729","100","100","100","0","0","0"
"4085.267142924","100","100","100","0","0","0"
"4095.266520784","100","100","100","0","0","0"
"4105.275108667","100","100","100","0","0","0"
"4115.276663836","100","100","100","0","0","0"
"4125.265455144","100","100","100","0","0","0"
"4135.26946361","100","100","100","0","0","0"
"4145.276639446","100","100","100","0","0","0"
"4155.267319856","100","100","100","0","0","0"
"4165.274283927","100","100","100","0","0","0"
"4175.26712252","100","100","100","0","0","0"
"4185.266233895","100","100","100","0","0","0"
"4195.26635952","100","100","100","0","0","0"
"4205.269411148","100","100","100","0","0","0"
"4215.26673456","100","100","100","0","0","0"
"4225.26550228","100","100","100","0","0","0"
"4235.267328264","100","100","100","0","0","0"
"4245.266318214","100","100","100","0","0","0"
"4255.266614958","100","100","100","0","0","0"
"4265.265517181","100","100","100","0","0","0"
"4275.272976763","100","100","100","0","0","0"
"4285.273362119","100","100","100","0","0","0"
"4295.265061183","100","100","100","0","0","0"
"4305.267671354","100","100","100","0","0","0"
"4315.265926034","100","100","100","0","0","0"
"4325.267251009","100","100","100","0","0","0"
"4335.269224025","100","100","100","0","0","0"
"4345.26694564","100","100","100","0","0","0"
"4355.270572955","100","100","100","0","0","0"
"4365.266378654","100","100","100","0","0","0"
"4375.265651501","100","100","100","0","0","0"
"4385.268049793","100","100","100","0","0","0"
"4395.268211414","100","100","100","0","0","0"
"4405.267714614","100","100","100","0","0","0"
"4415.271363374","100","100","100","0","0","0"
"4425.268786165","100","100","100","0","0","0"
"4435.267331869","100","100","100","0","0","0"
"4445.26683265","100","100","100","0","0","0"
"4455.26782635","100","100","100","0","0","0"
"4465.267118286","100","100","100","0","0","0"
"4475.268633217","100","100","100","0","0","0"
"4485.26775339","100","100","100","0","0","0"
"4495.266762529","100","100","100","0","0","0"
"4505.274477632","100","100","100","0","0","0"
"4515.274520474","100","100","100","0","0","0"
"4525.266903626","100","100","100","0","0","0"
"4535.265560312","100","100","100","0","0","0"
"4545.273385161","100","100","100","0","0","0"
"4555.26721518","100","100","100","0","0","0"
"4565.265499896","100","100","100","0","0","0"
"4575.269778184","100","100","100","0","0","0"
"4585.266883774","100","100","100","0","0","0"
"4595.265222364","100","100","100","0","0","0"
"4605.269847287","100","100","100","0","0","0"
"4615.267013194","100","100","100","0","0","0"
"4625.267484232","100","100","100","0","0","0"
"4635.267860473","100","100","100","0","0","0"
"4645.267600478","100","100","100","0","0","0"
"4655.271608586","100","100","100","0","0","0"
"4665.268299989","100","100","100","0","0","0"
"4675.26751027","100","100","100","0","0","0"
"4685.266286575","100","100","100","0","0","0"
"4695.269020222","100","100","100","0","0","0"
"4705.26771586","100","100","100","0","0","0"
"4715.266606133","100","100","100","0","0","0"
"4725.265748255","100","100","100","0","0","0"
"4735.270064113","100","100","100","0","0","0"
"4745.267499407","100","100","100","0","0","0"
"4755.266979495","100","100","100","0","0","0"
"4765.267470766","100","100","100","0","0","0"
"4775.266436876","100","100","100","0","0","0"
"4785.267799305","100","100","100","0","0","0"
"4795.265684789","100","100","100","0","0","0"
"4805.265177495","100","100","100","0","0","0"
"4815.266807389","100","100","100","0","0","0"
"4825.270000143","100","100","100","0","0","0"
"4835.265750418","100","100","100","0","0","0"
"4845.274690517","100","100","100","0","0","0"
"4855.269076041","91","91","91","0","0","0"
"4865.276600762","100","100","100","0","0","0"
"4875.266924693","100","100","100","0","0","0"
"4885.268453481","100","100","100","0","0","0"
"4895.268693889","100","100","100","0","0","0"
"4905.275992369","100","100","100","0","0","0"
"4915.268371933","100","100","100","0","0","0"
"4925.267113892","100","100","100","0","0","0"
"4935.27919284","100","100","100","0","0","0"
"4945.266736385","100","100","100","0","0","0"
"4955.264933407","100","100","100","0","0","0"
"4965.267596265","100","100","100","0","0","0"
"4975.267483481","100","100","100","0","0","0"
"4985.266788367","100","100","100","0","0","0"
"4995.267532653","100","100","100","0","0","0"
"5005.265115437","100","100","100","0","0","0"
"5015.27153468","100","100","100","0","0","0"
"5025.272049529","100","100","100","0","0","0"
"5035.268537376","100","100","100","0","0","0"
"5045.26741715","100","100","100","0","0","0"
"5055.267841617","100","100","100","0","0","0"
"5065.26559602","100","100","100","0","0","0"
"5075.267271604","100","100","100","0","0","0"
"5085.269293544","100","100","100","0","0","0"
"5095.267006693","100","100","100","0","0","0"
"5105.267314922","100","100","100","0","0","0"
"5115.266291201","100","100","100","0","0","0"
"5125.265724615","100","100","100","0","0","0"
"5135.266187905","100","100","100","0","0","0"
"5145.267763353","100","100","100","0","0","0"
"5155.273462842","100","100","100","0","0","0"
"5165.276403101","100","100","100","0","0","0"
"5175.271563312","100","100","100","0","0","0"
"5185.267206336","100","100","100","0","0","0"
"5195.265589683","100","100","100","0","0","0"
"5205.267792648","100","100","100","0","0","0"
"5215.270969732","100","100","100","0","0","0"
"5225.268759099","100","100","100","0","0","0"
"5235.265610403","100","100","100","0","0","0"
"5245.271084424","100","100","100","0","0","0"
"5255.269715935","100","100","100","0","0","0"
"5265.27437571","100","100","100","0","0","0"
"5275.268382728","100","100","100","0","0","0"
"5285.267564397","100","100","100","0","0","0"
"5295.276783446","100","100","100","0","0","0"
"5305.269612032","100","100","100","0","0","0"
"5315.274516796","100","100","100","0","0","0"
"5325.284928808","100","100","100","0","0","0"
"5335.265507851","100","100","100","0","0","0"
"5345.267073313","100","100","100","0","0","0"
"5355.266314418","100","100","100","0","0","0"
"5365.267197447","100","100","100","0","0","0"
"5375.266294043","100","100","100","0","0","0"
"5385.266353087","100","100","100","0","0","0"
"5395.267773171","100","100","100","0","0","0"
"5405.265548585","100","100","100","0","0","0"
"5415.268658984","100","100","100","0","0","0"
"5425.26856957","100","100","100","0","0","0"
"5435.265833728","100","100","100","0","0","0"
"5445.266763277","100","100","100","0","0","0"
"5455.267821483","100","100","100","0","0","0"
"5465.265281319","100","100","100","0","0","0"
"5475.269933096","91","91","91","0","0","0"
"5485.275016494","100","100","100","0","0","0"
"5495.275487052","100","100","100","0","0","0"
"5505.275937652","100","100","100","0","0","0"
"5515.27613732","100","100","100","0","0","0"
"5525.268709063","100","100","100","0","0","0"
"5535.265588392","100","100","100","0","0","0"
"5545.266375728","100","100","100","0","0","0"
"5555.274225934","100","100","100","0","0","0"
"5565.266261212","100","100","100","0","0","0"
"5575.268900167","100","100","100","0","0","0"
"5585.264945965","100","100","100","0","0","0"
"5595.265300676","100","100","100","0","0","0"
"5605.267850455","100","100","100","0","0","0"
"5615.267553434","100","100","100","0","0","0"
"5625.270299357","100","100","100","0","0","0"
"5635.267216317","100","100","100","0","0","0"
"5645.267517139","100","100","100","0","0","0"
"5655.268127221","100","100","100","0","0","0"
"5665.274790712","100","100","100","0","0","0"
"5675.26996395","100","100","100","0","0","0"
"5685.26583713","100","100","100","0","0","0"
"5695.268494597","100","100","100","0","0","0"
"5705.26754324","100","100","100","0","0","0"
"5715.266630139","100","100","100","0","0","0"
"5725.266980088","100","100","100","0","0","0"
"5735.267281439","100","100","100","0","0","0"
"5745.266848198","100","100","100","0","0","0"
"5755.269077492","100","100","100","0","0","0"
"5765.266697905","100","100","100","0","0","0"
"5775.267668704","100","100","100","0","0","0"
"5785.268586364","100","100","100","0","0","0"
"5795.274239431","100","100","100","0","0","0"
"5805.272994608","100","100","100","0","0","0"
"5815.268130037","100","100","100","0","0","0"
"5825.267222938","100","100","100","0","0","0"
"5835.266150224","100","100","100","0","0","0"
"5845.266233999","100","100","100","0","0","0"
"5855.26735575","100","100","100","0","0","0"
"5865.265848487","100","100","100","0","0","0"
"5875.268683511","100","100","100","0","0","0"
"5885.266616603","100","100","100","0","0","0"
"5895.26607862","100","100","100","0","0","0"
"5905.266242639","100","100","100","0","0","0"
"5915.267273191","100","100","100","0","0","0"
"5925.268047209","100","100","100","0","0","0"
"5935.273666155","100","100","100","0","0","0"
"5945.274342229","100","100","100","0","0","0"
"5955.268847884","100","100","100","0","0","0"
"5965.271374737","99","99","99","0","0","0"
"5975.271199327","100","100","100","0","0","0"
"5985.267929389","100","100","100","0","0","0"
"5995.265582978","100","100","100","0","0","0"
"6005.265023539","100","100","100","0","0","0"
"6015.271016868","100","100","100","0","0","0"
"6025.275186198","100","100","100","0","0","0"
"6035.267221564","100","100","100","0","0","0"
"6045.276702736","100","100","100","0","0","0"
"6055.275606555","100","100","100","0","0","0"
"6065.265721934","100","100","100","0","0","0"
"6075.267693803","100","100","100","0","0","0"
"6085.271742501","100","100","100","0","0","0"
"6095.275981395","100","100","100","0","0","0"
"6105.274769634","100","100","100","0","0","0"
"6115.267056885","100","100","100","0","0","0"
"6125.268451437","100","100","100","0","0","0"
"6135.268369822","100","100","100","0","0","0"
"6145.267553346","100","100","100","0","0","0"
"6155.269519362","100","100","100","0","0","0"
"6165.277378796","100","100","100","0","0","0"
"6175.26903679","100","100","100","0","0","0"
"6185.265467123","100","100","100","0","0","0"
"6195.274305167","100","100","100","0","0","0"
"6205.268079926","99","99","99","0","0","0"
"6215.268737001","100","100","100","0","0","0"
"6225.2660367","100","100","100","0","0","0"
"6235.268565539","100","100","100","0","0","0"
"6245.26642663","100","100","100","0","0","0"
"6255.267623485","100","100","100","0","0","0"
"6265.267818046","100","100","100","0","0","0"
"6275.26917742","100","100","100","0","0","0"
"6285.267225709","100","100","100","0","0","0"
"6295.272194858","100","100","100","0","0","0"
"6305.268300583","100","100","100","0","0","0"
"6315.268093415","100","100","100","0","0","0"
"6325.270108898","100","100","100","0","0","0"
"6335.265033828","100","100","100","0","0","0"
"6345.268498901","100","100","100","0","0","0"
"6355.266392848","99","99","99","0","0","0"
"6365.268633069","100","100","100","0","0","0"
"6375.267425707","100","100","100","0","0","0"
"6385.271801035","100","100","100","0","0","0"
"6395.271626093","100","100","100","0","0","0"
"6405.265698111","100","100","100","0","0","0"
"6415.27540635","100","100","100","0","0","0"
"6425.269061306","100","100","100","0","0","0"
"6435.267782121","100","100","100","0","0","0"
"6445.270612672","100","100","100","0","0","0"
"6455.267347696","99","99","99","0","0","0"
"6465.275207677","100","100","100","0","0","0"
"6475.274585848","100","100","100","0","0","0"
"6485.278296682","100","100","100","0","0","0"
"6495.269740958","100","100","100","0","0","0"
"6505.276111694","100","100","100","0","0","0"
"6515.268265732","100","100","100","0","0","0"
"6525.274278702","100","100","100","0","0","0"
"6535.270680161","100","100","100","0","0","0"
"6545.273087391","100","100","100","0","0","0"
"6555.277248723","100","100","100","0","0","0"
"6565.26728664","100","100","100","0","0","0"
"6575.268910592","100","100","100","0","0","0"
"6585.27318068","100","100","100","0","0","0"
"6595.266668499","91","91","91","0","0","0"
"6605.268957463","100","100","100","0","0","0"
"6615.266056867","100","100","100","0","0","0"
"6625.266957279","100","100","100","0","0","0"
"6635.265473202","99","99","99","0","0","0"
"6645.275069982","100","100","100","0","0","0"
"6655.266185363","100","100","100","0","0","0"
"6665.272476164","100","100","100","0","0","0"
"6675.27379124","100","100","100","0","0","0"
"6685.265847748","100","100","100","0","0","0"
"6695.267210123","100","100","100","0","0","0"
"6705.266051453","100","100","100","0","0","0"
"6715.266638701","100","100","100","0","0","0"
"6725.26536817","100","100","100","0","0","0"
"6735.266781159","100","100","100","0","0","0"
"6745.265794792","100","100","100","0","0","0"
"6755.265247524","100","100","100","0","0","0"
"6765.27254652","100","100","100","0","0","0"
"6775.274140466","100","100","100","0","0","0"
"6785.276503779","100","100","100","0","0","0"
"6795.267739525","100","100","100","0","0","0"
"6805.268997297","100","100","100","0","0","0"
"6815.266827316","100","100","100","0","0","0"
"6825.27073043","100","100","100","0","0","0"
"6835.266803449","100","100","100","0","0","0"
"6845.26717991","100","100","100","0","0","0"
"6855.265820758","100","100","100","0","0","0"
"6865.26973258","100","100","100","0","0","0"
"6875.271815064","100","100","100","0","0","0"
"6885.270234538","100","100","100","0","0","0"
"6895.271394991","100","100","100","0","0","0"
"6905.276211751","100","100","100","0","0","0"
"6915.271879911","100","100","100","0","0","0"
"6925.265851547","100","100","100","0","0","0"
"6935.270209841","100","100","100","0","0","0"
"6945.266836505","100","100","100","0","0","0"
"6955.281024488","100","100","100","0","0","0"
"6965.267114641","100","100","100","0","0","0"
"6975.269447562","100","100","100","0","0","0"
"6985.266076322","100","100","100","0","0","0"
"6995.268032843","100","100","100","0","0","0"
"7005.269211666","100","100","100","0","0","0"
"7015.275973268","100","100","100","0","0","0"
"7025.266663436","100","100","100","0","0","0"
"7035.275966887","100","100","100","0","0","0"
"7045.266856179","91","91","91","0","0","0"
"7055.273738355","100","100","100","0","0","0"
"7065.27536408","100","100","100","0","0","0"
"7075.270250738","100","100","100","0","0","0"
"7085.268842805","100","100","100","0","0","0"
"7095.27530527","100","100","100","0","0","0"
"7105.26739402","100","100","100","0","0","0"
"7115.269227128","100","100","100","0","0","0"
"7125.268434927","100","100","100","0","0","0"
"7135.267049822","100","100","100","0","0","0"
"7145.268309409","100","100","100","0","0","0"
"7155.271621196","100","100","100","0","0","0"
"7165.276411092","100","100","100","0","0","0"
"7175.27169243","100","100","100","0","0","0"
"7185.269609123","100","100","100","0","0","0"
"7195.267688967","100","100","100","0","0","0"
"7205.273443367","100","100","100","0","0","0"
"7215.268201523","100","100","100","0","0","0"
"7225.274729161","100","100","100","0","0","0"
"7235.267122906","100","100","100","0","0","0"
"7245.268250767","100","100","100","0","0","0"
"7255.266945083","100","100","100","0","0","0"
"7265.268025972","100","100","100","0","0","0"
"7275.266990506","100","100","100","0","0","0"
"7285.268288821","100","100","100","0","0","0"
"7295.271218815","100","100","100","0","0","0"
"7305.267316563","100","100","100","0","0","0"
"7315.275952994","100","100","100","0","0","0"
"7325.276754874","100","100","100","0","0","0"
"7335.26584027","100","100","100","0","0","0"
"7345.26973949","100","100","100","0","0","0"
"7355.267208853","100","100","100","0","0","0"
"7365.272405433","100","100","100","0","0","0"
"7375.267501486","100","100","100","0","0","0"
"7385.267184918","100","100","100","0","0","0"
"7395.268658993","100","100","100","0","0","0"
"7405.268187202","100","100","100","0","0","0"
"7415.271778622","100","100","100","0","0","0"
"7425.269521687","100","100","100","0","0","0"
"7435.267732106","100","100","100","0","0","0"
"7445.269841448","100","100","100","0","0","0"
"7455.268043542","100","100","100","0","0","0"
"7465.267290735","100","100","100","0","0","0"
"7475.265605866","100","100","100","0","0","0"
"7485.275522122","100","100","100","0","0","0"
"7495.267926875","100","100","100","0","0","0"
"7505.268156785","100","100","100","0","0","0"
"7515.267006019","100","100","100","0","0","0"
"7525.265817928","100","100","100","0","0","0"
"7535.269340155","100","100","100","0","0","0"
"7545.267848139","100","100","100","0","0","0"
"7555.26651911","100","100","100","0","0","0"
"7565.266729548","100","100","100","0","0","0"
"7575.268433576","100","100","100","0","0","0"
"7585.268014819","100","100","100","0","0","0"
"7595.266647835","100","100","100","0","0","0"
"7605.269019198","100","100","100","0","0","0"
"7615.275087414","100","100","100","0","0","0"
"7625.269495016","100","100","100","0","0","0"
"7635.266044262","100","100","100","0","0","0"
"7645.265143907","100","100","100","0","0","0"
"7655.277921309","100","100","100","0","0","0"
"7665.266522874","100","100","100","0","0","0"
"7675.267885473","100","100","100","0","0","0"
"7685.275161061","100","100","100","0","0","0"
"7695.271766802","100","100","100","0","0","0"
"7705.266417373","100","100","100","0","0","0"
"7715.275600026","99","99","99","0","0","0"
"7725.267828934","100","100","100","0","0","0"
"7735.266397064","100","100","100","0","0","0"
"7745.266627238","100","100","100","0","0","0"
"7755.267746496","100","100","100","0","0","0"
"7765.268902114","100","100","100","0","0","0"
"7775.275217284","100","100","100","0","0","0"
"7785.266388161","100","100","100","0","0","0"
"7795.275377311","100","100","100","0","0","0"
"7805.268452872","100","100","100","0","0","0"
"7815.267062358","100","100","100","0","0","0"
"7825.266807005","100","100","100","0","0","0"
"7835.265294444","100","100","100","0","0","0"
"7845.267664299","100","100","100","0","0","0"
"7855.272770023","100","100","100","0","0","0"
"7865.269935167","100","100","100","0","0","0"
"7875.266498156","100","100","100","0","0","0"
"7885.265273881","100","100","100","0","0","0"
"7895.27022877","100","100","100","0","0","0"
"7905.266345841","100","100","100","0","0","0"
"7915.276220111","100","100","100","0","0","0"
"7925.272496546","100","100","100","0","0","0"
"7935.26792506","100","100","100","0","0","0"
"7945.272976741","100","100","100","0","0","0"
"7955.265820771","100","100","100","0","0","0"
"7965.268185421","100","100","100","0","0","0"
"7975.26763435","100","100","100","0","0","0"
"7985.267074625","100","100","100","0","0","0"
"7995.277509251","100","100","100","0","0","0"
"8005.266427183","100","100","100","0","0","0"
"8015.269814234","100","100","100","0","0","0"
"8025.27158616","100","100","100","0","0","0"
"8035.275325862","100","100","100","0","0","0"
"8045.268843485","100","100","100","0","0","0"
"8055.266481915","100","100","100","0","0","0"
"8065.267674196","100","100","100","0","0","0"
"8075.268127008","100","100","100","0","0","0"
"8085.266431397","100","100","100","0","0","0"
"8095.27480162","100","100","100","0","0","0"
"8105.273339241","100","100","100","0","0","0"
"8115.269563651","100","100","100","0","0","0"
"8125.267104395","100","100","100","0","0","0"
"8135.2686717","100","100","100","0","0","0"
"8145.269789294","100","100","100","0","0","0"
"8155.266340802","100","100","100","0","0","0"
"8165.267592278","100","100","100","0","0","0"
"8175.271068852","95","95","95","0","0","0"
"8185.276717066","100","100","100","0","0","0"
"8195.268802094","100","100","100","0","0","0"
"8205.267729504","100","100","100","0","0","0"
"8215.268193634","100","100","100","0","0","0"
"8225.270518576","100","100","100","0","0","0"
"8235.267365274","100","100","100","0","0","0"
"8245.274156326","100","100","100","0","0","0"
"8255.273009137","100","100","100","0","0","0"
"8265.274999011","100","100","100","0","0","0"
"8275.265605066","100","100","100","0","0","0"
"8285.268252333","100","100","100","0","0","0"
"8295.269829436","100","100","100","0","0","0"
"8305.266998827","100","100","100","0","0","0"
"8315.265139827","100","100","100","0","0","0"
"8325.269405514","100","100","100","0","0","0"
"8335.274539372","100","100","100","0","0","0"
"8345.265611752","100","100","100","0","0","0"
"8355.267793384","100","100","100","0","0","0"
"8365.268409953","100","100","100","0","0","0"
"8375.276332272","100","100","100","0","0","0"
"8385.266576488","100","100","100","0","0","0"
"8395.266200728","100","100","100","0","0","0"
"8405.268607634","100","100","100","0","0","0"
"8415.276418391","100","100","100","0","0","0"
"8425.265950247","100","100","100","0","0","0"
"8435.272815348","91","91","91","0","0","0"
"8445.270626781","100","100","100","0","0","0"
"8455.267598784","100","100","100","0","0","0"
"8465.266206648","100","100","100","0","0","0"
"8475.268470184","100","100","100","0","0","0"
"8485.266612965","100","100","100","0","0","0"
"8495.26869236","100","100","100","0","0","0"
"8505.268440931","100","100","100","0","0","0"
"8515.27836093","100","100","100","0","0","0"
"8525.269459114","100","100","100","0","0","0"
"8535.267885106","100","100","100","0","0","0"
"8545.267454357","100","100","100","0","0","0"
"8555.26898574","100","100","100","0","0","0"
"8565.267413992","100","100","100","0","0","0"
"8575.276947969","100","100","100","0","0","0"
"8585.26742504","100","100","100","0","0","0"
"8595.267452625","100","100","100","0","0","0"
"8605.26826857","100","100","100","0","0","0"
"8615.265246389","100","100","100","0","0","0"
"8625.267366157","100","100","100","0","0","0"
"8635.265257041","100","100","100","0","0","0"
"8645.26585124","100","100","100","0","0","0"
"8655.273018165","100","100","100","0","0","0"
"8665.271073848","100","100","100","0","0","0"
"8675.268754561","100","100","100","0","0","0"
"8685.276414871","100","100","100","0","0","0"
"8695.268722379","100","100","100","0","0","0"
"8705.266311138","100","100","100","0","0","0"
"8715.276038951","100","100","100","0","0","0"
"8725.273343637","100","100","100","0","0","0"
"8735.265695031","100","100","100","0","0","0"
"8745.267935587","100","100","100","0","0","0"
"8755.269133347","100","100","100","0","0","0"
"8765.2715031","100","100","100","0","0","0"
"8775.270426213","100","100","100","0","0","0"
"8785.268191937","100","100","100","0","0","0"
"8795.265617615","100","100","100","0","0","0"
"8805.267776307","100","100","100","0","0","0"
"8815.274644143","100","100","100","0","0","0"
"8825.274660978","100","100","100","0","0","0"
"8835.278396458","100","100","100","0","0","0"
"8845.2654304","100","100","100","0","0","0"
"8855.267890467","100","100","100","0","0","0"
"8865.266228091","100","100","100","0","0","0"
"8875.269123862","100","100","100","0","0","0"
"8885.269069715","100","100","100","0","0","0"
"8895.267536322","100","100","100","0","0","0"
"8905.265244871","100","100","100","0","0","0"
"8915.271250323","100","100","100","0","0","0"
"8925.276096093","100","100","100","0","0","0"
"8935.276339074","100","100","100","0","0","0"
"8945.272748088","100","100","100","0","0","0"
"8955.269456822","100","100","100","0","0","0"
"8965.265281538","100","100","100","0","0","0"
"8975.271515029","100","100","100","0","0","0"
"8985.269014141","100","100","100","0","0","0"
"8995.265411324","100","100","100","0","0","0"
"9005.268323305","100","100","100","0","0","0"
"9015.265721188","100","100","100","0","0","0"
"9025.268935439","100","100","100","0","0","0"
"9035.266917739","100","100","100","0","0","0"
"9045.2719885","100","100","100","0","0","0"
"9055.274689111","100","100","100","0","0","0"
"9065.266909936","100","100","100","0","0","0"
"9075.270381377","100","100","100","0","0","0"
"9085.273346033","100","100","100","0","0","0"
"9095.269162505","100","100","100","0","0","0"
"9105.277780919","100","100","100","0","0","0"
"9115.277108299","100","100","100","0","0","0"
"9125.274484144","100","100","100","0","0","0"
"9135.271302515","100","100","100","0","0","0"
"9145.267071038","100","100","100","0","0","0"
"9155.266665828","100","100","100","0","0","0"
"9165.27909498","100","100","100","0","0","0"
"9175.266830065","100","100","100","0","0","0"
"9185.265888464","100","100","100","0","0","0"
"9195.274581797","100","100","100","0","0","0"
"9205.26662533","100","100","100","0","0","0"
"9215.267609008","100","100","100","0","0","0"
"9225.267113125","100","100","100","0","0","0"
"9235.26572732","100","100","100","0","0","0"
"9245.267498435","100","100","100","0","0","0"
"9255.26835974","100","100","100","0","0","0"
"9265.268277893","100","100","100","0","0","0"
"9275.270864159","100","100","100","0","0","0"
"9285.266752477","100","100","100","0","0","0"
"9295.273911527","100","100","100","0","0","0"
"9305.278531191","100","100","100","0","0","0"
"9315.270658917","100","100","100","0","0","0"
"9325.269537607","100","100","100","0","0","0"
"9335.265170431","100","100","100","0","0","0"
"9345.266301986","100","100","100","0","0","0"
"9355.266016364","100","100","100","0","0","0"
"9365.269590554","100","100","100","0","0","0"
"9375.267738864","100","100","100","0","0","0"
"9385.265588342","100","100","100","0","0","0"
"9395.265890702","100","100","100","0","0","0"
"9405.265575858","100","100","100","0","0","0"
"9415.267240293","100","100","100","0","0","0"
"9425.266128459","100","100","100","0","0","0"
"9435.268379195","100","100","100","0","0","0"
"9445.271881495","100","100","100","0","0","0"
"9455.266401686","100","100","100","0","0","0"
"9465.267981138","100","100","100","0","0","0"
"9475.273011463","100","100","100","0","0","0"
"9485.266715943","100","100","100","0","0","0"
"9495.269697907","100","100","100","0","0","0"
"9505.265893114","100","100","100","0","0","0"
"9515.272278192","100","100","100","0","0","0"
"9525.270337106","100","100","100","0","0","0"
"9535.268401599","100","100","100","0","0","0"
"9545.265462722","100","100","100","0","0","0"
"9555.267834371","100","100","100","0","0","0"
"9565.267606317","100","100","100","0","0","0"
"9575.267019192","100","100","100","0","0","0"
"9585.270231227","100","100","100","0","0","0"
"9595.26696636","100","100","100","0","0","0"
"9605.265903156","100","100","100","0","0","0"
"9615.26774542","100","100","100","0","0","0"
"9625.269185254","100","100","100","0","0","0"
"9635.267727176","100","100","100","0","0","0"
"9645.266396759","100","100","100","0","0","0"
"9655.272515105","100","100","100","0","0","0"
"9665.268029718","100","100","100","0","0","0"
"9675.269545992","100","100","100","0","0","0"
"9685.266314763","100","100","100","0","0","0"
"9695.269770489","100","100","100","0","0","0"
"9705.273319382","100","100","100","0","0","0"
"9715.275284489","100","100","100","0","0","0"
"9725.275064875","100","100","100","0","0","0"
"9735.26697469","100","100","100","0","0","0"
"9745.26799186","100","100","100","0","0","0"
"9755.26767202","100","100","100","0","0","0"
"9765.268969869","100","100","100","0","0","0"
"9775.269105248","100","100","100","0","0","0"
"9785.26546911","100","100","100","0","0","0"
"9795.267035891","100","100","100","0","0","0"
"9805.267757588","100","100","100","0","0","0"
"9815.267301091","100","100","100","0","0","0"
"9825.268523093","100","100","100","0","0","0"
"9835.266586706","100","100","100","0","0","0"
"9845.267572181","100","100","100","0","0","0"
"9855.269326867","100","100","100","0","0","0"
"9865.26583842","100","100","100","0","0","0"
"9875.2674505","100","100","100","0","0","0"
"9885.277146634","100","100","100","0","0","0"
"9895.276915435","100","100","100","0","0","0"
"9905.268414401","100","100","100","0","0","0"
"9915.268494173","100","100","100","0","0","0"
"9925.268094982","100","100","100","0","0","0"
"9935.267883178","100","100","100","0","0","0"
"9945.267173253","100","100","100","0","0","0"
"9955.266417081","100","100","100","0","0","0"
"9965.268176628","99","99","99","0","0","0"
"9975.27028202","100","100","100","0","0","0"
"9985.275231515","100","100","100","0","0","0"
"9995.26710852","100","100","100","0","0","0"
"10005.266592913","100","100","100","0","0","0"
"10015.265942395","100","100","100","0","0","0"
"10025.266882367","100","100","100","0","0","0"
"10035.274240376","100","100","100","0","0","0"
"10045.266489421","100","100","100","0","0","0"
"10055.265271964","100","100","100","0","0","0"
"10065.266477145","100","100","100","0","0","0"
"10075.274032717","100","100","100","0","0","0"
"10085.270606121","100","100","100","0","0","0"
"10095.26805613","100","100","100","0","0","0"
"10105.266613224","100","100","100","0","0","0"
"10115.27366137","100","100","100","0","0","0"
"10125.267492647","100","100","100","0","0","0"
"10135.26632014","100","100","100","0","0","0"
"10145.275637772","100","100","100","0","0","0"
"10155.274389073","100","100","100","0","0","0"
"10165.271681037","100","100","100","0","0","0"
"10175.266929476","99","99","99","0","0","0"
"10185.27601364","100","100","100","0","0","0"
"10195.273921894","100","100","100","0","0","0"
"10205.266713278","100","100","100","0","0","0"
"10215.267529133","100","100","100","0","0","0"
"10225.267328462","100","100","100","0","0","0"
"10235.27131089","100","100","100","0","0","0"
"10245.273430352","100","100","100","0","0","0"
"10255.267188324","100","100","100","0","0","0"
"10265.270369132","100","100","100","0","0","0"
"10275.270676559","100","100","100","0","0","0"
"10285.268403167","100","100","100","0","0","0"
"10295.265949616","100","100","100","0","0","0"
"10305.268664659","100","100","100","0","0","0"
"10315.276636771","100","100","100","0","0","0"
"10325.265237176","100","100","100","0","0","0"
"10335.266270359","100","100","100","0","0","0"
"10345.266861708","100","100","100","0","0","0"
"10355.267100542","100","100","100","0","0","0"
"10365.275138559","100","100","100","0","0","0"
"10375.268321371","100","100","100","0","0","0"
"10385.272617733","100","100","100","0","0","0"
"10395.269447646","100","100","100","0","0","0"
"10405.268120934","100","100","100","0","0","0"
"10415.266327655","100","100","100","0","0","0"
"10425.268122194","100","100","100","0","0","0"
"10435.265821154","92","92","92","0","0","0"
"10445.268195629","100","100","100","0","0","0"
"10455.268367537","100","100","100","0","0","0"
"10465.273575112","100","100","100","0","0","0"
"10475.270161828","100","100","100","0","0","0"
"10485.268941863","100","100","100","0","0","0"
"10495.270851705","100","100","100","0","0","0"
"10505.267744754","100","100","100","0","0","0"
"10515.266745681","100","100","100","0","0","0"
"10525.27314148","100","100","100","0","0","0"
"10535.272423582","100","100","100","0","0","0"
"10545.277069862","100","100","100","0","0","0"
"10555.266217128","100","100","100","0","0","0"
"10565.267360402","99","99","99","0","0","0"
"10575.269752817","100","100","100","0","0","0"
"10585.26718195","100","100","100","0","0","0"
"10595.271510357","100","100","100","0","0","0"
"10605.270729018","100","100","100","0","0","0"
"10615.268672148","100","100","100","0","0","0"
"10625.269184481","100","100","100","0","0","0"
"10635.2742625","100","100","100","0","0","0"
"10645.268982781","100","100","100","0","0","0"
"10655.267762667","100","100","100","0","0","0"
"10665.266145121","100","100","100","0","0","0"
"10675.269845119","100","100","100","0","0","0"
"10685.267648117","100","100","100","0","0","0"
"10695.265595034","100","100","100","0","0","0"
"10705.267160422","100","100","100","0","0","0"
"10715.277297908","100","100","100","0","0","0"
"10725.269593704","100","100","100","0","0","0"
"10735.265542756","100","100","100","0","0","0"
"10745.275053239","100","100","100","0","0","0"
"10755.266120147","100","100","100","0","0","0"
"10765.266424015","100","100","100","0","0","0"
"10775.269341847","100","100","100","0","0","0"
"10785.26654148","100","100","100","0","0","0"
"10795.267407098","100","100","100","0","0","0"
"10805.268069518","100","100","100","0","0","0"
"10815.275896005","100","100","100","0","0","0"
"10825.27051549","100","100","100","0","0","0"
"10835.267405828","100","100","100","0","0","0"
"10845.268449971","100","100","100","0","0","0"
"10855.266159456","100","100","100","0","0","0"
"10865.267026153","100","100","100","0","0","0"
"10875.269204538","100","100","100","0","0","0"
"10885.267271872","100","100","100","0","0","0"
"10895.268760155","100","100","100","0","0","0"
"10905.266133112","100","100","100","0","0","0"
"10915.266576658","100","100","100","0","0","0"
"10925.273243576","100","100","100","0","0","0"
"10935.276969204","100","100","100","0","0","0"
"10945.269022399","100","100","100","0","0","0"
"10955.265258336","100","100","100","0","0","0"
"10965.267129206","100","100","100","0","0","0"
"10975.265564529","100","100","100","0","0","0"
"10985.270181721","100","100","100","0","0","0"
"10995.267611034","100","100","100","0","0","0"
"11005.271347643","100","100","100","0","0","0"
"11015.265777065","100","100","100","0","0","0"
"11025.267009504","100","100","100","0","0","0"
"11035.268057168","100","100","100","0","0","0"
"11045.271569455","100","100","100","0","0","0"
"11055.266576665","100","100","100","0","0","0"
"11065.266721744","100","100","100","0","0","0"
"11075.265969225","100","100","100","0","0","0"
"11085.268079755","100","100","100","0","0","0"
"11095.267429576","100","100","100","0","0","0"
"11105.269010686","100","100","100","0","0","0"
"11115.265910048","100","100","100","0","0","0"
"11125.268098988","100","100","100","0","0","0"
"11135.265105005","100","100","100","0","0","0"
"11145.281379656","100","100","100","0","0","0"
"11155.267441517","100","100","100","0","0","0"
"11165.267428142","100","100","100","0","0","0"
"11175.268502918","100","100","100","0","0","0"
"11185.265655758","100","100","100","0","0","0"
"11195.267227589","100","100","100","0","0","0"
"11205.270754276","100","100","100","0","0","0"
"11215.270189063","100","100","100","0","0","0"
"11225.266849414","100","100","100","0","0","0"
"11235.269388101","100","100","100","0","0","0"
"11245.269857195","100","100","100","0","0","0"
"11255.266106521","100","100","100","0","0","0"
"11265.269849527","100","100","100","0","0","0"
"11275.265838888","100","100","100","0","0","0"
"11285.279343117","100","100","100","0","0","0"
"11295.266258346","100","100","100","0","0","0"
"11305.274984812","100","100","100","0","0","0"
"11315.269899843","100","100","100","0","0","0"
"11325.266134502","100","100","100","0","0","0"
"11335.269309369","100","100","100","0","0","0"
"11345.268794346","100","100","100","0","0","0"
"11355.268207606","100","100","100","0","0","0"
"11365.276864589","100","100","100","0","0","0"
"11375.267108886","100","100","100","0","0","0"
"11385.26631145","100","100","100","0","0","0"
"11395.265792404","100","100","100","0","0","0"
"11405.26562448","100","100","100","0","0","0"
"11415.269370685","100","100","100","0","0","0"
"11425.266978692","100","100","100","0","0","0"
"11435.268469647","100","100","100","0","0","0"
"11445.269196826","100","100","100","0","0","0"
"11455.26861219","100","100","100","0","0","0"
"11465.269520704","100","100","100","0","0","0"
"11475.271248197","100","100","100","0","0","0"
"11485.271791869","100","100","100","0","0","0"
"11495.270200963","100","100","100","0","0","0"
"11505.275170661","100","100","100","0","0","0"
"11515.275757952","100","100","100","0","0","0"
"11525.27374778","100","100","100","0","0","0"
"11535.271108855","100","100","100","0","0","0"
"11545.275835937","100","100","100","0","0","0"
"11555.272683491","100","100","100","0","0","0"
"11565.275117109","100","100","100","0","0","0"
"11575.265494234","100","100","100","0","0","0"
"11585.265688503","100","100","100","0","0","0"
"11595.275947864","100","100","100","0","0","0"
"11605.276168739","100","100","100","0","0","0"
"11615.266974412","100","100","100","0","0","0"
"11625.269454221","100","100","100","0","0","0"
"11635.267408474","100","100","100","0","0","0"
"11645.271363075","100","100","100","0","0","0"
"11655.271374483","100","100","100","0","0","0"
"11665.265630965","100","100","100","0","0","0"
"11675.274043697","100","100","100","0","0","0"
"11685.269174239","100","100","100","0","0","0"
"11695.2754325","100","100","100","0","0","0"
"11705.270687622","100","100","100","0","0","0"
"11715.268272857","100","100","100","0","0","0"
"11725.266327501","100","100","100","0","0","0"
"11735.267466078","100","100","100","0","0","0"
"11745.266788337","100","100","100","0","0","0"
"11755.269390328","100","100","100","0","0","0"
"11765.268177158","100","100","100","0","0","0"
"11775.268597701","100","100","100","0","0","0"
"11785.269040545","100","100","100","0","0","0"
"11795.265701444","100","100","100","0","0","0"
"11805.267634503","100","100","100","0","0","0"
"11815.267393265","100","100","100","0","0","0"
"11825.265837074","100","100","100","0","0","0"
"11835.266121312","100","100","100","0","0","0"
"11845.27008683","100","100","100","0","0","0"
"11855.267172017","100","100","100","0","0","0"
"11865.269616657","100","100","100","0","0","0"
"11875.267773727","100","100","100","0","0","0"
"11885.274528276","100","100","100","0","0","0"
"11895.273283695","100","100","100","0","0","0"
"11905.267725231","100","100","100","0","0","0"
"11915.271377549","100","100","100","0","0","0"
"11925.273590003","100","100","100","0","0","0"
"11935.271757615","100","100","100","0","0","0"
"11945.267005046","100","100","100","0","0","0"
"11955.268064745","100","100","100","0","0","0"
"11965.275713815","99","99","99","0","0","0"
"11975.270746359","100","100","100","0","0","0"
"11985.266436403","100","100","100","0","0","0"
"11995.275325648","100","100","100","0","0","0"
"12005.266862467","100","100","100","0","0","0"
"12015.267884114","100","100","100","0","0","0"
"12025.27071965","100","100","100","0","0","0"
"12035.265251765","100","100","100","0","0","0"
"12045.269853346","100","100","100","0","0","0"
"12055.267491079","100","100","100","0","0","0"
"12065.267327754","100","100","100","0","0","0"
"12075.274363218","100","100","100","0","0","0"
"12085.268323544","100","100","100","0","0","0"
"12095.271937996","100","100","100","0","0","0"
"12105.271363841","100","100","100","0","0","0"
"12115.267397436","100","100","100","0","0","0"
"12125.274496153","100","100","100","0","0","0"
"12135.267907072","100","100","100","0","0","0"
"12145.267700611","100","100","100","0","0","0"
"12155.266227418","100","100","100","0","0","0"
"12165.266290599","100","100","100","0","0","0"
"12175.265630587","100","100","100","0","0","0"
"12185.266845295","100","100","100","0","0","0"
"12195.274661728","100","100","100","0","0","0"
"12205.271740414","100","100","100","0","0","0"
"12215.271000064","100","100","100","0","0","0"
"12225.276562369","100","100","100","0","0","0"
"12235.265264339","100","100","100","0","0","0"
"12245.266400752","100","100","100","0","0","0"
"12255.269627388","100","100","100","0","0","0"
"12265.272898991","100","100","100","0","0","0"
"12275.272731171","100","100","100","0","0","0"
"12285.272573181","100","100","100","0","0","0"
"12295.266767254","100","100","100","0","0","0"
"12305.267928064","100","100","100","0","0","0"
"12315.266969221","100","100","100","0","0","0"
"12325.268725579","100","100","100","0","0","0"
"12335.268846955","100","100","100","0","0","0"
"12345.265592148","100","100","100","0","0","0"
"12355.269216502","100","100","100","0","0","0"
"12365.272045079","100","100","100","0","0","0"
"12375.269285387","100","100","100","0","0","0"
"12385.272099657","100","100","100","0","0","0"
"12395.280495319","100","100","100","0","0","0"
"12405.267933802","100","100","100","0","0","0"
"12415.267278289","100","100","100","0","0","0"
"12425.266731581","100","100","100","0","0","0"
"12435.279259321","100","100","100","0","0","0"
"12445.272354694","100","100","100","0","0","0"
"12455.265696145","100","100","100","0","0","0"
"12465.274214987","100","100","100","0","0","0"
"12475.268474355","100","100","100","0","0","0"
"12485.26626747","100","100","100","0","0","0"
"12495.266951018","100","100","100","0","0","0"
"12505.268865841","100","100","100","0","0","0"
"12515.265760342","100","100","100","0","0","0"
"12525.26939346","100","100","100","0","0","0"
"12535.276647872","100","100","100","0","0","0"
"12545.267361241","100","100","100","0","0","0"
"12555.266749886","100","100","100","0","0","0"
"12565.276502009","100","100","100","0","0","0"
"12575.266539019","100","100","100","0","0","0"
"12585.269629984","100","100","100","0","0","0"
"12595.27073349","100","100","100","0","0","0"
"12605.274351484","100","100","100","0","0","0"
"12615.268866744","100","100","100","0","0","0"
"12625.265510852","100","100","100","0","0","0"
"12635.266951617","100","100","100","0","0","0"
"12645.269524736","100","100","100","0","0","0"
"12655.266093784","100","100","100","0","0","0"
"12665.267245065","100","100","100","0","0","0"
"12675.273632815","100","100","100","0","0","0"
"12685.266992428","100","100","100","0","0","0"
"12695.26689422","100","100","100","0","0","0"
"12705.268311872","100","100","100","0","0","0"
"12715.265901968","100","100","100","0","0","0"
"12725.265735418","100","100","100","0","0","0"
"12735.268173582","100","100","100","0","0","0"
"12745.265150377","100","100","100","0","0","0"
"12755.265354609","100","100","100","0","0","0"
"12765.266105652","100","100","100","0","0","0"
"12775.271698672","100","100","100","0","0","0"
"12785.265342144","100","100","100","0","0","0"
"12795.270426017","100","100","100","0","0","0"
"12805.269276446","100","100","100","0","0","0"
"12815.267384355","100","100","100","0","0","0"
"12825.269622485","100","100","100","0","0","0"
"12835.276390595","100","100","100","0","0","0"
"12845.269732581","100","100","100","0","0","0"
"12855.269584015","100","100","100","0","0","0"
"12865.269063744","100","100","100","0","0","0"
"12875.268205567","99","99","99","0","0","0"
"12885.266551482","100","100","100","0","0","0"
"12895.268356317","100","100","100","0","0","0"
"12905.267753647","100","100","100","0","0","0"
"12915.276278731","100","100","100","0","0","0"
"12925.266310371","100","100","100","0","0","0"
"12935.269160322","100","100","100","0","0","0"
"12945.272159906","100","100","100","0","0","0"
"12955.275733197","100","100","100","0","0","0"
"12965.270380553","100","100","100","0","0","0"
"12975.271294877","100","100","100","0","0","0"
"12985.267631093","100","100","100","0","0","0"
"12995.26563779","100","100","100","0","0","0"
"13005.266320517","100","100","100","0","0","0"
"13015.267496005","100","100","100","0","0","0"
"13025.275591635","100","100","100","0","0","0"
"13035.268013426","100","100","100","0","0","0"
"13045.2736964","100","100","100","0","0","0"
"13055.267475757","100","100","100","0","0","0"
"13065.266218994","100","100","100","0","0","0"
"13075.269669946","100","100","100","0","0","0"
"13085.268362479","100","100","100","0","0","0"
"13095.266070308","100","100","100","0","0","0"
"13105.269353336","99","99","99","0","0","0"
"13115.277540591","100","100","100","0","0","0"
"13125.277641284","100","100","100","0","0","0"
"13135.267784994","100","100","100","0","0","0"
"13145.276122155","100","100","100","0","0","0"
"13155.27359626","100","100","100","0","0","0"
"13165.26846478","90","90","90","0","0","0"
"13175.268964853","100","100","100","0","0","0"
"13185.277128387","100","100","100","0","0","0"
"13195.267379563","100","100","100","0","0","0"
"13205.265400955","100","100","100","0","0","0"
"13215.26740156","100","100","100","0","0","0"
"13225.267285194","100","100","100","0","0","0"
"13235.268127691","100","100","100","0","0","0"
"13245.266620334","100","100","100","0","0","0"
"13255.272848807","100","100","100","0","0","0"
"13265.26826921","100","100","100","0","0","0"
"13275.280801906","100","100","100","0","0","0"
"13285.268534915","100","100","100","0","0","0"
"13295.269740741","100","100","100","0","0","0"
"13305.269088486","100","100","100","0","0","0"
"13315.267522259","100","100","100","0","0","0"
"13325.267215017","100","100","100","0","0","0"
"13335.268073319","99","99","99","0","0","0"
"13345.26564311","100","100","100","0","0","0"
"13355.272553054","100","100","100","0","0","0"
"13365.266792107","100","100","100","0","0","0"
"13375.273049343","100","100","100","0","0","0"
"13385.267999428","100","100","100","0","0","0"
"13395.267425644","100","100","100","0","0","0"
"13405.267124142","100","100","100","0","0","0"
"13415.265516166","100","100","100","0","0","0"
"13425.271498278","100","100","100","0","0","0"
"13435.273240948","100","100","100","0","0","0"
"13445.276299375","100","100","100","0","0","0"
"13455.270926914","100","100","100","0","0","0"
"13465.269596076","100","100","100","0","0","0"
"13475.277436541","100","100","100","0","0","0"
"13485.269702326","100","100","100","0","0","0"
"13495.26575536","100","100","100","0","0","0"
"13505.26765581","100","100","100","0","0","0"
"13515.276295325","100","100","100","0","0","0"
"13525.276022136","100","100","100","0","0","0"
"13535.27627935","100","100","100","0","0","0"
"13545.267688516","100","100","100","0","0","0"
"13555.266298328","100","100","100","0","0","0"
"13565.276373667","100","100","100","0","0","0"
"13575.266317798","100","100","100","0","0","0"
"13585.265857983","100","100","100","0","0","0"
"13595.271291391","100","100","100","0","0","0"
"13605.269277043","100","100","100","0","0","0"
"13615.270262396","100","100","100","0","0","0"
"13625.273849432","100","100","100","0","0","0"
"13635.267313588","100","100","100","0","0","0"
"13645.266825115","100","100","100","0","0","0"
"13655.265170602","100","100","100","0","0","0"
"13665.266173332","100","100","100","0","0","0"
"13675.267185317","100","100","100","0","0","0"
"13685.266664427","100","100","100","0","0","0"
"13695.269700089","100","100","100","0","0","0"
"13705.272052584","100","100","100","0","0","0"
"13715.266624303","100","100","100","0","0","0"
"13725.266326191","100","100","100","0","0","0"
"13735.268025369","100","100","100","0","0","0"
"13745.27085077","100","100","100","0","0","0"
"13755.271365516","100","100","100","0","0","0"
"13765.276503647","100","100","100","0","0","0"
"13775.268787699","100","100","100","0","0","0"
"13785.265842741","100","100","100","0","0","0"
"13795.265196294","100","100","100","0","0","0"
"13805.26651527","100","100","100","0","0","0"
"13815.265840167","100","100","100","0","0","0"
"13825.266013531","100","100","100","0","0","0"
"13835.270484096","100","100","100","0","0","0"
"13845.269808457","100","100","100","0","0","0"
"13855.268822154","100","100","100","0","0","0"
"13865.267711011","100","100","100","0","0","0"
"13875.269110898","100","100","100","0","0","0"
"13885.268493689","100","100","100","0","0","0"
"13895.267771328","100","100","100","0","0","0"
"13905.267700194","100","100","100","0","0","0"
"13915.275521495","100","100","100","0","0","0"
"13925.267300761","100","100","100","0","0","0"
"13935.267302446","100","100","100","0","0","0"
"13945.267001672","100","100","100","0","0","0"
"13955.265188173","100","100","100","0","0","0"
"13965.270215628","100","100","100","0","0","0"
"13975.265990456","100","100","100","0","0","0"
"13985.265504628","100","100","100","0","0","0"
"13995.267852072","100","100","100","0","0","0"
"14005.272851055","100","100","100","0","0","0"
"14015.280789529","100","100","100","0","0","0"
"14025.268132628","100","100","100","0","0","0"
"14035.268329493","100","100","100","0","0","0"
"14045.271255687","100","100","100","0","0","0"
"14055.283387048","100","100","100","0","0","0"
"14065.268166009","100","100","100","0","0","0"
"14075.27799069","100","100","100","0","0","0"
"14085.270883463","100","100","100","0","0","0"
"14095.266368827","100","100","100","0","0","0"
"14105.266394786","100","100","100","0","0","0"
"14115.26843246","100","100","100","0","0","0"
"14125.265740162","100","100","100","0","0","0"
"14135.269055079","100","100","100","0","0","0"
"14145.26730688","100","100","100","0","0","0"
"14155.270968103","100","100","100","0","0","0"
"14165.269838095","100","100","100","0","0","0"
"14175.267936164","100","100","100","0","0","0"
"14185.27483906","100","100","100","0","0","0"
"14195.266114426","100","100","100","0","0","0"
"14205.270091246","100","100","100","0","0","0"
"14215.266579938","100","100","100","0","0","0"
"14225.270122539","100","100","100","0","0","0"
"14235.266055328","100","100","100","0","0","0"
"14245.274256541","100","100","100","0","0","0"
"14255.267119151","100","100","100","0","0","0"
"14265.266301658","100","100","100","0","0","0"
"14275.265623413","100","100","100","0","0","0"
"14285.271538621","100","100","100","0","0","0"
"14295.285433962","100","100","100","0","0","0"
"14305.278564321","100","100","100","0","0","0"
"14315.265603642","100","100","100","0","0","0"
"14325.267814348","100","100","100","0","0","0"
"14335.267961075","100","100","100","0","0","0"
"14345.265742273","100","100","100","0","0","0"
"14355.270102395","100","100","100","0","0","0"
"14365.266115105","100","100","100","0","0","0"
"14375.270732565","100","100","100","0","0","0"
"14385.27568783","100","100","100","0","0","0"
"14395.266652234","100","100","100","0","0","0"
"14405.275039852","100","100","100","0","0","0"
"14415.266643388","100","100","100","0","0","0"
"14425.265899921","100","100","100","0","0","0"
"14435.267525062","100","100","100","0","0","0"
"14445.272019727","100","100","100","0","0","0"
"14455.269457223","100","100","100","0","0","0"
"14465.274536939","100","100","100","0","0","0"
"14475.265473467","100","100","100","0","0","0"
"14485.26520935","100","100","100","0","0","0"
"14495.267797593","100","100","100","0","0","0"
"14505.268631443","100","100","100","0","0","0"
"14515.269797401","100","100","100","0","0","0"
"14525.267247547","100","100","100","0","0","0"
"14535.267057434","100","100","100","0","0","0"
"14545.268232064","100","100","100","0","0","0"
"14555.268497093","100","100","100","0","0","0"
"14565.278783151","100","100","100","0","0","0"
"14575.26933475","100","100","100","0","0","0"
"14585.268153618","100","100","100","0","0","0"
"14595.270702146","100","100","100","0","0","0"
"14605.265022005","100","100","100","0","0","0"
"14615.266524231","100","100","100","0","0","0"
"14625.268044768","100","100","100","0","0","0"
"14635.268742676","100","100","100","0","0","0"
"14645.273750457","100","100","100","0","0","0"
"14655.267652631","100","100","100","0","0","0"
"14665.268010571","100","100","100","0","0","0"
"14675.265590035","100","100","100","0","0","0"
"14685.272265332","100","100","100","0","0","0"
"14695.266147858","100","100","100","0","0","0"
"14705.266365829","100","100","100","0","0","0"
"14715.268837929","100","100","100","0","0","0"
"14725.268356439","100","100","100","0","0","0"
"14735.266944043","100","100","100","0","0","0"
"14745.276647089","100","100","100","0","0","0"
"14755.267330248","100","100","100","0","0","0"
"14765.266156141","100","100","100","0","0","0"
"14775.267663537","100","100","100","0","0","0"
"14785.270430042","100","100","100","0","0","0"
"14795.269586772","100","100","100","0","0","0"
"14805.267986548","100","100","100","0","0","0"
"14815.267440146","100","100","100","0","0","0"
"14825.270575942","100","100","100","0","0","0"
"14835.278815471","100","100","100","0","0","0"
"14845.270363798","100","100","100","0","0","0"
"14855.265987438","100","100","100","0","0","0"
"14865.275627417","100","100","100","0","0","0"
"14875.272344081","100","100","100","0","0","0"
"14885.269759778","100","100","100","0","0","0"
"14895.272780099","100","100","100","0","0","0"
"14905.27677227","100","100","100","0","0","0"
"14915.2682258","100","100","100","0","0","0"
"14925.268442494","100","100","100","0","0","0"
"14935.277036265","100","100","100","0","0","0"
"14945.267431979","100","100","100","0","0","0"
"14955.267197981","100","100","100","0","0","0"
"14965.265526825","100","100","100","0","0","0"
"14975.265472468","100","100","100","0","0","0"
"14985.267234722","100","100","100","0","0","0"
"14995.267517258","100","100","100","0","0","0"
"15005.266545503","100","100","100","0","0","0"
"15015.268323536","100","100","100","0","0","0"
"15025.266187","100","100","100","0","0","0"
"15035.268180459","100","100","100","0","0","0"
"15045.268422305","90","90","90","0","0","0"
"15055.273708669","100","100","100","0","0","0"
"15065.27484945","100","100","100","0","0","0"
"15075.275100741","100","100","100","0","0","0"
"15085.269355434","100","100","100","0","0","0"
"15095.267858538","100","100","100","0","0","0"
"15105.266941493","100","100","100","0","0","0"
"15115.265485707","100","100","100","0","0","0"
"15125.266802243","100","100","100","0","0","0"
"15135.266220885","100","100","100","0","0","0"
"15145.267124144","100","100","100","0","0","0"
"15155.271248864","100","100","100","0","0","0"
"15165.265461368","100","100","100","0","0","0"
"15175.275123767","100","100","100","0","0","0"
"15185.26810798","100","100","100","0","0","0"
"15195.266092617","100","100","100","0","0","0"
"15205.272033522","100","100","100","0","0","0"
"15215.271160934","100","100","100","0","0","0"
"15225.273208284","100","100","100","0","0","0"
"15235.273439707","100","100","100","0","0","0"
"15245.26710676","100","100","100","0","0","0"
"15255.268912026","100","100","100","0","0","0"
"15265.266160236","100","100","100","0","0","0"
"15275.269300646","100","100","100","0","0","0"
"15285.269497969","100","100","100","0","0","0"
"15295.275518919","100","100","100","0","0","0"
"15305.270763321","100","100","100","0","0","0"
"15315.266282112","100","100","100","0","0","0"
"15325.2650208","100","100","100","0","0","0"
"15335.273612786","100","100","100","0","0","0"
"15345.275816906","100","100","100","0","0","0"
"15355.267806282","100","100","100","0","0","0"
"15365.267858398","100","100","100","0","0","0"
"15375.267756093","100","100","100","0","0","0"
"15385.267136701","100","100","100","0","0","0"
"15395.277738152","100","100","100","0","0","0"
"15405.28034082","100","100","100","0","0","0"
"15415.275969129","100","100","100","0","0","0"
"15425.267067124","100","100","100","0","0","0"
"15435.265565009","100","100","100","0","0","0"
"15445.27005325","100","100","100","0","0","0"
"15455.266626205","100","100","100","0","0","0"
"15465.268288629","100","100","100","0","0","0"
"15475.272493022","100","100","100","0","0","0"
"15485.266259897","100","100","100","0","0","0"
"15495.268494652","100","100","100","0","0","0"
"15505.267718332","100","100","100","0","0","0"
"15515.26601148","100","100","100","0","0","0"
"15525.270340627","100","100","100","0","0","0"
"15535.2670479","100","100","100","0","0","0"
"15545.265635858","100","100","100","0","0","0"
"15555.273283609","100","100","100","0","0","0"
"15565.267248421","100","100","100","0","0","0"
"15575.266355113","100","100","100","0","0","0"
"15585.269938082","100","100","100","0","0","0"
"15595.278816598","100","100","100","0","0","0"
"15605.267089317","100","100","100","0","0","0"
"15615.270279286","100","100","100","0","0","0"
"15625.267941521","100","100","100","0","0","0"
"15635.27343026","100","100","100","0","0","0"
"15645.26837953","100","100","100","0","0","0"
"15655.27648345","100","100","100","0","0","0"
"15665.270236393","100","100","100","0","0","0"
"15675.270094647","100","100","100","0","0","0"
"15685.266787609","100","100","100","0","0","0"
"15695.268563569","100","100","100","0","0","0"
"15705.267664861","100","100","100","0","0","0"
"15715.278308602","100","100","100","0","0","0"
"15725.268727632","100","100","100","0","0","0"
"15735.271632743","100","100","100","0","0","0"
"15745.264856407","100","100","100","0","0","0"
"15755.268171439","100","100","100","0","0","0"
"15765.265691571","100","100","100","0","0","0"
"15775.269479389","100","100","100","0","0","0"
"15785.272183351","100","100","100","0","0","0"
"15795.269957938","100","100","100","0","0","0"
"15805.270164704","100","100","100","0","0","0"
"15815.267438706","100","100","100","0","0","0"
"15825.267091052","100","100","100","0","0","0"
"15835.268344722","100","100","100","0","0","0"
"15845.266382565","100","100","100","0","0","0"
"15855.26780523","100","100","100","0","0","0"
"15865.269361553","100","100","100","0","0","0"
"15875.26684416","100","100","100","0","0","0"
"15885.26819769","100","100","100","0","0","0"
"15895.267574888","100","100","100","0","0","0"
"15905.269667757","100","100","100","0","0","0"
"15915.270914582","100","100","100","0","0","0"
"15925.267816206","100","100","100","0","0","0"
"15935.268415561","100","100","100","0","0","0"
"15945.267000972","100","100","100","0","0","0"
"15955.266347742","100","100","100","0","0","0"
"15965.268086898","100","100","100","0","0","0"
"15975.267104798","100","100","100","0","0","0"
"15985.268400497","100","100","100","0","0","0"
"15995.276855766","100","100","100","0","0","0"
"16005.266809427","100","100","100","0","0","0"
"16015.267629075","100","100","100","0","0","0"
"16025.26533252","100","100","100","0","0","0"
"16035.270016975","100","100","100","0","0","0"
"16045.266977528","100","100","100","0","0","0"
"16055.267819803","100","100","100","0","0","0"
"16065.267149459","100","100","100","0","0","0"
"16075.266827419","100","100","100","0","0","0"
"16085.265455251","100","100","100","0","0","0"
"16095.269731301","100","100","100","0","0","0"
"16105.269101191","100","100","100","0","0","0"
"16115.268168675","100","100","100","0","0","0"
"16125.26904326","100","100","100","0","0","0"
"16135.270340154","100","100","100","0","0","0"
"16145.267500972","100","100","100","0","0","0"
"16155.26879724","100","100","100","0","0","0"
"16165.265410686","100","100","100","0","0","0"
"16175.268066374","100","100","100","0","0","0"
"16185.26931498","100","100","100","0","0","0"
"16195.266075711","100","100","100","0","0","0"
"16205.269393219","100","100","100","0","0","0"
"16215.271060782","100","100","100","0","0","0"
"16225.270780227","100","100","100","0","0","0"
"16235.267777123","100","100","100","0","0","0"
"16245.272170641","100","100","100","0","0","0"
"16255.267573451","100","100","100","0","0","0"
"16265.265327896","100","100","100","0","0","0"
"16275.268042279","99","99","99","0","0","0"
"16285.267229413","100","100","100","0","0","0"
"16295.276866746","100","100","100","0","0","0"
"16305.27506272","100","100","100","0","0","0"
"16315.266550279","100","100","100","0","0","0"
"16325.267828065","100","100","100","0","0","0"
"16335.270663444","100","100","100","0","0","0"
"16345.266907607","100","100","100","0","0","0"
"16355.26758267","100","100","100","0","0","0"
"16365.26790762","100","100","100","0","0","0"
"16375.270842069","100","100","100","0","0","0"
"16385.269269743","100","100","100","0","0","0"
"16395.276909449","100","100","100","0","0","0"
"16405.273405023","100","100","100","0","0","0"
"16415.278377172","100","100","100","0","0","0"
"16425.276114448","100","100","100","0","0","0"
"16435.266764401","100","100","100","0","0","0"
"16445.267026031","100","100","100","0","0","0"
"16455.266670442","100","100","100","0","0","0"
"16465.266630345","100","100","100","0","0","0"
"16475.274845752","100","100","100","0","0","0"
"16485.268300032","100","100","100","0","0","0"
"16495.268309289","100","100","100","0","0","0"
"16505.271673358","100","100","100","0","0","0"
"16515.274677258","100","100","100","0","0","0"
"16525.277882634","100","100","100","0","0","0"
"16535.26763649","100","100","100","0","0","0"
"16545.26851679","100","100","100","0","0","0"
"16555.266225545","100","100","100","0","0","0"
"16565.274232234","100","100","100","0","0","0"
"16575.274600319","100","100","100","0","0","0"
"16585.267648908","100","100","100","0","0","0"
"16595.268079939","100","100","100","0","0","0"
"16605.271912356","100","100","100","0","0","0"
"16615.278343979","100","100","100","0","0","0"
"16625.266007832","100","100","100","0","0","0"
"16635.268516869","100","100","100","0","0","0"
"16645.265275281","100","100","100","0","0","0"
"16655.271711917","100","100","100","0","0","0"
"16665.271796875","100","100","100","0","0","0"
"16675.267635438","100","100","100","0","0","0"
"16685.267859044","100","100","100","0","0","0"
"16695.266222829","100","100","100","0","0","0"
"16705.267630082","100","100","100","0","0","0"
"16715.265913333","100","100","100","0","0","0"
"16725.267712214","100","100","100","0","0","0"
"16735.277437782","100","100","100","0","0","0"
"16745.268086755","100","100","100","0","0","0"
"16755.267429573","100","100","100","0","0","0"
"16765.267705101","100","100","100","0","0","0"
"16775.274730936","100","100","100","0","0","0"
"16785.277513281","100","100","100","0","0","0"
"16795.266815992","100","100","100","0","0","0"
"16805.26791484","100","100","100","0","0","0"
"16815.271266225","100","100","100","0","0","0"
"16825.271361966","100","100","100","0","0","0"
"16835.266624054","99","99","99","0","0","0"
"16845.26810389","100","100","100","0","0","0"
"16855.267465426","100","100","100","0","0","0"
"16865.267116266","90","90","90","0","0","0"
"16875.268396428","100","100","100","0","0","0"
"16885.266113919","100","100","100","0","0","0"
"16895.266856584","100","100","100","0","0","0"
"16905.267199516","100","100","100","0","0","0"
"16915.277479899","100","100","100","0","0","0"
"16925.266418879","100","100","100","0","0","0"
"16935.270480032","100","100","100","0","0","0"
"16945.265988632","100","100","100","0","0","0"
"16955.276396878","100","100","100","0","0","0"
"16965.275233045","100","100","100","0","0","0"
"16975.273733658","100","100","100","0","0","0"
"16985.270988757","100","100","100","0","0","0"
"16995.27041825","100","100","100","0","0","0"
"17005.266365269","100","100","100","0","0","0"
"17015.265749854","100","100","100","0","0","0"
"17025.26652776","100","100","100","0","0","0"
"17035.271809925","100","100","100","0","0","0"
"17045.267520505","100","100","100","0","0","0"
"17055.267542232","100","100","100","0","0","0"
"17065.266381814","100","100","100","0","0","0"
"17075.265854354","100","100","100","0","0","0"
"17085.26764254","100","100","100","0","0","0"
"17095.266886506","100","100","100","0","0","0"
"17105.268292629","100","100","100","0","0","0"
"17115.267400394","100","100","100","0","0","0"
"17125.273721878","100","100","100","0","0","0"
"17135.269207574","100","100","100","0","0","0"
"17145.266985293","100","100","100","0","0","0"
"17155.266730958","100","100","100","0","0","0"
"17165.27448226","100","100","100","0","0","0"
"17175.272359785","100","100","100","0","0","0"
"17185.269398818","100","100","100","0","0","0"
"17195.271419732","99","99","99","0","0","0"
"17205.27161842","100","100","100","0","0","0"
"17215.265827659","100","100","100","0","0","0"
"17225.266828393","100","100","100","0","0","0"
"17235.26744937","100","100","100","0","0","0"
"17245.272881689","100","100","100","0","0","0"
"17255.267158734","100","100","100","0","0","0"
"17265.265956664","100","100","100","0","0","0"
"17275.26617967","100","100","100","0","0","0"
"17285.26778534","100","100","100","0","0","0"
"17295.27063506","100","100","100","0","0","0"
"17305.267730595","100","100","100","0","0","0"
"17315.267349426","100","100","100","0","0","0"
"17325.268378118","100","100","100","0","0","0"
"17335.267402136","100","100","100","0","0","0"
"17345.266780663","100","100","100","0","0","0"
"17355.270233454","100","100","100","0","0","0"
"17365.265643144","100","100","100","0","0","0"
"17375.271250894","100","100","100","0","0","0"
"17385.272061748","100","100","100","0","0","0"
"17395.268697767","100","100","100","0","0","0"
"17405.269637208","100","100","100","0","0","0"
"17415.277929885","100","100","100","0","0","0"
"17425.268160463","100","100","100","0","0","0"
"17435.268400166","100","100","100","0","0","0"
"17445.267440765","100","100","100","0","0","0"
"17455.27121072","100","100","100","0","0","0"
"17465.267162014","100","100","100","0","0","0"
"17475.268585868","100","100","100","0","0","0"
"17485.282270923","100","100","100","0","0","0"
"17495.273576078","100","100","100","0","0","0"
"17505.268171168","100","100","100","0","0","0"
"17515.26515908","100","100","100","0","0","0"
"17525.268951401","100","100","100","0","0","0"
"17535.269452793","100","100","100","0","0","0"
"17545.266533594","100","100","100","0","0","0"
"17555.275919265","100","100","100","0","0","0"
"17565.268650228","100","100","100","0","0","0"
"17575.272761354","100","100","100","0","0","0"
"17585.268196801","100","100","100","0","0","0"
"17595.274957016","100","100","100","0","0","0"
"17605.266960683","100","100","100","0","0","0"
"17615.274020368","100","100","100","0","0","0"
"17625.269712483","100","100","100","0","0","0"
"17635.27506175","100","100","100","0","0","0"
"17645.265432946","100","100","100","0","0","0"
"17655.266257626","100","100","100","0","0","0"
"17665.270654035","100","100","100","0","0","0"
"17675.273184513","100","100","100","0","0","0"
"17685.267795064","100","100","100","0","0","0"
"17695.269475745","100","100","100","0","0","0"
"17705.269087141","90","90","90","0","0","0"
"17715.2678203","100","100","100","0","0","0"
"17725.266156326","100","100","100","0","0","0"
"17735.266457633","100","100","100","0","0","0"
"17745.27004891","100","100","100","0","0","0"
"17755.266823324","100","100","100","0","0","0"
"17765.277649124","100","100","100","0","0","0"
"17775.278195545","100","100","100","0","0","0"
"17785.266930754","100","100","100","0","0","0"
"17795.267971756","100","100","100","0","0","0"
"17805.279514047","100","100","100","0","0","0"
"17815.269591019","100","100","100","0","0","0"
"17825.270061996","100","100","100","0","0","0"
"17835.271824163","100","100","100","0","0","0"
"17845.26803061","100","100","100","0","0","0"
"17855.267670073","100","100","100","0","0","0"
"17865.269790215","100","100","100","0","0","0"
"17875.26741898","100","100","100","0","0","0"
"17885.273603884","100","100","100","0","0","0"
"17895.268801065","100","100","100","0","0","0"
"17905.267190954","100","100","100","0","0","0"
"17915.266183838","100","100","100","0","0","0"
"17925.273795371","100","100","100","0","0","0"
"17935.272437891","100","100","100","0","0","0"
"17945.267300383","100","100","100","0","0","0"
"17955.267904232","100","100","100","0","0","0"
"17965.269052908","100","100","100","0","0","0"
"17975.266330067","100","100","100","0","0","0"
"17985.269110924","100","100","100","0","0","0"
"17995.266145279","100","100","100","0","0","0"
"18005.273910511","100","100","100","0","0","0"
"18015.271839535","100","100","100","0","0","0"
"18025.266356255","100","100","100","0","0","0"
"18035.265080369","100","100","100","0","0","0"
"18045.273935694","100","100","100","0","0","0"
"18055.266782883","100","100","100","0","0","0"
"18065.27586016","100","100","100","0","0","0"
"18075.270207904","100","100","100","0","0","0"
"18085.265237079","100","100","100","0","0","0"
"18095.274436704","100","100","100","0","0","0"
"18105.28035631","100","100","100","0","0","0"
"18115.266027006","100","100","100","0","0","0"
"18125.270061676","100","100","100","0","0","0"
"18135.272021064","100","100","100","0","0","0"
"18145.279368302","100","100","100","0","0","0"
"18155.26698681","100","100","100","0","0","0"
"18165.267423983","100","100","100","0","0","0"
"18175.270756687","100","100","100","0","0","0"
"18185.267282018","100","100","100","0","0","0"
"18195.266100812","100","100","100","0","0","0"
"18205.26701551","100","100","100","0","0","0"
"18215.271504333","100","100","100","0","0","0"
"18225.267486552","100","100","100","0","0","0"
"18235.265482844","100","100","100","0","0","0"
"18245.266710183","100","100","100","0","0","0"
"18255.267767778","100","100","100","0","0","0"
"18265.267328932","100","100","100","0","0","0"
"18275.266077447","100","100","100","0","0","0"
"18285.276480207","100","100","100","0","0","0"
"18295.271579858","100","100","100","0","0","0"
"18305.266790475","100","100","100","0","0","0"
"18315.267231524","100","100","100","0","0","0"
"18325.271618059","100","100","100","0","0","0"
"18335.277495081","100","100","100","0","0","0"
"18345.27480356","100","100","100","0","0","0"
"18355.276915403","100","100","100","0","0","0"
"18365.274037109","100","100","100","0","0","0"
"18375.269240431","100","100","100","0","0","0"
"18385.273895017","100","100","100","0","0","0"
"18395.272742187","100","100","100","0","0","0"
"18405.276071668","100","100","100","0","0","0"
"18415.266060888","100","100","100","0","0","0"
"18425.268418275","100","100","100","0","0","0"
"18435.270287948","100","100","100","0","0","0"
"18445.27354475","100","100","100","0","0","0"
"18455.267122418","100","100","100","0","0","0"
"18465.271811288","100","100","100","0","0","0"
"18475.27081905","100","100","100","0","0","0"
"18485.26541244","90","90","90","0","0","0"
"18495.271555324","100","100","100","0","0","0"
"18505.267832353","100","100","100","0","0","0"
"18515.266732412","100","100","100","0","0","0"
"18525.266355675","100","100","100","0","0","0"
"18535.270500174","100","100","100","0","0","0"
"18545.273563592","100","100","100","0","0","0"
"18555.269769418","100","100","100","0","0","0"
"18565.267785226","100","100","100","0","0","0"
"18575.267475876","100","100","100","0","0","0"
"18585.275880229","100","100","100","0","0","0"
"18595.269194884","100","100","100","0","0","0"
"18605.266042408","100","100","100","0","0","0"
"18615.27605467","100","100","100","0","0","0"
"18625.268696211","100","100","100","0","0","0"
"18635.273787376","100","100","100","0","0","0"
"18645.268659872","100","100","100","0","0","0"
"18655.269623654","100","100","100","0","0","0"
"18665.266096033","100","100","100","0","0","0"
"18675.268245932","100","100","100","0","0","0"
"18685.267688686","100","100","100","0","0","0"
"18695.268959173","100","100","100","0","0","0"
"18705.267492369","100","100","100","0","0","0"
"18715.273139311","100","100","100","0","0","0"
"18725.267585609","100","100","100","0","0","0"
"18735.268802949","100","100","100","0","0","0"
"18745.266922048","100","100","100","0","0","0"
"18755.266907934","100","100","100","0","0","0"
"18765.272459815","100","100","100","0","0","0"
"18775.269118368","100","100","100","0","0","0"
"18785.277821136","100","100","100","0","0","0"
"18795.273333176","100","100","100","0","0","0"
"18805.267034245","100","100","100","0","0","0"
"18815.271389003","100","100","100","0","0","0"
"18825.267896317","100","100","100","0","0","0"
"18835.266384935","100","100","100","0","0","0"
"18845.271046046","100","100","100","0","0","0"
"18855.267490844","100","100","100","0","0","0"
"18865.266265951","100","100","100","0","0","0"
"18875.266054863","100","100","100","0","0","0"
"18885.268327089","99","99","99","0","0","0"
"18895.268509146","100","100","100","0","0","0"
"18905.267378832","100","100","100","0","0","0"
"18915.273659872","100","100","100","0","0","0"
"18925.266288228","100","100","100","0","0","0"
"18935.266467973","100","100","100","0","0","0"
"18945.267974705","100","100","100","0","0","0"
"18955.265913147","100","100","100","0","0","0"
"18965.266265118","100","100","100","0","0","0"
"18975.275199161","100","100","100","0","0","0"
"18985.275328832","100","100","100","0","0","0"
"18995.269108308","100","100","100","0","0","0"
"19005.266414887","100","100","100","0","0","0"
"19015.267211739","100","100","100","0","0","0"
"19025.276098937","100","100","100","0","0","0"
"19035.26585234","100","100","100","0","0","0"
"19045.269912025","100","100","100","0","0","0"
"19055.28117832","100","100","100","0","0","0"
"19065.267851011","100","100","100","0","0","0"
"19075.267422994","100","100","100","0","0","0"
"19085.269721692","100","100","100","0","0","0"
"19095.271279965","100","100","100","0","0","0"
"19105.268389166","100","100","100","0","0","0"
"19115.268018127","100","100","100","0","0","0"
"19125.269935355","100","100","100","0","0","0"
"19135.267790748","100","100","100","0","0","0"
"19145.267543858","100","100","100","0","0","0"
"19155.269145969","100","100","100","0","0","0"
"19165.270048711","100","100","100","0","0","0"
"19175.267828042","100","100","100","0","0","0"
"19185.268115385","100","100","100","0","0","0"
"19195.267564221","100","100","100","0","0","0"
"19205.267801383","100","100","100","0","0","0"
"19215.268777592","100","100","100","0","0","0"
"19225.267099193","100","100","100","0","0","0"
"19235.273727586","100","100","100","0","0","0"
"19245.268638825","100","100","100","0","0","0"
"19255.267406841","100","100","100","0","0","0"
"19265.271735897","100","100","100","0","0","0"
"19275.269903163","100","100","100","0","0","0"
"19285.265540874","100","100","100","0","0","0"
"19295.266968222","100","100","100","0","0","0"
"19305.267115978","100","100","100","0","0","0"
"19315.266656057","100","100","100","0","0","0"
"19325.27093873","100","100","100","0","0","0"
"19335.277933246","100","100","100","0","0","0"
"19345.266667019","100","100","100","0","0","0"
"19355.268659089","100","100","100","0","0","0"
"19365.277687197","100","100","100","0","0","0"
"19375.268581658","100","100","100","0","0","0"
"19385.266324726","100","100","100","0","0","0"
"19395.274102665","100","100","100","0","0","0"
"19405.270526973","100","100","100","0","0","0"
"19415.265966053","100","100","100","0","0","0"
"19425.266768985","100","100","100","0","0","0"
"19435.267897158","100","100","100","0","0","0"
"19445.269688371","100","100","100","0","0","0"
"19455.26933315","100","100","100","0","0","0"
"19465.26963784","100","100","100","0","0","0"
"19475.267519043","100","100","100","0","0","0"
"19485.267813907","100","100","100","0","0","0"
"19495.267403955","100","100","100","0","0","0"
"19505.280413686","100","100","100","0","0","0"
"19515.26764924","100","100","100","0","0","0"
"19525.269813851","100","100","100","0","0","0"
"19535.267458014","100","100","100","0","0","0"
"19545.274397443","100","100","100","0","0","0"
"19555.276986685","100","100","100","0","0","0"
"19565.267381545","100","100","100","0","0","0"
"19575.266617954","100","100","100","0","0","0"
"19585.265977942","100","100","100","0","0","0"
"19595.266903305","100","100","100","0","0","0"
"19605.2739174","100","100","100","0","0","0"
"19615.26859333","100","100","100","0","0","0"
"19625.265692785","100","100","100","0","0","0"
"19635.268219081","100","100","100","0","0","0"
"19645.273191445","100","100","100","0","0","0"
"19655.26680192","100","100","100","0","0","0"
"19665.275435698","100","100","100","0","0","0"
"19675.269243177","100","100","100","0","0","0"
"19685.268825351","100","100","100","0","0","0"
"19695.26692255","100","100","100","0","0","0"
"19705.266034451","100","100","100","0","0","0"
"19715.266304412","100","100","100","0","0","0"
"19725.26777561","100","100","100","0","0","0"
"19735.265830155","68","68","68","0","0","0"
"19745.275418375","80","80","80","0","0","0"
"19755.267863838","65","65","65","0","0","0"
"19765.265842439","81","81","81","0","0","0"
"19775.267780258","53","53","53","0","0","0"
"19785.267570961","71","71","71","0","0","0"
"19795.268287175","84","84","84","0","0","0"
"19805.266074941","89","89","89","0","0","0"
"19815.274512532","54","54","54","0","0","0"
"19825.26960977","80","80","80","0","0","0"
"19835.267077515","79","79","79","0","0","0"
"19845.265638707","72","72","72","0","0","0"
"20645.267958144","0","0","0","0","0","0"
"21775.267899982","16","16","16","0","0","0"
"21785.267030066","20","20","20","0","0","0"
"21795.266270352","0","0","0","0","0","0"
"21805.266304699","0","0","0","0","0","0"