"Relative Time (Process)","StudyAbroadGPT-7B-continued - system/gpu.0.memory","StudyAbroadGPT-7B-continued - system/gpu.0.memory__MIN","StudyAbroadGPT-7B-continued - system/gpu.0.memory__MAX","StudyAbroadGPT-7B-continued - system/gpu.1.memory","StudyAbroadGPT-7B-continued - system/gpu.1.memory__MIN","StudyAbroadGPT-7B-continued - system/gpu.1.memory__MAX"
"15.282726015","0","0","0","0","0","0"
"25.265648523","0","0","0","0","0","0"
"35.268134699","0","0","0","0","0","0"
"45.276054403","48","48","48","0","0","0"
"55.269090567","48","48","48","0","0","0"
"65.271829729","45","45","45","0","0","0"
"75.268575932","0","0","0","0","0","0"
"85.276529561","52","52","52","0","0","0"
"95.267709641","63","63","63","0","0","0"
"105.26622235","35","35","35","0","0","0"
"115.265448016","47","47","47","0","0","0"
"125.268289862","60","60","60","0","0","0"
"135.268787834","39","39","39","0","0","0"
"145.267607564","45","45","45","0","0","0"
"155.266615147","37","37","37","0","0","0"
"165.273888851","51","51","51","0","0","0"
"175.266194678","41","41","41","0","0","0"
"945.267685732","0","0","0","0","0","0"
"955.265614151","0","0","0","0","0","0"
"965.266567442","0","0","0","0","0","0"
"975.267032727","0","0","0","0","0","0"
"985.267835171","0","0","0","0","0","0"
"995.265477487","0","0","0","0","0","0"
"1005.267035756","0","0","0","0","0","0"
"1015.265546242","0","0","0","0","0","0"
"1035.2668394","0","0","0","0","0","0"
"1045.266411634","37","37","37","0","0","0"
"1055.265837761","55","55","55","0","0","0"
"1065.271039921","36","36","36","0","0","0"
"1075.268876502","41","41","41","0","0","0"
"1085.273139789","35","35","35","0","0","0"
"1095.267500395","58","58","58","0","0","0"
"1105.265939952","58","58","58","0","0","0"
"1115.26547951","36","36","36","0","0","0"
"1125.268191527","57","57","57","0","0","0"
"1135.267267404","37","37","37","0","0","0"
"1145.265542271","39","39","39","0","0","0"
"1155.270195255","64","64","64","0","0","0"
"1165.265521817","53","53","53","0","0","0"
"1175.26691707","42","42","42","0","0","0"
"1185.272515968","0","0","0","0","0","0"
"1195.266001313","37","37","37","0","0","0"
"1205.265507775","46","46","46","0","0","0"
"1215.273814613","43","43","43","0","0","0"
"1225.265528457","35","35","35","0","0","0"
"1235.265692333","50","50","50","0","0","0"
"1245.274446643","36","36","36","0","0","0"
"1255.275641964","55","55","55","0","0","0"
"1265.265354113","35","35","35","0","0","0"
"1275.270426836","46","46","46","0","0","0"
"1285.265503381","41","41","41","0","0","0"
"1295.268258961","35","35","35","0","0","0"
"1305.271934497","47","47","47","0","0","0"
"1315.265738672","48","48","48","0","0","0"
"1325.272673178","32","32","32","0","0","0"
"1335.275614913","45","45","45","0","0","0"
"1345.267954801","34","34","34","0","0","0"
"1355.265229372","40","40","40","0","0","0"
"1365.268519901","45","45","45","0","0","0"
"1375.267413549","43","43","43","0","0","0"
"1385.272998202","45","45","45","0","0","0"
"1395.268350244","35","35","35","0","0","0"
"1405.268613342","61","61","61","0","0","0"
"1415.267982808","51","51","51","0","0","0"
"1425.267386786","35","35","35","0","0","0"
"1435.26550606","48","48","48","0","0","0"
"1445.277250061","42","42","42","0","0","0"
"1455.266123245","35","35","35","0","0","0"
"1465.267954251","42","42","42","0","0","0"
"1475.271793395","49","49","49","0","0","0"
"1485.278676568","33","33","33","0","0","0"
"1495.266083721","57","57","57","0","0","0"
"1505.269389895","42","42","42","0","0","0"
"1515.26953179","55","55","55","0","0","0"
"1525.266012213","55","55","55","0","0","0"
"1535.266745837","36","36","36","0","0","0"
"1545.275819445","46","46","46","0","0","0"
"1555.271631822","52","52","52","0","0","0"
"1565.266599464","36","36","36","0","0","0"
"1575.265281584","49","49","49","0","0","0"
"1585.269237838","36","36","36","0","0","0"
"1595.26853866","45","45","45","0","0","0"
"1605.267992268","58","58","58","0","0","0"
"1615.267880841","52","52","52","0","0","0"
"1625.271129483","48","48","48","0","0","0"
"1635.276349915","53","53","53","0","0","0"
"1645.270105984","50","50","50","0","0","0"
"1655.265537282","37","37","37","0","0","0"
"1665.27384965","45","45","45","0","0","0"
"1675.26928571","33","33","33","0","0","0"
"1685.277326669","53","53","53","0","0","0"
"1695.268443525","52","52","52","0","0","0"
"1705.267053081","34","34","34","0","0","0"
"1715.269343698","55","55","55","0","0","0"
"1725.273265352","35","35","35","0","0","0"
"1735.268585195","46","46","46","0","0","0"
"1745.267097476","46","46","46","0","0","0"
"1755.265345918","36","36","36","0","0","0"
"1765.269911679","39","39","39","0","0","0"
"1775.266144078","48","48","48","0","0","0"
"1785.266635934","50","50","50","0","0","0"
"1795.267275418","56","56","56","0","0","0"
"1805.267045778","34","34","34","0","0","0"
"1815.26689334","42","42","42","0","0","0"
"1825.26683354","49","49","49","0","0","0"
"1835.271801952","38","38","38","0","0","0"
"1845.269770361","45","45","45","0","0","0"
"1855.27610869","35","35","35","0","0","0"
"1865.278790661","57","57","57","0","0","0"
"1875.266656143","57","57","57","0","0","0"
"1885.276794145","44","44","44","0","0","0"
"1895.271543898","48","48","48","0","0","0"
"1905.269028552","36","36","36","0","0","0"
"1915.270332614","54","54","54","0","0","0"
"1925.265761443","44","44","44","0","0","0"
"1935.272480052","36","36","36","0","0","0"
"1945.266799366","47","47","47","0","0","0"
"1955.271863979","61","61","61","0","0","0"
"1965.267282401","59","59","59","0","0","0"
"1975.267491962","38","38","38","0","0","0"
"1985.265093311","44","44","44","0","0","0"
"1995.268007845","51","51","51","0","0","0"
"2005.266706374","40","40","40","0","0","0"
"2015.266817986","51","51","51","0","0","0"
"2025.266251374","40","40","40","0","0","0"
"2035.265732348","34","34","34","0","0","0"
"2045.267223778","38","38","38","0","0","0"
"2055.274725907","37","37","37","0","0","0"
"2065.27115954","47","47","47","0","0","0"
"2075.26774375","44","44","44","0","0","0"
"2085.265976736","35","35","35","0","0","0"
"2095.270005366","57","57","57","0","0","0"
"2105.276182641","46","46","46","0","0","0"
"2115.268211421","34","34","34","0","0","0"
"2125.267017844","47","47","47","0","0","0"
"2135.266607762","48","48","48","0","0","0"
"2145.267921145","35","35","35","0","0","0"
"2155.269618332","51","51","51","0","0","0"
"2165.267561466","35","35","35","0","0","0"
"2175.266147109","60","60","60","0","0","0"
"2185.266571834","56","56","56","0","0","0"
"2195.269245093","33","33","33","0","0","0"
"2205.27263517","47","47","47","0","0","0"
"2215.265277177","47","47","47","0","0","0"
"2225.272642469","50","50","50","0","0","0"
"2235.267314278","51","51","51","0","0","0"
"2245.267459558","37","37","37","0","0","0"
"2255.274675387","47","47","47","0","0","0"
"2265.270022487","46","46","46","0","0","0"
"2275.281602606","34","34","34","0","0","0"
"2285.270281626","48","48","48","0","0","0"
"2295.27745621","50","50","50","0","0","0"
"2305.269133449","44","44","44","0","0","0"
"2315.268426861","58","58","58","0","0","0"
"2325.269286617","34","34","34","0","0","0"
"2335.269805861","43","43","43","0","0","0"
"2345.268670194","49","49","49","0","0","0"
"2355.268776163","43","43","43","0","0","0"
"2365.269933866","35","35","35","0","0","0"
"2375.270735103","51","51","51","0","0","0"
"2385.278791673","59","59","59","0","0","0"
"2395.26693152","63","63","63","0","0","0"
"2405.268414341","52","52","52","0","0","0"
"2415.268109819","34","34","34","0","0","0"
"2425.267155547","50","50","50","0","0","0"
"2435.266346117","34","34","34","0","0","0"
"2445.266166085","55","55","55","0","0","0"
"2455.273274064","48","48","48","0","0","0"
"2465.267590452","34","34","34","0","0","0"
"2475.266043811","39","39","39","0","0","0"
"2485.265839923","44","44","44","0","0","0"
"2495.266739408","37","37","37","0","0","0"
"2505.267934602","49","49","49","0","0","0"
"2515.271041929","34","34","34","0","0","0"
"2525.267353795","59","59","59","0","0","0"
"2535.26976709","35","35","35","0","0","0"
"2545.27037988","35","35","35","0","0","0"
"2555.267816106","45","45","45","0","0","0"
"2565.267601776","35","35","35","0","0","0"
"2575.265118334","43","43","43","0","0","0"
"2585.265934865","49","49","49","0","0","0"
"2595.268348133","36","36","36","0","0","0"
"2605.265436982","47","47","47","0","0","0"
"2615.271201909","51","51","51","0","0","0"
"2625.269559732","36","36","36","0","0","0"
"2635.273707077","49","49","49","0","0","0"
"2645.268105033","36","36","36","0","0","0"
"2655.267836099","44","44","44","0","0","0"
"2665.266293895","50","50","50","0","0","0"
"2675.278267345","35","35","35","0","0","0"
"2685.265511633","48","48","48","0","0","0"
"2695.266600786","34","34","34","0","0","0"
"2705.272781807","39","39","39","0","0","0"
"2715.269744156","52","52","52","0","0","0"
"2725.265505364","37","37","37","0","0","0"
"2735.270146616","42","42","42","0","0","0"
"2745.280402169","35","35","35","0","0","0"
"2755.276097714","46","46","46","0","0","0"
"2765.268603386","36","36","36","0","0","0"
"2775.268015315","53","53","53","0","0","0"
"2785.267317265","48","48","48","0","0","0"
"2795.267111057","60","60","60","0","0","0"
"2805.266532622","58","58","58","0","0","0"
"2815.270501722","36","36","36","0","0","0"
"2825.266518576","43","43","43","0","0","0"
"2835.267824103","36","36","36","0","0","0"
"2845.265712586","46","46","46","0","0","0"
"2855.265060446","45","45","45","0","0","0"
"2865.266951665","36","36","36","0","0","0"
"2875.267031396","45","45","45","0","0","0"
"2885.268632402","35","35","35","0","0","0"
"2895.265928464","47","47","47","0","0","0"
"2905.267130844","53","53","53","0","0","0"
"2915.269853103","49","49","49","0","0","0"
"2925.278221941","44","44","44","0","0","0"
"2935.276070701","36","36","36","0","0","0"
"2945.265646511","47","47","47","0","0","0"
"2955.272268848","38","38","38","0","0","0"
"2965.265286886","36","36","36","0","0","0"
"2975.26700083","51","51","51","0","0","0"
"2985.2660491","37","37","37","0","0","0"
"2995.268222264","47","47","47","0","0","0"
"3005.269070349","40","40","40","0","0","0"
"3015.265623971","42","42","42","0","0","0"
"3025.269203756","58","58","58","0","0","0"
"3035.269152952","34","34","34","0","0","0"
"3045.269588767","42","42","42","0","0","0"
"3055.269526513","35","35","35","0","0","0"
"3065.267139719","48","48","48","0","0","0"
"3075.279191049","43","43","43","0","0","0"
"3085.270902954","37","37","37","0","0","0"
"3095.270076773","45","45","45","0","0","0"
"3105.274963408","41","41","41","0","0","0"
"3115.270393832","66","66","66","0","0","0"
"3125.26795194","60","60","60","0","0","0"
"3135.268784579","49","49","49","0","0","0"
"3145.266816525","37","37","37","0","0","0"
"3155.27051942","46","46","46","0","0","0"
"3165.268498837","39","39","39","0","0","0"
"3175.267251274","41","41","41","0","0","0"
"3185.265566903","35","35","35","0","0","0"
"3195.275283592","56","56","56","0","0","0"
"3205.266435502","35","35","35","0","0","0"
"3215.268662772","45","45","45","0","0","0"
"3225.268206969","35","35","35","0","0","0"
"3235.273724345","49","49","49","0","0","0"
"3245.268435264","49","49","49","0","0","0"
"3255.271103186","35","35","35","0","0","0"
"3265.267122801","50","50","50","0","0","0"
"3275.265538709","32","32","32","0","0","0"
"3285.266646826","41","41","41","0","0","0"
"3295.267352692","43","43","43","0","0","0"
"3305.264893953","34","34","34","0","0","0"
"3315.268723197","62","62","62","0","0","0"
"3325.266827672","31","31","31","0","0","0"
"3335.276772017","61","61","61","0","0","0"
"3345.268926769","58","58","58","0","0","0"
"3355.268556798","54","54","54","0","0","0"
"3365.26710819","38","38","38","0","0","0"
"3375.267515237","34","34","34","0","0","0"
"3385.267909624","45","45","45","0","0","0"
"3395.265377318","43","43","43","0","0","0"
"3405.274094482","33","33","33","0","0","0"
"3415.272278842","55","55","55","0","0","0"
"3425.26842753","52","52","52","0","0","0"
"3435.270209751","43","43","43","0","0","0"
"3445.270338098","37","37","37","0","0","0"
"3455.2669032","33","33","33","0","0","0"
"3465.273420404","42","42","42","0","0","0"
"3475.269653671","37","37","37","0","0","0"
"3485.269522908","48","48","48","0","0","0"
"3495.26729341","59","59","59","0","0","0"
"3505.267397557","35","35","35","0","0","0"
"3515.267857542","43","43","43","0","0","0"
"3525.27032725","36","36","36","0","0","0"
"3535.268625025","60","60","60","0","0","0"
"3545.265003903","44","44","44","0","0","0"
"3555.26997253","33","33","33","0","0","0"
"3565.273418996","49","49","49","0","0","0"
"3575.268195737","53","53","53","0","0","0"
"3585.26582559","43","43","43","0","0","0"
"3595.268121905","50","50","50","0","0","0"
"3605.267472908","37","37","37","0","0","0"
"3615.273141294","53","53","53","0","0","0"
"3625.266851376","32","32","32","0","0","0"
"3635.26565782","42","42","42","0","0","0"
"3645.267749578","33","33","33","0","0","0"
"3655.272397374","56","56","56","0","0","0"
"3665.269606543","45","45","45","0","0","0"
"3675.270597783","43","43","43","0","0","0"
"3685.267994311","46","46","46","0","0","0"
"3695.268590445","51","51","51","0","0","0"
"3705.266582141","35","35","35","0","0","0"
"3715.268723163","43","43","43","0","0","0"
"3725.269654647","35","35","35","0","0","0"
"3735.269984925","50","50","50","0","0","0"
"3745.265890704","38","38","38","0","0","0"
"3755.267749161","46","46","46","0","0","0"
"3765.266643494","47","47","47","0","0","0"
"3775.265299793","35","35","35","0","0","0"
"3785.268005147","35","35","35","0","0","0"
"3795.267068091","42","42","42","0","0","0"
"3805.267598656","49","49","49","0","0","0"
"3815.267139402","35","35","35","0","0","0"
"3825.267305784","46","46","46","0","0","0"
"3835.265849396","55","55","55","0","0","0"
"3845.271409916","45","45","45","0","0","0"
"3855.267823007","40","40","40","0","0","0"
"3865.270247847","53","53","53","0","0","0"
"3875.266918617","58","58","58","0","0","0"
"3885.272401969","36","36","36","0","0","0"
"3895.27121305","35","35","35","0","0","0"
"3905.267759192","49","49","49","0","0","0"
"3915.272368051","34","34","34","0","0","0"
"3925.266281319","38","38","38","0","0","0"
"3935.268206974","51","51","51","0","0","0"
"3945.267196585","34","34","34","0","0","0"
"3955.265771097","62","62","62","0","0","0"
"3965.268397943","49","49","49","0","0","0"
"3975.267625979","35","35","35","0","0","0"
"3985.271219111","59","59","59","0","0","0"
"3995.266610805","35","35","35","0","0","0"
"4005.273735553","50","50","50","0","0","0"
"4015.266686821","61","61","61","0","0","0"
"4025.267165875","34","34","34","0","0","0"
"4035.276413417","58","58","58","0","0","0"
"4045.267300774","44","44","44","0","0","0"
"4055.264957835","37","37","37","0","0","0"
"4065.267786781","46","46","46","0","0","0"
"4075.275773729","36","36","36","0","0","0"
"4085.267142924","51","51","51","0","0","0"
"4095.266520784","42","42","42","0","0","0"
"4105.275108667","48","48","48","0","0","0"
"4115.276663836","62","62","62","0","0","0"
"4125.265455144","36","36","36","0","0","0"
"4135.26946361","37","37","37","0","0","0"
"4145.276639446","49","49","49","0","0","0"
"4155.267319856","36","36","36","0","0","0"
"4165.274283927","53","53","53","0","0","0"
"4175.26712252","35","35","35","0","0","0"
"4185.266233895","53","53","53","0","0","0"
"4195.26635952","35","35","35","0","0","0"
"4205.269411148","61","61","61","0","0","0"
"4215.26673456","56","56","56","0","0","0"
"4225.26550228","47","47","47","0","0","0"
"4235.267328264","43","43","43","0","0","0"
"4245.266318214","36","36","36","0","0","0"
"4255.266614958","47","47","47","0","0","0"
"4265.265517181","64","64","64","0","0","0"
"4275.272976763","46","46","46","0","0","0"
"4285.273362119","45","45","45","0","0","0"
"4295.265061183","40","40","40","0","0","0"
"4305.267671354","40","40","40","0","0","0"
"4315.265926034","49","49","49","0","0","0"
"4325.267251009","35","35","35","0","0","0"
"4335.269224025","48","48","48","0","0","0"
"4345.26694564","59","59","59","0","0","0"
"4355.270572955","40","40","40","0","0","0"
"4365.266378654","40","40","40","0","0","0"
"4375.265651501","35","35","35","0","0","0"
"4385.268049793","39","39","39","0","0","0"
"4395.268211414","43","43","43","0","0","0"
"4405.267714614","34","34","34","0","0","0"
"4415.271363374","54","54","54","0","0","0"
"4425.268786165","53","53","53","0","0","0"
"4435.267331869","37","37","37","0","0","0"
"4445.26683265","43","43","43","0","0","0"
"4455.26782635","44","44","44","0","0","0"
"4465.267118286","51","51","51","0","0","0"
"4475.268633217","54","54","54","0","0","0"
"4485.26775339","48","48","48","0","0","0"
"4495.266762529","41","41","41","0","0","0"
"4505.274477632","61","61","61","0","0","0"
"4515.274520474","45","45","45","0","0","0"
"4525.266903626","37","37","37","0","0","0"
"4535.265560312","47","47","47","0","0","0"
"4545.273385161","50","50","50","0","0","0"
"4555.26721518","50","50","50","0","0","0"
"4565.265499896","41","41","41","0","0","0"
"4575.269778184","34","34","34","0","0","0"
"4585.266883774","59","59","59","0","0","0"
"4595.265222364","51","51","51","0","0","0"
"4605.269847287","40","40","40","0","0","0"
"4615.267013194","42","42","42","0","0","0"
"4625.267484232","36","36","36","0","0","0"
"4635.267860473","43","43","43","0","0","0"
"4645.267600478","33","33","33","0","0","0"
"4655.271608586","45","45","45","0","0","0"
"4665.268299989","37","37","37","0","0","0"
"4675.26751027","39","39","39","0","0","0"
"4685.266286575","33","33","33","0","0","0"
"4695.269020222","60","60","60","0","0","0"
"4705.26771586","52","52","52","0","0","0"
"4715.266606133","45","45","45","0","0","0"
"4725.265748255","56","56","56","0","0","0"
"4735.270064113","35","35","35","0","0","0"
"4745.267499407","48","48","48","0","0","0"
"4755.266979495","40","40","40","0","0","0"
"4765.267470766","41","41","41","0","0","0"
"4775.266436876","53","53","53","0","0","0"
"4785.267799305","34","34","34","0","0","0"
"4795.265684789","41","41","41","0","0","0"
"4805.265177495","49","49","49","0","0","0"
"4815.266807389","43","43","43","0","0","0"
"4825.270000143","49","49","49","0","0","0"
"4835.265750418","35","35","35","0","0","0"
"4845.274690517","40","40","40","0","0","0"
"4855.269076041","48","48","48","0","0","0"
"4865.276600762","53","53","53","0","0","0"
"4875.266924693","36","36","36","0","0","0"
"4885.268453481","35","35","35","0","0","0"
"4895.268693889","46","46","46","0","0","0"
"4905.275992369","33","33","33","0","0","0"
"4915.268371933","39","39","39","0","0","0"
"4925.267113892","53","53","53","0","0","0"
"4935.27919284","36","36","36","0","0","0"
"4945.266736385","41","41","41","0","0","0"
"4955.264933407","52","52","52","0","0","0"
"4965.267596265","44","44","44","0","0","0"
"4975.267483481","47","47","47","0","0","0"
"4985.266788367","47","47","47","0","0","0"
"4995.267532653","51","51","51","0","0","0"
"5005.265115437","59","59","59","0","0","0"
"5015.27153468","36","36","36","0","0","0"
"5025.272049529","50","50","50","0","0","0"
"5035.268537376","35","35","35","0","0","0"
"5045.26741715","52","52","52","0","0","0"
"5055.267841617","46","46","46","0","0","0"
"5065.26559602","46","46","46","0","0","0"
"5075.267271604","59","59","59","0","0","0"
"5085.269293544","35","35","35","0","0","0"
"5095.267006693","43","43","43","0","0","0"
"5105.267314922","49","49","49","0","0","0"
"5115.266291201","54","54","54","0","0","0"
"5125.265724615","61","61","61","0","0","0"
"5135.266187905","37","37","37","0","0","0"
"5145.267763353","42","42","42","0","0","0"
"5155.273462842","40","40","40","0","0","0"
"5165.276403101","59","59","59","0","0","0"
"5175.271563312","59","59","59","0","0","0"
"5185.267206336","37","37","37","0","0","0"
"5195.265589683","53","53","53","0","0","0"
"5205.267792648","49","49","49","0","0","0"
"5215.270969732","33","33","33","0","0","0"
"5225.268759099","58","58","58","0","0","0"
"5235.265610403","62","62","62","0","0","0"
"5245.271084424","60","60","60","0","0","0"
"5255.269715935","42","42","42","0","0","0"
"5265.27437571","35","35","35","0","0","0"
"5275.268382728","43","43","43","0","0","0"
"5285.267564397","44","44","44","0","0","0"
"5295.276783446","38","38","38","0","0","0"
"5305.269612032","63","63","63","0","0","0"
"5315.274516796","36","36","36","0","0","0"
"5325.284928808","47","47","47","0","0","0"
"5335.265507851","34","34","34","0","0","0"
"5345.267073313","54","54","54","0","0","0"
"5355.266314418","55","55","55","0","0","0"
"5365.267197447","63","63","63","0","0","0"
"5375.266294043","48","48","48","0","0","0"
"5385.266353087","35","35","35","0","0","0"
"5395.267773171","54","54","54","0","0","0"
"5405.265548585","59","59","59","0","0","0"
"5415.268658984","35","35","35","0","0","0"
"5425.26856957","40","40","40","0","0","0"
"5435.265833728","44","44","44","0","0","0"
"5445.266763277","35","35","35","0","0","0"
"5455.267821483","45","45","45","0","0","0"
"5465.265281319","50","50","50","0","0","0"
"5475.269933096","47","47","47","0","0","0"
"5485.275016494","37","37","37","0","0","0"
"5495.275487052","42","42","42","0","0","0"
"5505.275937652","57","57","57","0","0","0"
"5515.27613732","35","35","35","0","0","0"
"5525.268709063","37","37","37","0","0","0"
"5535.265588392","48","48","48","0","0","0"
"5545.266375728","36","36","36","0","0","0"
"5555.274225934","42","42","42","0","0","0"
"5565.266261212","51","51","51","0","0","0"
"5575.268900167","36","36","36","0","0","0"
"5585.264945965","38","38","38","0","0","0"
"5595.265300676","46","46","46","0","0","0"
"5605.267850455","49","49","49","0","0","0"
"5615.267553434","46","46","46","0","0","0"
"5625.270299357","51","51","51","0","0","0"
"5635.267216317","47","47","47","0","0","0"
"5645.267517139","60","60","60","0","0","0"
"5655.268127221","33","33","33","0","0","0"
"5665.274790712","47","47","47","0","0","0"
"5675.26996395","34","34","34","0","0","0"
"5685.26583713","60","60","60","0","0","0"
"5695.268494597","33","33","33","0","0","0"
"5705.26754324","57","57","57","0","0","0"
"5715.266630139","47","47","47","0","0","0"
"5725.266980088","35","35","35","0","0","0"
"5735.267281439","42","42","42","0","0","0"
"5745.266848198","40","40","40","0","0","0"
"5755.269077492","45","45","45","0","0","0"
"5765.266697905","49","49","49","0","0","0"
"5775.267668704","47","47","47","0","0","0"
"5785.268586364","46","46","46","0","0","0"
"5795.274239431","36","36","36","0","0","0"
"5805.272994608","49","49","49","0","0","0"
"5815.268130037","47","47","47","0","0","0"
"5825.267222938","34","34","34","0","0","0"
"5835.266150224","59","59","59","0","0","0"
"5845.266233999","35","35","35","0","0","0"
"5855.26735575","52","52","52","0","0","0"
"5865.265848487","34","34","34","0","0","0"
"5875.268683511","52","52","52","0","0","0"
"5885.266616603","57","57","57","0","0","0"
"5895.26607862","35","35","35","0","0","0"
"5905.266242639","43","43","43","0","0","0"
"5915.267273191","42","42","42","0","0","0"
"5925.268047209","53","53","53","0","0","0"
"5935.273666155","53","53","53","0","0","0"
"5945.274342229","34","34","34","0","0","0"
"5955.268847884","36","36","36","0","0","0"
"5965.271374737","33","33","33","0","0","0"
"5975.271199327","46","46","46","0","0","0"
"5985.267929389","47","47","47","0","0","0"
"5995.265582978","47","47","47","0","0","0"
"6005.265023539","35","35","35","0","0","0"
"6015.271016868","41","41","41","0","0","0"
"6025.275186198","51","51","51","0","0","0"
"6035.267221564","34","34","34","0","0","0"
"6045.276702736","37","37","37","0","0","0"
"6055.275606555","31","31","31","0","0","0"
"6065.265721934","38","38","38","0","0","0"
"6075.267693803","38","38","38","0","0","0"
"6085.271742501","35","35","35","0","0","0"
"6095.275981395","47","47","47","0","0","0"
"6105.274769634","52","52","52","0","0","0"
"6115.267056885","57","57","57","0","0","0"
"6125.268451437","35","35","35","0","0","0"
"6135.268369822","39","39","39","0","0","0"
"6145.267553346","51","51","51","0","0","0"
"6155.269519362","34","34","34","0","0","0"
"6165.277378796","48","48","48","0","0","0"
"6175.26903679","50","50","50","0","0","0"
"6185.265467123","34","34","34","0","0","0"
"6195.274305167","42","42","42","0","0","0"
"6205.268079926","38","38","38","0","0","0"
"6215.268737001","60","60","60","0","0","0"
"6225.2660367","52","52","52","0","0","0"
"6235.268565539","35","35","35","0","0","0"
"6245.26642663","39","39","39","0","0","0"
"6255.267623485","49","49","49","0","0","0"
"6265.267818046","38","38","38","0","0","0"
"6275.26917742","41","41","41","0","0","0"
"6285.267225709","33","33","33","0","0","0"
"6295.272194858","43","43","43","0","0","0"
"6305.268300583","56","56","56","0","0","0"
"6315.268093415","48","48","48","0","0","0"
"6325.270108898","49","49","49","0","0","0"
"6335.265033828","35","35","35","0","0","0"
"6345.268498901","56","56","56","0","0","0"
"6355.266392848","47","47","47","0","0","0"
"6365.268633069","35","35","35","0","0","0"
"6375.267425707","48","48","48","0","0","0"
"6385.271801035","33","33","33","0","0","0"
"6395.271626093","38","38","38","0","0","0"
"6405.265698111","48","48","48","0","0","0"
"6415.27540635","49","49","49","0","0","0"
"6425.269061306","51","51","51","0","0","0"
"6435.267782121","36","36","36","0","0","0"
"6445.270612672","59","59","59","0","0","0"
"6455.267347696","35","35","35","0","0","0"
"6465.275207677","34","34","34","0","0","0"
"6475.274585848","61","61","61","0","0","0"
"6485.278296682","51","51","51","0","0","0"
"6495.269740958","36","36","36","0","0","0"
"6505.276111694","51","51","51","0","0","0"
"6515.268265732","40","40","40","0","0","0"
"6525.274278702","65","65","65","0","0","0"
"6535.270680161","44","44","44","0","0","0"
"6545.273087391","35","35","35","0","0","0"
"6555.277248723","40","40","40","0","0","0"
"6565.26728664","34","34","34","0","0","0"
"6575.268910592","52","52","52","0","0","0"
"6585.27318068","62","62","62","0","0","0"
"6595.266668499","56","56","56","0","0","0"
"6605.268957463","55","55","55","0","0","0"
"6615.266056867","35","35","35","0","0","0"
"6625.266957279","51","51","51","0","0","0"
"6635.265473202","34","34","34","0","0","0"
"6645.275069982","55","55","55","0","0","0"
"6655.266185363","52","52","52","0","0","0"
"6665.272476164","49","49","49","0","0","0"
"6675.27379124","60","60","60","0","0","0"
"6685.265847748","34","34","34","0","0","0"
"6695.267210123","47","47","47","0","0","0"
"6705.266051453","33","33","33","0","0","0"
"6715.266638701","45","45","45","0","0","0"
"6725.26536817","44","44","44","0","0","0"
"6735.266781159","47","47","47","0","0","0"
"6745.265794792","33","33","33","0","0","0"
"6755.265247524","47","47","47","0","0","0"
"6765.27254652","48","48","48","0","0","0"
"6775.274140466","38","38","38","0","0","0"
"6785.276503779","44","44","44","0","0","0"
"6795.267739525","34","34","34","0","0","0"
"6805.268997297","61","61","61","0","0","0"
"6815.266827316","69","69","69","0","0","0"
"6825.27073043","37","37","37","0","0","0"
"6835.266803449","41","41","41","0","0","0"
"6845.26717991","34","34","34","0","0","0"
"6855.265820758","59","59","59","0","0","0"
"6865.26973258","49","49","49","0","0","0"
"6875.271815064","49","49","49","0","0","0"
"6885.270234538","47","47","47","0","0","0"
"6895.271394991","46","46","46","0","0","0"
"6905.276211751","34","34","34","0","0","0"
"6915.271879911","45","45","45","0","0","0"
"6925.265851547","62","62","62","0","0","0"
"6935.270209841","55","55","55","0","0","0"
"6945.266836505","55","55","55","0","0","0"
"6955.281024488","36","36","36","0","0","0"
"6965.267114641","50","50","50","0","0","0"
"6975.269447562","34","34","34","0","0","0"
"6985.266076322","48","48","48","0","0","0"
"6995.268032843","48","48","48","0","0","0"
"7005.269211666","38","38","38","0","0","0"
"7015.275973268","45","45","45","0","0","0"
"7025.266663436","47","47","47","0","0","0"
"7035.275966887","39","39","39","0","0","0"
"7045.266856179","39","39","39","0","0","0"
"7055.273738355","42","42","42","0","0","0"
"7065.27536408","35","35","35","0","0","0"
"7075.270250738","35","35","35","0","0","0"
"7085.268842805","51","51","51","0","0","0"
"7095.27530527","40","40","40","0","0","0"
"7105.26739402","49","49","49","0","0","0"
"7115.269227128","42","42","42","0","0","0"
"7125.268434927","36","36","36","0","0","0"
"7135.267049822","46","46","46","0","0","0"
"7145.268309409","67","67","67","0","0","0"
"7155.271621196","49","49","49","0","0","0"
"7165.276411092","43","43","43","0","0","0"
"7175.27169243","58","58","58","0","0","0"
"7185.269609123","47","47","47","0","0","0"
"7195.267688967","62","62","62","0","0","0"
"7205.273443367","50","50","50","0","0","0"
"7215.268201523","36","36","36","0","0","0"
"7225.274729161","40","40","40","0","0","0"
"7235.267122906","49","49","49","0","0","0"
"7245.268250767","35","35","35","0","0","0"
"7255.266945083","54","54","54","0","0","0"
"7265.268025972","39","39","39","0","0","0"
"7275.266990506","50","50","50","0","0","0"
"7285.268288821","49","49","49","0","0","0"
"7295.271218815","35","35","35","0","0","0"
"7305.267316563","49","49","49","0","0","0"
"7315.275952994","43","43","43","0","0","0"
"7325.276754874","54","54","54","0","0","0"
"7335.26584027","54","54","54","0","0","0"
"7345.26973949","36","36","36","0","0","0"
"7355.267208853","42","42","42","0","0","0"
"7365.272405433","57","57","57","0","0","0"
"7375.267501486","37","37","37","0","0","0"
"7385.267184918","37","37","37","0","0","0"
"7395.268658993","35","35","35","0","0","0"
"7405.268187202","56","56","56","0","0","0"
"7415.271778622","46","46","46","0","0","0"
"7425.269521687","37","37","37","0","0","0"
"7435.267732106","44","44","44","0","0","0"
"7445.269841448","35","35","35","0","0","0"
"7455.268043542","47","47","47","0","0","0"
"7465.267290735","62","62","62","0","0","0"
"7475.265605866","35","35","35","0","0","0"
"7485.275522122","55","55","55","0","0","0"
"7495.267926875","53","53","53","0","0","0"
"7505.268156785","46","46","46","0","0","0"
"7515.267006019","51","51","51","0","0","0"
"7525.265817928","52","52","52","0","0","0"
"7535.269340155","53","53","53","0","0","0"
"7545.267848139","36","36","36","0","0","0"
"7555.26651911","40","40","40","0","0","0"
"7565.266729548","48","48","48","0","0","0"
"7575.268433576","52","52","52","0","0","0"
"7585.268014819","46","46","46","0","0","0"
"7595.266647835","49","49","49","0","0","0"
"7605.269019198","35","35","35","0","0","0"
"7615.275087414","44","44","44","0","0","0"
"7625.269495016","45","45","45","0","0","0"
"7635.266044262","37","37","37","0","0","0"
"7645.265143907","34","34","34","0","0","0"
"7655.277921309","55","55","55","0","0","0"
"7665.266522874","45","45","45","0","0","0"
"7675.267885473","33","33","33","0","0","0"
"7685.275161061","56","56","56","0","0","0"
"7695.271766802","40","40","40","0","0","0"
"7705.266417373","52","52","52","0","0","0"
"7715.275600026","36","36","36","0","0","0"
"7725.267828934","57","57","57","0","0","0"
"7735.266397064","45","45","45","0","0","0"
"7745.266627238","35","35","35","0","0","0"
"7755.267746496","51","51","51","0","0","0"
"7765.268902114","49","49","49","0","0","0"
"7775.275217284","35","35","35","0","0","0"
"7785.266388161","47","47","47","0","0","0"
"7795.275377311","42","42","42","0","0","0"
"7805.268452872","35","35","35","0","0","0"
"7815.267062358","40","40","40","0","0","0"
"7825.266807005","34","34","34","0","0","0"
"7835.265294444","58","58","58","0","0","0"
"7845.267664299","50","50","50","0","0","0"
"7855.272770023","37","37","37","0","0","0"
"7865.269935167","45","45","45","0","0","0"
"7875.266498156","35","35","35","0","0","0"
"7885.265273881","38","38","38","0","0","0"
"7895.27022877","45","45","45","0","0","0"
"7905.266345841","59","59","59","0","0","0"
"7915.276220111","51","51","51","0","0","0"
"7925.272496546","34","34","34","0","0","0"
"7935.26792506","40","40","40","0","0","0"
"7945.272976741","43","43","43","0","0","0"
"7955.265820771","34","34","34","0","0","0"
"7965.268185421","48","48","48","0","0","0"
"7975.26763435","67","67","67","0","0","0"
"7985.267074625","37","37","37","0","0","0"
"7995.277509251","41","41","41","0","0","0"
"8005.266427183","39","39","39","0","0","0"
"8015.269814234","61","61","61","0","0","0"
"8025.27158616","43","43","43","0","0","0"
"8035.275325862","57","57","57","0","0","0"
"8045.268843485","58","58","58","0","0","0"
"8055.266481915","36","36","36","0","0","0"
"8065.267674196","48","48","48","0","0","0"
"8075.268127008","45","45","45","0","0","0"
"8085.266431397","34","34","34","0","0","0"
"8095.27480162","37","37","37","0","0","0"
"8105.273339241","41","41","41","0","0","0"
"8115.269563651","36","36","36","0","0","0"
"8125.267104395","51","51","51","0","0","0"
"8135.2686717","38","38","38","0","0","0"
"8145.269789294","37","37","37","0","0","0"
"8155.266340802","55","55","55","0","0","0"
"8165.267592278","36","36","36","0","0","0"
"8175.271068852","49","49","49","0","0","0"
"8185.276717066","41","41","41","0","0","0"
"8195.268802094","35","35","35","0","0","0"
"8205.267729504","49","49","49","0","0","0"
"8215.268193634","37","37","37","0","0","0"
"8225.270518576","50","50","50","0","0","0"
"8235.267365274","45","45","45","0","0","0"
"8245.274156326","48","48","48","0","0","0"
"8255.273009137","53","53","53","0","0","0"
"8265.274999011","34","34","34","0","0","0"
"8275.265605066","51","51","51","0","0","0"
"8285.268252333","49","49","49","0","0","0"
"8295.269829436","40","40","40","0","0","0"
"8305.266998827","43","43","43","0","0","0"
"8315.265139827","73","73","73","0","0","0"
"8325.269405514","56","56","56","0","0","0"
"8335.274539372","59","59","59","0","0","0"
"8345.265611752","34","34","34","0","0","0"
"8355.267793384","41","41","41","0","0","0"
"8365.268409953","37","37","37","0","0","0"
"8375.276332272","49","49","49","0","0","0"
"8385.266576488","36","36","36","0","0","0"
"8395.266200728","47","47","47","0","0","0"
"8405.268607634","54","54","54","0","0","0"
"8415.276418391","53","53","53","0","0","0"
"8425.265950247","63","63","63","0","0","0"
"8435.272815348","46","46","46","0","0","0"
"8445.270626781","62","62","62","0","0","0"
"8455.267598784","36","36","36","0","0","0"
"8465.266206648","49","49","49","0","0","0"
"8475.268470184","60","60","60","0","0","0"
"8485.266612965","36","36","36","0","0","0"
"8495.26869236","49","49","49","0","0","0"
"8505.268440931","35","35","35","0","0","0"
"8515.27836093","62","62","62","0","0","0"
"8525.269459114","48","48","48","0","0","0"
"8535.267885106","44","44","44","0","0","0"
"8545.267454357","50","50","50","0","0","0"
"8555.26898574","37","37","37","0","0","0"
"8565.267413992","48","48","48","0","0","0"
"8575.276947969","48","48","48","0","0","0"
"8585.26742504","35","35","35","0","0","0"
"8595.267452625","58","58","58","0","0","0"
"8605.26826857","36","36","36","0","0","0"
"8615.265246389","39","39","39","0","0","0"
"8625.267366157","42","42","42","0","0","0"
"8635.265257041","36","36","36","0","0","0"
"8645.26585124","38","38","38","0","0","0"
"8655.273018165","44","44","44","0","0","0"
"8665.271073848","33","33","33","0","0","0"
"8675.268754561","68","68","68","0","0","0"
"8685.276414871","53","53","53","0","0","0"
"8695.268722379","36","36","36","0","0","0"
"8705.266311138","44","44","44","0","0","0"
"8715.276038951","60","60","60","0","0","0"
"8725.273343637","40","40","40","0","0","0"
"8735.265695031","63","63","63","0","0","0"
"8745.267935587","35","35","35","0","0","0"
"8755.269133347","53","53","53","0","0","0"
"8765.2715031","55","55","55","0","0","0"
"8775.270426213","40","40","40","0","0","0"
"8785.268191937","64","64","64","0","0","0"
"8795.265617615","33","33","33","0","0","0"
"8805.267776307","53","53","53","0","0","0"
"8815.274644143","61","61","61","0","0","0"
"8825.274660978","32","32","32","0","0","0"
"8835.278396458","45","45","45","0","0","0"
"8845.2654304","37","37","37","0","0","0"
"8855.267890467","49","49","49","0","0","0"
"8865.266228091","35","35","35","0","0","0"
"8875.269123862","46","46","46","0","0","0"
"8885.269069715","45","45","45","0","0","0"
"8895.267536322","35","35","35","0","0","0"
"8905.265244871","41","41","41","0","0","0"
"8915.271250323","35","35","35","0","0","0"
"8925.276096093","53","53","53","0","0","0"
"8935.276339074","71","71","71","0","0","0"
"8945.272748088","53","53","53","0","0","0"
"8955.269456822","47","47","47","0","0","0"
"8965.265281538","41","41","41","0","0","0"
"8975.271515029","56","56","56","0","0","0"
"8985.269014141","64","64","64","0","0","0"
"8995.265411324","41","41","41","0","0","0"
"9005.268323305","44","44","44","0","0","0"
"9015.265721188","44","44","44","0","0","0"
"9025.268935439","37","37","37","0","0","0"
"9035.266917739","48","48","48","0","0","0"
"9045.2719885","35","35","35","0","0","0"
"9055.274689111","41","41","41","0","0","0"
"9065.266909936","47","47","47","0","0","0"
"9075.270381377","34","34","34","0","0","0"
"9085.273346033","35","35","35","0","0","0"
"9095.269162505","34","34","34","0","0","0"
"9105.277780919","45","45","45","0","0","0"
"9115.277108299","52","52","52","0","0","0"
"9125.274484144","67","67","67","0","0","0"
"9135.271302515","47","47","47","0","0","0"
"9145.267071038","50","50","50","0","0","0"
"9155.266665828","36","36","36","0","0","0"
"9165.27909498","59","59","59","0","0","0"
"9175.266830065","32","32","32","0","0","0"
"9185.265888464","52","52","52","0","0","0"
"9195.274581797","44","44","44","0","0","0"
"9205.26662533","60","60","60","0","0","0"
"9215.267609008","33","33","33","0","0","0"
"9225.267113125","44","44","44","0","0","0"
"9235.26572732","40","40","40","0","0","0"
"9245.267498435","45","45","45","0","0","0"
"9255.26835974","42","42","42","0","0","0"
"9265.268277893","34","34","34","0","0","0"
"9275.270864159","42","42","42","0","0","0"
"9285.266752477","47","47","47","0","0","0"
"9295.273911527","46","46","46","0","0","0"
"9305.278531191","58","58","58","0","0","0"
"9315.270658917","36","36","36","0","0","0"
"9325.269537607","61","61","61","0","0","0"
"9335.265170431","47","47","47","0","0","0"
"9345.266301986","64","64","64","0","0","0"
"9355.266016364","48","48","48","0","0","0"
"9365.269590554","38","38","38","0","0","0"
"9375.267738864","46","46","46","0","0","0"
"9385.265588342","59","59","59","0","0","0"
"9395.265890702","58","58","58","0","0","0"
"9405.265575858","48","48","48","0","0","0"
"9415.267240293","54","54","54","0","0","0"
"9425.266128459","43","43","43","0","0","0"
"9435.268379195","42","42","42","0","0","0"
"9445.271881495","61","61","61","0","0","0"
"9455.266401686","48","48","48","0","0","0"
"9465.267981138","63","63","63","0","0","0"
"9475.273011463","39","39","39","0","0","0"
"9485.266715943","36","36","36","0","0","0"
"9495.269697907","52","52","52","0","0","0"
"9505.265893114","35","35","35","0","0","0"
"9515.272278192","49","49","49","0","0","0"
"9525.270337106","37","37","37","0","0","0"
"9535.268401599","52","52","52","0","0","0"
"9545.265462722","54","54","54","0","0","0"
"9555.267834371","37","37","37","0","0","0"
"9565.267606317","62","62","62","0","0","0"
"9575.267019192","50","50","50","0","0","0"
"9585.270231227","36","36","36","0","0","0"
"9595.26696636","63","63","63","0","0","0"
"9605.265903156","36","36","36","0","0","0"
"9615.26774542","36","36","36","0","0","0"
"9625.269185254","58","58","58","0","0","0"
"9635.267727176","47","47","47","0","0","0"
"9645.266396759","57","57","57","0","0","0"
"9655.272515105","58","58","58","0","0","0"
"9665.268029718","54","54","54","0","0","0"
"9675.269545992","36","36","36","0","0","0"
"9685.266314763","62","62","62","0","0","0"
"9695.269770489","36","36","36","0","0","0"
"9705.273319382","47","47","47","0","0","0"
"9715.275284489","46","46","46","0","0","0"
"9725.275064875","39","39","39","0","0","0"
"9735.26697469","35","35","35","0","0","0"
"9745.26799186","43","43","43","0","0","0"
"9755.26767202","35","35","35","0","0","0"
"9765.268969869","38","38","38","0","0","0"
"9775.269105248","48","48","48","0","0","0"
"9785.26546911","40","40","40","0","0","0"
"9795.267035891","42","42","42","0","0","0"
"9805.267757588","39","39","39","0","0","0"
"9815.267301091","50","50","50","0","0","0"
"9825.268523093","48","48","48","0","0","0"
"9835.266586706","50","50","50","0","0","0"
"9845.267572181","35","35","35","0","0","0"
"9855.269326867","46","46","46","0","0","0"
"9865.26583842","58","58","58","0","0","0"
"9875.2674505","35","35","35","0","0","0"
"9885.277146634","41","41","41","0","0","0"
"9895.276915435","38","38","38","0","0","0"
"9905.268414401","41","41","41","0","0","0"
"9915.268494173","63","63","63","0","0","0"
"9925.268094982","36","36","36","0","0","0"
"9935.267883178","48","48","48","0","0","0"
"9945.267173253","35","35","35","0","0","0"
"9955.266417081","45","45","45","0","0","0"
"9965.268176628","32","32","32","0","0","0"
"9975.27028202","50","50","50","0","0","0"
"9985.275231515","41","41","41","0","0","0"
"9995.26710852","37","37","37","0","0","0"
"10005.266592913","46","46","46","0","0","0"
"10015.265942395","39","39","39","0","0","0"
"10025.266882367","43","43","43","0","0","0"
"10035.274240376","53","53","53","0","0","0"
"10045.266489421","44","44","44","0","0","0"
"10055.265271964","37","37","37","0","0","0"
"10065.266477145","53","53","53","0","0","0"
"10075.274032717","46","46","46","0","0","0"
"10085.270606121","54","54","54","0","0","0"
"10095.26805613","48","48","48","0","0","0"
"10105.266613224","42","42","42","0","0","0"
"10115.27366137","46","46","46","0","0","0"
"10125.267492647","41","41","41","0","0","0"
"10135.26632014","45","45","45","0","0","0"
"10145.275637772","61","61","61","0","0","0"
"10155.274389073","35","35","35","0","0","0"
"10165.271681037","51","51","51","0","0","0"
"10175.266929476","32","32","32","0","0","0"
"10185.27601364","59","59","59","0","0","0"
"10195.273921894","56","56","56","0","0","0"
"10205.266713278","34","34","34","0","0","0"
"10215.267529133","58","58","58","0","0","0"
"10225.267328462","34","34","34","0","0","0"
"10235.27131089","41","41","41","0","0","0"
"10245.273430352","51","51","51","0","0","0"
"10255.267188324","52","52","52","0","0","0"
"10265.270369132","38","38","38","0","0","0"
"10275.270676559","35","35","35","0","0","0"
"10285.268403167","34","34","34","0","0","0"
"10295.265949616","36","36","36","0","0","0"
"10305.268664659","48","48","48","0","0","0"
"10315.276636771","52","52","52","0","0","0"
"10325.265237176","49","49","49","0","0","0"
"10335.266270359","43","43","43","0","0","0"
"10345.266861708","39","39","39","0","0","0"
"10355.267100542","56","56","56","0","0","0"
"10365.275138559","36","36","36","0","0","0"
"10375.268321371","46","46","46","0","0","0"
"10385.272617733","50","50","50","0","0","0"
"10395.269447646","37","37","37","0","0","0"
"10405.268120934","50","50","50","0","0","0"
"10415.266327655","53","53","53","0","0","0"
"10425.268122194","37","37","37","0","0","0"
"10435.265821154","41","41","41","0","0","0"
"10445.268195629","43","43","43","0","0","0"
"10455.268367537","43","43","43","0","0","0"
"10465.273575112","46","46","46","0","0","0"
"10475.270161828","70","70","70","0","0","0"
"10485.268941863","42","42","42","0","0","0"
"10495.270851705","48","48","48","0","0","0"
"10505.267744754","42","42","42","0","0","0"
"10515.266745681","45","45","45","0","0","0"
"10525.27314148","46","46","46","0","0","0"
"10535.272423582","57","57","57","0","0","0"
"10545.277069862","59","59","59","0","0","0"
"10555.266217128","39","39","39","0","0","0"
"10565.267360402","33","33","33","0","0","0"
"10575.269752817","52","52","52","0","0","0"
"10585.26718195","41","41","41","0","0","0"
"10595.271510357","48","48","48","0","0","0"
"10605.270729018","54","54","54","0","0","0"
"10615.268672148","50","50","50","0","0","0"
"10625.269184481","41","41","41","0","0","0"
"10635.2742625","39","39","39","0","0","0"
"10645.268982781","42","42","42","0","0","0"
"10655.267762667","35","35","35","0","0","0"
"10665.266145121","44","44","44","0","0","0"
"10675.269845119","34","34","34","0","0","0"
"10685.267648117","61","61","61","0","0","0"
"10695.265595034","50","50","50","0","0","0"
"10705.267160422","46","46","46","0","0","0"
"10715.277297908","55","55","55","0","0","0"
"10725.269593704","35","35","35","0","0","0"
"10735.265542756","49","49","49","0","0","0"
"10745.275053239","48","48","48","0","0","0"
"10755.266120147","37","37","37","0","0","0"
"10765.266424015","49","49","49","0","0","0"
"10775.269341847","50","50","50","0","0","0"
"10785.26654148","40","40","40","0","0","0"
"10795.267407098","47","47","47","0","0","0"
"10805.268069518","63","63","63","0","0","0"
"10815.275896005","56","56","56","0","0","0"
"10825.27051549","47","47","47","0","0","0"
"10835.267405828","44","44","44","0","0","0"
"10845.268449971","38","38","38","0","0","0"
"10855.266159456","51","51","51","0","0","0"
"10865.267026153","60","60","60","0","0","0"
"10875.269204538","54","54","54","0","0","0"
"10885.267271872","45","45","45","0","0","0"
"10895.268760155","36","36","36","0","0","0"
"10905.266133112","44","44","44","0","0","0"
"10915.266576658","59","59","59","0","0","0"
"10925.273243576","35","35","35","0","0","0"
"10935.276969204","38","38","38","0","0","0"
"10945.269022399","45","45","45","0","0","0"
"10955.265258336","34","34","34","0","0","0"
"10965.267129206","47","47","47","0","0","0"
"10975.265564529","48","48","48","0","0","0"
"10985.270181721","34","34","34","0","0","0"
"10995.267611034","50","50","50","0","0","0"
"11005.271347643","34","34","34","0","0","0"
"11015.265777065","44","44","44","0","0","0"
"11025.267009504","44","44","44","0","0","0"
"11035.268057168","33","33","33","0","0","0"
"11045.271569455","48","48","48","0","0","0"
"11055.266576665","59","59","59","0","0","0"
"11065.266721744","34","34","34","0","0","0"
"11075.265969225","55","55","55","0","0","0"
"11085.268079755","47","47","47","0","0","0"
"11095.267429576","36","36","36","0","0","0"
"11105.269010686","55","55","55","0","0","0"
"11115.265910048","34","34","34","0","0","0"
"11125.268098988","49","49","49","0","0","0"
"11135.265105005","46","46","46","0","0","0"
"11145.281379656","40","40","40","0","0","0"
"11155.267441517","40","40","40","0","0","0"
"11165.267428142","40","40","40","0","0","0"
"11175.268502918","54","54","54","0","0","0"
"11185.265655758","39","39","39","0","0","0"
"11195.267227589","47","47","47","0","0","0"
"11205.270754276","42","42","42","0","0","0"
"11215.270189063","46","46","46","0","0","0"
"11225.266849414","44","44","44","0","0","0"
"11235.269388101","35","35","35","0","0","0"
"11245.269857195","45","45","45","0","0","0"
"11255.266106521","45","45","45","0","0","0"
"11265.269849527","36","36","36","0","0","0"
"11275.265838888","58","58","58","0","0","0"
"11285.279343117","45","45","45","0","0","0"
"11295.266258346","49","49","49","0","0","0"
"11305.274984812","41","41","41","0","0","0"
"11315.269899843","34","34","34","0","0","0"
"11325.266134502","53","53","53","0","0","0"
"11335.269309369","68","68","68","0","0","0"
"11345.268794346","33","33","33","0","0","0"
"11355.268207606","51","51","51","0","0","0"
"11365.276864589","35","35","35","0","0","0"
"11375.267108886","48","48","48","0","0","0"
"11385.26631145","53","53","53","0","0","0"
"11395.265792404","47","47","47","0","0","0"
"11405.26562448","41","41","41","0","0","0"
"11415.269370685","42","42","42","0","0","0"
"11425.266978692","50","50","50","0","0","0"
"11435.268469647","50","50","50","0","0","0"
"11445.269196826","56","56","56","0","0","0"
"11455.26861219","37","37","37","0","0","0"
"11465.269520704","36","36","36","0","0","0"
"11475.271248197","47","47","47","0","0","0"
"11485.271791869","42","42","42","0","0","0"
"11495.270200963","57","57","57","0","0","0"
"11505.275170661","41","41","41","0","0","0"
"11515.275757952","47","47","47","0","0","0"
"11525.27374778","35","35","35","0","0","0"
"11535.271108855","41","41","41","0","0","0"
"11545.275835937","57","57","57","0","0","0"
"11555.272683491","59","59","59","0","0","0"
"11565.275117109","41","41","41","0","0","0"
"11575.265494234","35","35","35","0","0","0"
"11585.265688503","51","51","51","0","0","0"
"11595.275947864","58","58","58","0","0","0"
"11605.276168739","53","53","53","0","0","0"
"11615.266974412","33","33","33","0","0","0"
"11625.269454221","58","58","58","0","0","0"
"11635.267408474","57","57","57","0","0","0"
"11645.271363075","61","61","61","0","0","0"
"11655.271374483","51","51","51","0","0","0"
"11665.265630965","36","36","36","0","0","0"
"11675.274043697","47","47","47","0","0","0"
"11685.269174239","35","35","35","0","0","0"
"11695.2754325","51","51","51","0","0","0"
"11705.270687622","56","56","56","0","0","0"
"11715.268272857","35","35","35","0","0","0"
"11725.266327501","55","55","55","0","0","0"
"11735.267466078","35","35","35","0","0","0"
"11745.266788337","50","50","50","0","0","0"
"11755.269390328","65","65","65","0","0","0"
"11765.268177158","41","41","41","0","0","0"
"11775.268597701","46","46","46","0","0","0"
"11785.269040545","42","42","42","0","0","0"
"11795.265701444","52","52","52","0","0","0"
"11805.267634503","35","35","35","0","0","0"
"11815.267393265","47","47","47","0","0","0"
"11825.265837074","34","34","34","0","0","0"
"11835.266121312","49","49","49","0","0","0"
"11845.27008683","47","47","47","0","0","0"
"11855.267172017","49","49","49","0","0","0"
"11865.269616657","34","34","34","0","0","0"
"11875.267773727","45","45","45","0","0","0"
"11885.274528276","49","49","49","0","0","0"
"11895.273283695","36","36","36","0","0","0"
"11905.267725231","41","41","41","0","0","0"
"11915.271377549","35","35","35","0","0","0"
"11925.273590003","49","49","49","0","0","0"
"11935.271757615","44","44","44","0","0","0"
"11945.267005046","37","37","37","0","0","0"
"11955.268064745","47","47","47","0","0","0"
"11965.275713815","35","35","35","0","0","0"
"11975.270746359","50","50","50","0","0","0"
"11985.266436403","51","51","51","0","0","0"
"11995.275325648","33","33","33","0","0","0"
"12005.266862467","54","54","54","0","0","0"
"12015.267884114","58","58","58","0","0","0"
"12025.27071965","37","37","37","0","0","0"
"12035.265251765","44","44","44","0","0","0"
"12045.269853346","37","37","37","0","0","0"
"12055.267491079","43","43","43","0","0","0"
"12065.267327754","50","50","50","0","0","0"
"12075.274363218","37","37","37","0","0","0"
"12085.268323544","52","52","52","0","0","0"
"12095.271937996","35","35","35","0","0","0"
"12105.271363841","41","41","41","0","0","0"
"12115.267397436","36","36","36","0","0","0"
"12125.274496153","40","40","40","0","0","0"
"12135.267907072","40","40","40","0","0","0"
"12145.267700611","33","33","33","0","0","0"
"12155.266227418","47","47","47","0","0","0"
"12165.266290599","34","34","34","0","0","0"
"12175.265630587","58","58","58","0","0","0"
"12185.266845295","34","34","34","0","0","0"
"12195.274661728","46","46","46","0","0","0"
"12205.271740414","46","46","46","0","0","0"
"12215.271000064","33","33","33","0","0","0"
"12225.276562369","55","55","55","0","0","0"
"12235.265264339","35","35","35","0","0","0"
"12245.266400752","47","47","47","0","0","0"
"12255.269627388","54","54","54","0","0","0"
"12265.272898991","36","36","36","0","0","0"
"12275.272731171","49","49","49","0","0","0"
"12285.272573181","45","45","45","0","0","0"
"12295.266767254","40","40","40","0","0","0"
"12305.267928064","53","53","53","0","0","0"
"12315.266969221","36","36","36","0","0","0"
"12325.268725579","60","60","60","0","0","0"
"12335.268846955","49","49","49","0","0","0"
"12345.265592148","34","34","34","0","0","0"
"12355.269216502","49","49","49","0","0","0"
"12365.272045079","42","42","42","0","0","0"
"12375.269285387","35","35","35","0","0","0"
"12385.272099657","51","51","51","0","0","0"
"12395.280495319","45","45","45","0","0","0"
"12405.267933802","51","51","51","0","0","0"
"12415.267278289","60","60","60","0","0","0"
"12425.266731581","35","35","35","0","0","0"
"12435.279259321","43","43","43","0","0","0"
"12445.272354694","42","42","42","0","0","0"
"12455.265696145","41","41","41","0","0","0"
"12465.274214987","44","44","44","0","0","0"
"12475.268474355","50","50","50","0","0","0"
"12485.26626747","58","58","58","0","0","0"
"12495.266951018","37","37","37","0","0","0"
"12505.268865841","44","44","44","0","0","0"
"12515.265760342","36","36","36","0","0","0"
"12525.26939346","51","51","51","0","0","0"
"12535.276647872","46","46","46","0","0","0"
"12545.267361241","37","37","37","0","0","0"
"12555.266749886","42","42","42","0","0","0"
"12565.276502009","57","57","57","0","0","0"
"12575.266539019","49","49","49","0","0","0"
"12585.269629984","37","37","37","0","0","0"
"12595.27073349","50","50","50","0","0","0"
"12605.274351484","45","45","45","0","0","0"
"12615.268866744","36","36","36","0","0","0"
"12625.265510852","48","48","48","0","0","0"
"12635.266951617","60","60","60","0","0","0"
"12645.269524736","36","36","36","0","0","0"
"12655.266093784","51","51","51","0","0","0"
"12665.267245065","55","55","55","0","0","0"
"12675.273632815","59","59","59","0","0","0"
"12685.266992428","42","42","42","0","0","0"
"12695.26689422","33","33","33","0","0","0"
"12705.268311872","52","52","52","0","0","0"
"12715.265901968","50","50","50","0","0","0"
"12725.265735418","39","39","39","0","0","0"
"12735.268173582","49","49","49","0","0","0"
"12745.265150377","47","47","47","0","0","0"
"12755.265354609","52","52","52","0","0","0"
"12765.266105652","44","44","44","0","0","0"
"12775.271698672","39","39","39","0","0","0"
"12785.265342144","36","36","36","0","0","0"
"12795.270426017","63","63","63","0","0","0"
"12805.269276446","37","37","37","0","0","0"
"12815.267384355","54","54","54","0","0","0"
"12825.269622485","47","47","47","0","0","0"
"12835.276390595","53","53","53","0","0","0"
"12845.269732581","47","47","47","0","0","0"
"12855.269584015","35","35","35","0","0","0"
"12865.269063744","55","55","55","0","0","0"
"12875.268205567","35","35","35","0","0","0"
"12885.266551482","47","47","47","0","0","0"
"12895.268356317","50","50","50","0","0","0"
"12905.267753647","35","35","35","0","0","0"
"12915.276278731","49","49","49","0","0","0"
"12925.266310371","35","35","35","0","0","0"
"12935.269160322","51","51","51","0","0","0"
"12945.272159906","53","53","53","0","0","0"
"12955.275733197","34","34","34","0","0","0"
"12965.270380553","48","48","48","0","0","0"
"12975.271294877","42","42","42","0","0","0"
"12985.267631093","45","45","45","0","0","0"
"12995.26563779","52","52","52","0","0","0"
"13005.266320517","40","40","40","0","0","0"
"13015.267496005","50","50","50","0","0","0"
"13025.275591635","50","50","50","0","0","0"
"13035.268013426","36","36","36","0","0","0"
"13045.2736964","41","41","41","0","0","0"
"13055.267475757","35","35","35","0","0","0"
"13065.266218994","46","46","46","0","0","0"
"13075.269669946","49","49","49","0","0","0"
"13085.268362479","38","38","38","0","0","0"
"13095.266070308","49","49","49","0","0","0"
"13105.269353336","32","32","32","0","0","0"
"13115.277540591","36","36","36","0","0","0"
"13125.277641284","52","52","52","0","0","0"
"13135.267784994","37","37","37","0","0","0"
"13145.276122155","51","51","51","0","0","0"
"13155.27359626","53","53","53","0","0","0"
"13165.26846478","44","44","44","0","0","0"
"13175.268964853","47","47","47","0","0","0"
"13185.277128387","34","34","34","0","0","0"
"13195.267379563","42","42","42","0","0","0"
"13205.265400955","45","45","45","0","0","0"
"13215.26740156","34","34","34","0","0","0"
"13225.267285194","58","58","58","0","0","0"
"13235.268127691","43","43","43","0","0","0"
"13245.266620334","49","49","49","0","0","0"
"13255.272848807","38","38","38","0","0","0"
"13265.26826921","40","40","40","0","0","0"
"13275.280801906","42","42","42","0","0","0"
"13285.268534915","33","33","33","0","0","0"
"13295.269740741","49","49","49","0","0","0"
"13305.269088486","47","47","47","0","0","0"
"13315.267522259","39","39","39","0","0","0"
"13325.267215017","48","48","48","0","0","0"
"13335.268073319","38","38","38","0","0","0"
"13345.26564311","37","37","37","0","0","0"
"13355.272553054","44","44","44","0","0","0"
"13365.266792107","38","38","38","0","0","0"
"13375.273049343","52","52","52","0","0","0"
"13385.267999428","35","35","35","0","0","0"
"13395.267425644","49","49","49","0","0","0"
"13405.267124142","41","41","41","0","0","0"
"13415.265516166","33","33","33","0","0","0"
"13425.271498278","48","48","48","0","0","0"
"13435.273240948","55","55","55","0","0","0"
"13445.276299375","52","52","52","0","0","0"
"13455.270926914","54","54","54","0","0","0"
"13465.269596076","34","34","34","0","0","0"
"13475.277436541","44","44","44","0","0","0"
"13485.269702326","34","34","34","0","0","0"
"13495.26575536","50","50","50","0","0","0"
"13505.26765581","45","45","45","0","0","0"
"13515.276295325","37","37","37","0","0","0"
"13525.276022136","40","40","40","0","0","0"
"13535.27627935","35","35","35","0","0","0"
"13545.267688516","39","39","39","0","0","0"
"13555.266298328","33","33","33","0","0","0"
"13565.276373667","57","57","57","0","0","0"
"13575.266317798","49","49","49","0","0","0"
"13585.265857983","40","40","40","0","0","0"
"13595.271291391","41","41","41","0","0","0"
"13605.269277043","50","50","50","0","0","0"
"13615.270262396","49","49","49","0","0","0"
"13625.273849432","49","49","49","0","0","0"
"13635.267313588","52","52","52","0","0","0"
"13645.266825115","42","42","42","0","0","0"
"13655.265170602","40","40","40","0","0","0"
"13665.266173332","48","48","48","0","0","0"
"13675.267185317","42","42","42","0","0","0"
"13685.266664427","42","42","42","0","0","0"
"13695.269700089","61","61","61","0","0","0"
"13705.272052584","44","44","44","0","0","0"
"13715.266624303","58","58","58","0","0","0"
"13725.266326191","61","61","61","0","0","0"
"13735.268025369","35","35","35","0","0","0"
"13745.27085077","56","56","56","0","0","0"
"13755.271365516","35","35","35","0","0","0"
"13765.276503647","48","48","48","0","0","0"
"13775.268787699","43","43","43","0","0","0"
"13785.265842741","33","33","33","0","0","0"
"13795.265196294","45","45","45","0","0","0"
"13805.26651527","45","45","45","0","0","0"
"13815.265840167","52","52","52","0","0","0"
"13825.266013531","59","59","59","0","0","0"
"13835.270484096","60","60","60","0","0","0"
"13845.269808457","33","33","33","0","0","0"
"13855.268822154","57","57","57","0","0","0"
"13865.267711011","50","50","50","0","0","0"
"13875.269110898","33","33","33","0","0","0"
"13885.268493689","40","40","40","0","0","0"
"13895.267771328","37","37","37","0","0","0"
"13905.267700194","44","44","44","0","0","0"
"13915.275521495","46","46","46","0","0","0"
"13925.267300761","52","52","52","0","0","0"
"13935.267302446","48","48","48","0","0","0"
"13945.267001672","45","45","45","0","0","0"
"13955.265188173","36","36","36","0","0","0"
"13965.270215628","43","43","43","0","0","0"
"13975.265990456","48","48","48","0","0","0"
"13985.265504628","33","33","33","0","0","0"
"13995.267852072","62","62","62","0","0","0"
"14005.272851055","46","46","46","0","0","0"
"14015.280789529","52","52","52","0","0","0"
"14025.268132628","35","35","35","0","0","0"
"14035.268329493","50","50","50","0","0","0"
"14045.271255687","37","37","37","0","0","0"
"14055.283387048","52","52","52","0","0","0"
"14065.268166009","62","62","62","0","0","0"
"14075.27799069","46","46","46","0","0","0"
"14085.270883463","50","50","50","0","0","0"
"14095.266368827","57","57","57","0","0","0"
"14105.266394786","59","59","59","0","0","0"
"14115.26843246","47","47","47","0","0","0"
"14125.265740162","37","37","37","0","0","0"
"14135.269055079","50","50","50","0","0","0"
"14145.26730688","36","36","36","0","0","0"
"14155.270968103","44","44","44","0","0","0"
"14165.269838095","43","43","43","0","0","0"
"14175.267936164","38","38","38","0","0","0"
"14185.27483906","47","47","47","0","0","0"
"14195.266114426","48","48","48","0","0","0"
"14205.270091246","37","37","37","0","0","0"
"14215.266579938","50","50","50","0","0","0"
"14225.270122539","58","58","58","0","0","0"
"14235.266055328","59","59","59","0","0","0"
"14245.274256541","44","44","44","0","0","0"
"14255.267119151","41","41","41","0","0","0"
"14265.266301658","41","41","41","0","0","0"
"14275.265623413","45","45","45","0","0","0"
"14285.271538621","35","35","35","0","0","0"
"14295.285433962","47","47","47","0","0","0"
"14305.278564321","54","54","54","0","0","0"
"14315.265603642","34","34","34","0","0","0"
"14325.267814348","44","44","44","0","0","0"
"14335.267961075","49","49","49","0","0","0"
"14345.265742273","34","34","34","0","0","0"
"14355.270102395","51","51","51","0","0","0"
"14365.266115105","34","34","34","0","0","0"
"14375.270732565","46","46","46","0","0","0"
"14385.27568783","38","38","38","0","0","0"
"14395.266652234","34","34","34","0","0","0"
"14405.275039852","54","54","54","0","0","0"
"14415.266643388","39","39","39","0","0","0"
"14425.265899921","53","53","53","0","0","0"
"14435.267525062","60","60","60","0","0","0"
"14445.272019727","37","37","37","0","0","0"
"14455.269457223","47","47","47","0","0","0"
"14465.274536939","45","45","45","0","0","0"
"14475.265473467","35","35","35","0","0","0"
"14485.26520935","49","49","49","0","0","0"
"14495.267797593","60","60","60","0","0","0"
"14505.268631443","42","42","42","0","0","0"
"14515.269797401","49","49","49","0","0","0"
"14525.267247547","61","61","61","0","0","0"
"14535.267057434","58","58","58","0","0","0"
"14545.268232064","48","48","48","0","0","0"
"14555.268497093","41","41","41","0","0","0"
"14565.278783151","50","50","50","0","0","0"
"14575.26933475","42","42","42","0","0","0"
"14585.268153618","44","44","44","0","0","0"
"14595.270702146","47","47","47","0","0","0"
"14605.265022005","51","51","51","0","0","0"
"14615.266524231","34","34","34","0","0","0"
"14625.268044768","60","60","60","0","0","0"
"14635.268742676","57","57","57","0","0","0"
"14645.273750457","36","36","36","0","0","0"
"14655.267652631","49","49","49","0","0","0"
"14665.268010571","39","39","39","0","0","0"
"14675.265590035","42","42","42","0","0","0"
"14685.272265332","40","40","40","0","0","0"
"14695.266147858","36","36","36","0","0","0"
"14705.266365829","53","53","53","0","0","0"
"14715.268837929","37","37","37","0","0","0"
"14725.268356439","45","45","45","0","0","0"
"14735.266944043","33","33","33","0","0","0"
"14745.276647089","38","38","38","0","0","0"
"14755.267330248","50","50","50","0","0","0"
"14765.266156141","35","35","35","0","0","0"
"14775.267663537","63","63","63","0","0","0"
"14785.270430042","43","43","43","0","0","0"
"14795.269586772","40","40","40","0","0","0"
"14805.267986548","62","62","62","0","0","0"
"14815.267440146","50","50","50","0","0","0"
"14825.270575942","51","51","51","0","0","0"
"14835.278815471","42","42","42","0","0","0"
"14845.270363798","34","34","34","0","0","0"
"14855.265987438","46","46","46","0","0","0"
"14865.275627417","59","59","59","0","0","0"
"14875.272344081","36","36","36","0","0","0"
"14885.269759778","51","51","51","0","0","0"
"14895.272780099","49","49","49","0","0","0"
"14905.27677227","36","36","36","0","0","0"
"14915.2682258","36","36","36","0","0","0"
"14925.268442494","49","49","49","0","0","0"
"14935.277036265","37","37","37","0","0","0"
"14945.267431979","48","48","48","0","0","0"
"14955.267197981","54","54","54","0","0","0"
"14965.265526825","36","36","36","0","0","0"
"14975.265472468","43","43","43","0","0","0"
"14985.267234722","58","58","58","0","0","0"
"14995.267517258","50","50","50","0","0","0"
"15005.266545503","46","46","46","0","0","0"
"15015.268323536","61","61","61","0","0","0"
"15025.266187","38","38","38","0","0","0"
"15035.268180459","42","42","42","0","0","0"
"15045.268422305","43","43","43","0","0","0"
"15055.273708669","39","39","39","0","0","0"
"15065.27484945","44","44","44","0","0","0"
"15075.275100741","61","61","61","0","0","0"
"15085.269355434","34","34","34","0","0","0"
"15095.267858538","36","36","36","0","0","0"
"15105.266941493","39","39","39","0","0","0"
"15115.265485707","41","41","41","0","0","0"
"15125.266802243","49","49","49","0","0","0"
"15135.266220885","43","43","43","0","0","0"
"15145.267124144","40","40","40","0","0","0"
"15155.271248864","49","49","49","0","0","0"
"15165.265461368","37","37","37","0","0","0"
"15175.275123767","48","48","48","0","0","0"
"15185.26810798","58","58","58","0","0","0"
"15195.266092617","57","57","57","0","0","0"
"15205.272033522","47","47","47","0","0","0"
"15215.271160934","48","48","48","0","0","0"
"15225.273208284","42","42","42","0","0","0"
"15235.273439707","53","53","53","0","0","0"
"15245.26710676","34","34","34","0","0","0"
"15255.268912026","51","51","51","0","0","0"
"15265.266160236","37","37","37","0","0","0"
"15275.269300646","50","50","50","0","0","0"
"15285.269497969","49","49","49","0","0","0"
"15295.275518919","34","34","34","0","0","0"
"15305.270763321","49","49","49","0","0","0"
"15315.266282112","37","37","37","0","0","0"
"15325.2650208","51","51","51","0","0","0"
"15335.273612786","47","47","47","0","0","0"
"15345.275816906","53","53","53","0","0","0"
"15355.267806282","44","44","44","0","0","0"
"15365.267858398","36","36","36","0","0","0"
"15375.267756093","63","63","63","0","0","0"
"15385.267136701","37","37","37","0","0","0"
"15395.277738152","51","51","51","0","0","0"
"15405.28034082","45","45","45","0","0","0"
"15415.275969129","37","37","37","0","0","0"
"15425.267067124","44","44","44","0","0","0"
"15435.265565009","69","69","69","0","0","0"
"15445.27005325","42","42","42","0","0","0"
"15455.266626205","50","50","50","0","0","0"
"15465.268288629","38","38","38","0","0","0"
"15475.272493022","39","39","39","0","0","0"
"15485.266259897","36","36","36","0","0","0"
"15495.268494652","50","50","50","0","0","0"
"15505.267718332","44","44","44","0","0","0"
"15515.26601148","34","34","34","0","0","0"
"15525.270340627","52","52","52","0","0","0"
"15535.2670479","35","35","35","0","0","0"
"15545.265635858","50","50","50","0","0","0"
"15555.273283609","58","58","58","0","0","0"
"15565.267248421","56","56","56","0","0","0"
"15575.266355113","39","39","39","0","0","0"
"15585.269938082","49","49","49","0","0","0"
"15595.278816598","44","44","44","0","0","0"
"15605.267089317","35","35","35","0","0","0"
"15615.270279286","48","48","48","0","0","0"
"15625.267941521","47","47","47","0","0","0"
"15635.27343026","34","34","34","0","0","0"
"15645.26837953","42","42","42","0","0","0"
"15655.27648345","67","67","67","0","0","0"
"15665.270236393","48","48","48","0","0","0"
"15675.270094647","36","36","36","0","0","0"
"15685.266787609","42","42","42","0","0","0"
"15695.268563569","50","50","50","0","0","0"
"15705.267664861","35","35","35","0","0","0"
"15715.278308602","42","42","42","0","0","0"
"15725.268727632","37","37","37","0","0","0"
"15735.271632743","46","46","46","0","0","0"
"15745.264856407","51","51","51","0","0","0"
"15755.268171439","45","45","45","0","0","0"
"15765.265691571","50","50","50","0","0","0"
"15775.269479389","37","37","37","0","0","0"
"15785.272183351","45","45","45","0","0","0"
"15795.269957938","39","39","39","0","0","0"
"15805.270164704","40","40","40","0","0","0"
"15815.267438706","47","47","47","0","0","0"
"15825.267091052","35","35","35","0","0","0"
"15835.268344722","50","50","50","0","0","0"
"15845.266382565","47","47","47","0","0","0"
"15855.26780523","41","41","41","0","0","0"
"15865.269361553","48","48","48","0","0","0"
"15875.26684416","36","36","36","0","0","0"
"15885.26819769","60","60","60","0","0","0"
"15895.267574888","58","58","58","0","0","0"
"15905.269667757","34","34","34","0","0","0"
"15915.270914582","44","44","44","0","0","0"
"15925.267816206","35","35","35","0","0","0"
"15935.268415561","59","59","59","0","0","0"
"15945.267000972","35","35","35","0","0","0"
"15955.266347742","51","51","51","0","0","0"
"15965.268086898","57","57","57","0","0","0"
"15975.267104798","45","45","45","0","0","0"
"15985.268400497","40","40","40","0","0","0"
"15995.276855766","35","35","35","0","0","0"
"16005.266809427","47","47","47","0","0","0"
"16015.267629075","41","41","41","0","0","0"
"16025.26533252","50","50","50","0","0","0"
"16035.270016975","47","47","47","0","0","0"
"16045.266977528","49","49","49","0","0","0"
"16055.267819803","48","48","48","0","0","0"
"16065.267149459","36","36","36","0","0","0"
"16075.266827419","59","59","59","0","0","0"
"16085.265455251","35","35","35","0","0","0"
"16095.269731301","52","52","52","0","0","0"
"16105.269101191","35","35","35","0","0","0"
"16115.268168675","57","57","57","0","0","0"
"16125.26904326","66","66","66","0","0","0"
"16135.270340154","41","41","41","0","0","0"
"16145.267500972","50","50","50","0","0","0"
"16155.26879724","35","35","35","0","0","0"
"16165.265410686","47","47","47","0","0","0"
"16175.268066374","36","36","36","0","0","0"
"16185.26931498","50","50","50","0","0","0"
"16195.266075711","39","39","39","0","0","0"
"16205.269393219","33","33","33","0","0","0"
"16215.271060782","36","36","36","0","0","0"
"16225.270780227","35","35","35","0","0","0"
"16235.267777123","50","50","50","0","0","0"
"16245.272170641","56","56","56","0","0","0"
"16255.267573451","34","34","34","0","0","0"
"16265.265327896","45","45","45","0","0","0"
"16275.268042279","44","44","44","0","0","0"
"16285.267229413","39","39","39","0","0","0"
"16295.276866746","47","47","47","0","0","0"
"16305.27506272","48","48","48","0","0","0"
"16315.266550279","35","35","35","0","0","0"
"16325.267828065","34","34","34","0","0","0"
"16335.270663444","46","46","46","0","0","0"
"16345.266907607","48","48","48","0","0","0"
"16355.26758267","36","36","36","0","0","0"
"16365.26790762","50","50","50","0","0","0"
"16375.270842069","48","48","48","0","0","0"
"16385.269269743","37","37","37","0","0","0"
"16395.276909449","47","47","47","0","0","0"
"16405.273405023","36","36","36","0","0","0"
"16415.278377172","47","47","47","0","0","0"
"16425.276114448","49","49","49","0","0","0"
"16435.266764401","50","50","50","0","0","0"
"16445.267026031","54","54","54","0","0","0"
"16455.266670442","35","35","35","0","0","0"
"16465.266630345","42","42","42","0","0","0"
"16475.274845752","61","61","61","0","0","0"
"16485.268300032","36","36","36","0","0","0"
"16495.268309289","35","35","35","0","0","0"
"16505.271673358","35","35","35","0","0","0"
"16515.274677258","61","61","61","0","0","0"
"16525.277882634","39","39","39","0","0","0"
"16535.26763649","41","41","41","0","0","0"
"16545.26851679","44","44","44","0","0","0"
"16555.266225545","35","35","35","0","0","0"
"16565.274232234","43","43","43","0","0","0"
"16575.274600319","47","47","47","0","0","0"
"16585.267648908","33","33","33","0","0","0"
"16595.268079939","40","40","40","0","0","0"
"16605.271912356","34","34","34","0","0","0"
"16615.278343979","42","42","42","0","0","0"
"16625.266007832","35","35","35","0","0","0"
"16635.268516869","41","41","41","0","0","0"
"16645.265275281","46","46","46","0","0","0"
"16655.271711917","35","35","35","0","0","0"
"16665.271796875","62","62","62","0","0","0"
"16675.267635438","51","51","51","0","0","0"
"16685.267859044","35","35","35","0","0","0"
"16695.266222829","46","46","46","0","0","0"
"16705.267630082","50","50","50","0","0","0"
"16715.265913333","48","48","48","0","0","0"
"16725.267712214","50","50","50","0","0","0"
"16735.277437782","40","40","40","0","0","0"
"16745.268086755","57","57","57","0","0","0"
"16755.267429573","53","53","53","0","0","0"
"16765.267705101","37","37","37","0","0","0"
"16775.274730936","41","41","41","0","0","0"
"16785.277513281","35","35","35","0","0","0"
"16795.266815992","45","45","45","0","0","0"
"16805.26791484","46","46","46","0","0","0"
"16815.271266225","36","36","36","0","0","0"
"16825.271361966","40","40","40","0","0","0"
"16835.266624054","36","36","36","0","0","0"
"16845.26810389","44","44","44","0","0","0"
"16855.267465426","45","45","45","0","0","0"
"16865.267116266","50","50","50","0","0","0"
"16875.268396428","45","45","45","0","0","0"
"16885.266113919","40","40","40","0","0","0"
"16895.266856584","34","34","34","0","0","0"
"16905.267199516","38","38","38","0","0","0"
"16915.277479899","43","43","43","0","0","0"
"16925.266418879","53","53","53","0","0","0"
"16935.270480032","50","50","50","0","0","0"
"16945.265988632","53","53","53","0","0","0"
"16955.276396878","51","51","51","0","0","0"
"16965.275233045","36","36","36","0","0","0"
"16975.273733658","51","51","51","0","0","0"
"16985.270988757","47","47","47","0","0","0"
"16995.27041825","35","35","35","0","0","0"
"17005.266365269","57","57","57","0","0","0"
"17015.265749854","36","36","36","0","0","0"
"17025.26652776","53","53","53","0","0","0"
"17035.271809925","46","46","46","0","0","0"
"17045.267520505","35","35","35","0","0","0"
"17055.267542232","53","53","53","0","0","0"
"17065.266381814","60","60","60","0","0","0"
"17075.265854354","35","35","35","0","0","0"
"17085.26764254","58","58","58","0","0","0"
"17095.266886506","37","37","37","0","0","0"
"17105.268292629","40","40","40","0","0","0"
"17115.267400394","36","36","36","0","0","0"
"17125.273721878","49","49","49","0","0","0"
"17135.269207574","49","49","49","0","0","0"
"17145.266985293","37","37","37","0","0","0"
"17155.266730958","49","49","49","0","0","0"
"17165.27448226","47","47","47","0","0","0"
"17175.272359785","35","35","35","0","0","0"
"17185.269398818","45","45","45","0","0","0"
"17195.271419732","38","38","38","0","0","0"
"17205.27161842","55","55","55","0","0","0"
"17215.265827659","59","59","59","0","0","0"
"17225.266828393","35","35","35","0","0","0"
"17235.26744937","48","48","48","0","0","0"
"17245.272881689","51","51","51","0","0","0"
"17255.267158734","51","51","51","0","0","0"
"17265.265956664","36","36","36","0","0","0"
"17275.26617967","36","36","36","0","0","0"
"17285.26778534","46","46","46","0","0","0"
"17295.27063506","35","35","35","0","0","0"
"17305.267730595","43","43","43","0","0","0"
"17315.267349426","43","43","43","0","0","0"
"17325.268378118","50","50","50","0","0","0"
"17335.267402136","47","47","47","0","0","0"
"17345.266780663","35","35","35","0","0","0"
"17355.270233454","47","47","47","0","0","0"
"17365.265643144","54","54","54","0","0","0"
"17375.271250894","37","37","37","0","0","0"
"17385.272061748","61","61","61","0","0","0"
"17395.268697767","36","36","36","0","0","0"
"17405.269637208","55","55","55","0","0","0"
"17415.277929885","39","39","39","0","0","0"
"17425.268160463","54","54","54","0","0","0"
"17435.268400166","61","61","61","0","0","0"
"17445.267440765","64","64","64","0","0","0"
"17455.27121072","56","56","56","0","0","0"
"17465.267162014","60","60","60","0","0","0"
"17475.268585868","47","47","47","0","0","0"
"17485.282270923","35","35","35","0","0","0"
"17495.273576078","52","52","52","0","0","0"
"17505.268171168","34","34","34","0","0","0"
"17515.26515908","37","37","37","0","0","0"
"17525.268951401","33","33","33","0","0","0"
"17535.269452793","44","44","44","0","0","0"
"17545.266533594","64","64","64","0","0","0"
"17555.275919265","48","48","48","0","0","0"
"17565.268650228","48","48","48","0","0","0"
"17575.272761354","49","49","49","0","0","0"
"17585.268196801","35","35","35","0","0","0"
"17595.274957016","46","46","46","0","0","0"
"17605.266960683","62","62","62","0","0","0"
"17615.274020368","55","55","55","0","0","0"
"17625.269712483","46","46","46","0","0","0"
"17635.27506175","36","36","36","0","0","0"
"17645.265432946","60","60","60","0","0","0"
"17655.266257626","35","35","35","0","0","0"
"17665.270654035","60","60","60","0","0","0"
"17675.273184513","49","49","49","0","0","0"
"17685.267795064","38","38","38","0","0","0"
"17695.269475745","47","47","47","0","0","0"
"17705.269087141","45","45","45","0","0","0"
"17715.2678203","56","56","56","0","0","0"
"17725.266156326","36","36","36","0","0","0"
"17735.266457633","50","50","50","0","0","0"
"17745.27004891","49","49","49","0","0","0"
"17755.266823324","36","36","36","0","0","0"
"17765.277649124","56","56","56","0","0","0"
"17775.278195545","49","49","49","0","0","0"
"17785.266930754","60","60","60","0","0","0"
"17795.267971756","35","35","35","0","0","0"
"17805.279514047","55","55","55","0","0","0"
"17815.269591019","44","44","44","0","0","0"
"17825.270061996","58","58","58","0","0","0"
"17835.271824163","45","45","45","0","0","0"
"17845.26803061","34","34","34","0","0","0"
"17855.267670073","43","43","43","0","0","0"
"17865.269790215","51","51","51","0","0","0"
"17875.26741898","48","48","48","0","0","0"
"17885.273603884","41","41","41","0","0","0"
"17895.268801065","35","35","35","0","0","0"
"17905.267190954","60","60","60","0","0","0"
"17915.266183838","55","55","55","0","0","0"
"17925.273795371","35","35","35","0","0","0"
"17935.272437891","48","48","48","0","0","0"
"17945.267300383","35","35","35","0","0","0"
"17955.267904232","49","49","49","0","0","0"
"17965.269052908","48","48","48","0","0","0"
"17975.266330067","38","38","38","0","0","0"
"17985.269110924","51","51","51","0","0","0"
"17995.266145279","41","41","41","0","0","0"
"18005.273910511","33","33","33","0","0","0"
"18015.271839535","59","59","59","0","0","0"
"18025.266356255","36","36","36","0","0","0"
"18035.265080369","38","38","38","0","0","0"
"18045.273935694","48","48","48","0","0","0"
"18055.266782883","35","35","35","0","0","0"
"18065.27586016","45","45","45","0","0","0"
"18075.270207904","38","38","38","0","0","0"
"18085.265237079","65","65","65","0","0","0"
"18095.274436704","59","59","59","0","0","0"
"18105.28035631","41","41","41","0","0","0"
"18115.266027006","41","41","41","0","0","0"
"18125.270061676","33","33","33","0","0","0"
"18135.272021064","51","51","51","0","0","0"
"18145.279368302","53","53","53","0","0","0"
"18155.26698681","36","36","36","0","0","0"
"18165.267423983","47","47","47","0","0","0"
"18175.270756687","44","44","44","0","0","0"
"18185.267282018","41","41","41","0","0","0"
"18195.266100812","42","42","42","0","0","0"
"18205.26701551","49","49","49","0","0","0"
"18215.271504333","59","59","59","0","0","0"
"18225.267486552","36","36","36","0","0","0"
"18235.265482844","54","54","54","0","0","0"
"18245.266710183","69","69","69","0","0","0"
"18255.267767778","48","48","48","0","0","0"
"18265.267328932","59","59","59","0","0","0"
"18275.266077447","54","54","54","0","0","0"
"18285.276480207","59","59","59","0","0","0"
"18295.271579858","35","35","35","0","0","0"
"18305.266790475","52","52","52","0","0","0"
"18315.267231524","51","51","51","0","0","0"
"18325.271618059","35","35","35","0","0","0"
"18335.277495081","60","60","60","0","0","0"
"18345.27480356","48","48","48","0","0","0"
"18355.276915403","33","33","33","0","0","0"
"18365.274037109","43","43","43","0","0","0"
"18375.269240431","50","50","50","0","0","0"
"18385.273895017","45","45","45","0","0","0"
"18395.272742187","54","54","54","0","0","0"
"18405.276071668","34","34","34","0","0","0"
"18415.266060888","47","47","47","0","0","0"
"18425.268418275","41","41","41","0","0","0"
"18435.270287948","67","67","67","0","0","0"
"18445.27354475","58","58","58","0","0","0"
"18455.267122418","35","35","35","0","0","0"
"18465.271811288","49","49","49","0","0","0"
"18475.27081905","58","58","58","0","0","0"
"18485.26541244","39","39","39","0","0","0"
"18495.271555324","41","41","41","0","0","0"
"18505.267832353","50","50","50","0","0","0"
"18515.266732412","54","54","54","0","0","0"
"18525.266355675","49","49","49","0","0","0"
"18535.270500174","36","36","36","0","0","0"
"18545.273563592","45","45","45","0","0","0"
"18555.269769418","36","36","36","0","0","0"
"18565.267785226","42","42","42","0","0","0"
"18575.267475876","59","59","59","0","0","0"
"18585.275880229","59","59","59","0","0","0"
"18595.269194884","50","50","50","0","0","0"
"18605.266042408","35","35","35","0","0","0"
"18615.27605467","39","39","39","0","0","0"
"18625.268696211","58","58","58","0","0","0"
"18635.273787376","39","39","39","0","0","0"
"18645.268659872","40","40","40","0","0","0"
"18655.269623654","34","34","34","0","0","0"
"18665.266096033","59","59","59","0","0","0"
"18675.268245932","41","41","41","0","0","0"
"18685.267688686","44","44","44","0","0","0"
"18695.268959173","56","56","56","0","0","0"
"18705.267492369","40","40","40","0","0","0"
"18715.273139311","61","61","61","0","0","0"
"18725.267585609","36","36","36","0","0","0"
"18735.268802949","51","51","51","0","0","0"
"18745.266922048","48","48","48","0","0","0"
"18755.266907934","42","42","42","0","0","0"
"18765.272459815","35","35","35","0","0","0"
"18775.269118368","47","47","47","0","0","0"
"18785.277821136","51","51","51","0","0","0"
"18795.273333176","40","40","40","0","0","0"
"18805.267034245","61","61","61","0","0","0"
"18815.271389003","46","46","46","0","0","0"
"18825.267896317","35","35","35","0","0","0"
"18835.266384935","40","40","40","0","0","0"
"18845.271046046","47","47","47","0","0","0"
"18855.267490844","47","47","47","0","0","0"
"18865.266265951","33","33","33","0","0","0"
"18875.266054863","50","50","50","0","0","0"
"18885.268327089","42","42","42","0","0","0"
"18895.268509146","53","53","53","0","0","0"
"18905.267378832","46","46","46","0","0","0"
"18915.273659872","56","56","56","0","0","0"
"18925.266288228","57","57","57","0","0","0"
"18935.266467973","35","35","35","0","0","0"
"18945.267974705","39","39","39","0","0","0"
"18955.265913147","41","41","41","0","0","0"
"18965.266265118","45","45","45","0","0","0"
"18975.275199161","49","49","49","0","0","0"
"18985.275328832","47","47","47","0","0","0"
"18995.269108308","46","46","46","0","0","0"
"19005.266414887","48","48","48","0","0","0"
"19015.267211739","35","35","35","0","0","0"
"19025.276098937","44","44","44","0","0","0"
"19035.26585234","35","35","35","0","0","0"
"19045.269912025","46","46","46","0","0","0"
"19055.28117832","40","40","40","0","0","0"
"19065.267851011","53","53","53","0","0","0"
"19075.267422994","51","51","51","0","0","0"
"19085.269721692","34","34","34","0","0","0"
"19095.271279965","41","41","41","0","0","0"
"19105.268389166","36","36","36","0","0","0"
"19115.268018127","49","49","49","0","0","0"
"19125.269935355","56","56","56","0","0","0"
"19135.267790748","40","40","40","0","0","0"
"19145.267543858","61","61","61","0","0","0"
"19155.269145969","34","34","34","0","0","0"
"19165.270048711","51","51","51","0","0","0"
"19175.267828042","36","36","36","0","0","0"
"19185.268115385","42","42","42","0","0","0"
"19195.267564221","49","49","49","0","0","0"
"19205.267801383","36","36","36","0","0","0"
"19215.268777592","40","40","40","0","0","0"
"19225.267099193","52","52","52","0","0","0"
"19235.273727586","61","61","61","0","0","0"
"19245.268638825","41","41","41","0","0","0"
"19255.267406841","51","51","51","0","0","0"
"19265.271735897","39","39","39","0","0","0"
"19275.269903163","54","54","54","0","0","0"
"19285.265540874","42","42","42","0","0","0"
"19295.266968222","50","50","50","0","0","0"
"19305.267115978","37","37","37","0","0","0"
"19315.266656057","53","53","53","0","0","0"
"19325.27093873","49","49","49","0","0","0"
"19335.277933246","38","38","38","0","0","0"
"19345.266667019","48","48","48","0","0","0"
"19355.268659089","42","42","42","0","0","0"
"19365.277687197","50","50","50","0","0","0"
"19375.268581658","49","49","49","0","0","0"
"19385.266324726","45","45","45","0","0","0"
"19395.274102665","44","44","44","0","0","0"
"19405.270526973","50","50","50","0","0","0"
"19415.265966053","36","36","36","0","0","0"
"19425.266768985","46","46","46","0","0","0"
"19435.267897158","50","50","50","0","0","0"
"19445.269688371","51","51","51","0","0","0"
"19455.26933315","42","42","42","0","0","0"
"19465.26963784","37","37","37","0","0","0"
"19475.267519043","47","47","47","0","0","0"
"19485.267813907","37","37","37","0","0","0"
"19495.267403955","44","44","44","0","0","0"
"19505.280413686","44","44","44","0","0","0"
"19515.26764924","33","33","33","0","0","0"
"19525.269813851","37","37","37","0","0","0"
"19535.267458014","60","60","60","0","0","0"
"19545.274397443","39","39","39","0","0","0"
"19555.276986685","44","44","44","0","0","0"
"19565.267381545","37","37","37","0","0","0"
"19575.266617954","42","42","42","0","0","0"
"19585.265977942","41","41","41","0","0","0"
"19595.266903305","46","46","46","0","0","0"
"19605.2739174","53","53","53","0","0","0"
"19615.26859333","34","34","34","0","0","0"
"19625.265692785","58","58","58","0","0","0"
"19635.268219081","34","34","34","0","0","0"
"19645.273191445","45","45","45","0","0","0"
"19655.26680192","40","40","40","0","0","0"
"19665.275435698","35","35","35","0","0","0"
"19675.269243177","47","47","47","0","0","0"
"19685.268825351","46","46","46","0","0","0"
"19695.26692255","38","38","38","0","0","0"
"19705.266034451","39","39","39","0","0","0"
"19715.266304412","60","60","60","0","0","0"
"19725.26777561","50","50","50","0","0","0"
"19735.265830155","40","40","40","0","0","0"
"19745.275418375","44","44","44","0","0","0"
"19755.267863838","38","38","38","0","0","0"
"19765.265842439","45","45","45","0","0","0"
"19775.267780258","33","33","33","0","0","0"
"19785.267570961","41","41","41","0","0","0"
"19795.268287175","46","46","46","0","0","0"
"19805.266074941","48","48","48","0","0","0"
"19815.274512532","34","34","34","0","0","0"
"19825.26960977","44","44","44","0","0","0"
"19835.267077515","43","43","43","0","0","0"
"19845.265638707","42","42","42","0","0","0"
"20645.267958144","0","0","0","0","0","0"
"21775.267899982","4","4","4","0","0","0"
"21785.267030066","3","3","3","0","0","0"
"21795.266270352","0","0","0","0","0","0"
"21805.266304699","0","0","0","0","0","0"