"Relative Time (Process)","StudyAbroadGPT-7B-continued - system/proc.cpu.threads","StudyAbroadGPT-7B-continued - system/proc.cpu.threads__MIN","StudyAbroadGPT-7B-continued - system/proc.cpu.threads__MAX"
"15.26030913","158","158","158"
"25.256576969","26","26","26"
"35.256913246","31","31","31"
"45.256503487","37","37","37"
"55.256860128","37","37","37"
"65.25645041","41","41","41"
"75.256605235","35","35","35"
"85.256846855","35","35","35"
"95.256247523","35","35","35"
"105.256670801","37","37","37"
"115.256737405","37","37","37"
"125.2573158","37","37","37"
"135.257299036","37","37","37"
"145.257018699","37","37","37"
"155.256749934","37","37","37"
"165.256255855","35","35","35"
"175.256350252","35","35","35"
"945.256272106","35","35","35"
"955.256319829","35","35","35"
"965.256176525","35","35","35"
"975.255958728","35","35","35"
"985.25631333","35","35","35"
"995.256685564","35","35","35"
"1005.256419803","35","35","35"
"1015.256084494","35","35","35"
"1035.25681847","31","31","31"
"1045.256581313","31","31","31"
"1055.257094591","31","31","31"
"1065.256736731","31","31","31"
"1075.256451507","31","31","31"
"1085.256971055","31","31","31"
"1095.256660482","31","31","31"
"1105.256989692","31","31","31"
"1115.256701234","31","31","31"
"1125.25660097","31","31","31"
"1135.256249366","31","31","31"
"1145.256498911","31","31","31"
"1155.256783172","31","31","31"
"1165.256597198","31","31","31"
"1175.256394597","31","31","31"
"1185.257222337","35","35","35"
"1195.256787962","35","35","35"
"1205.256495916","35","35","35"
"1215.256193549","35","35","35"
"1225.256586583","35","35","35"
"1235.256320022","35","35","35"
"1245.256553963","35","35","35"
"1255.256848122","35","35","35"
"1265.256065609","35","35","35"
"1275.256456516","35","35","35"
"1285.256531787","35","35","35"
"1295.25651099","35","35","35"
"1305.257239212","35","35","35"
"1315.256965833","35","35","35"
"1325.25653814","35","35","35"
"1335.256966398","35","35","35"
"1345.257129709","35","35","35"
"1355.256461753","35","35","35"
"1365.257381705","31","31","31"
"1375.256502435","31","31","31"
"1385.256594025","31","31","31"
"1395.257478414","31","31","31"
"1405.256760491","31","31","31"
"1415.256454407","31","31","31"
"1425.256479857","31","31","31"
"1435.256811629","31","31","31"
"1445.256590754","31","31","31"
"1455.257369905","35","35","35"
"1465.256690838","39","39","39"
"1475.256445407","39","39","39"
"1485.256653179","39","39","39"
"1495.256160052","39","39","39"
"1505.256645634","39","39","39"
"1515.25684706","39","39","39"
"1525.256996112","39","39","39"
"1535.256493698","39","39","39"
"1545.256294646","39","39","39"
"1555.256597575","39","39","39"
"1565.256451234","39","39","39"
"1575.256007188","39","39","39"
"1585.256039254","39","39","39"
"1595.256694811","39","39","39"
"1605.257205354","39","39","39"
"1615.256494078","39","39","39"
"1625.256578162","39","39","39"
"1635.256371817","39","39","39"
"1645.256866874","39","39","39"
"1655.256593256","39","39","39"
"1665.256260416","39","39","39"
"1675.256321434","31","31","31"
"1685.256086865","31","31","31"
"1695.257764068","31","31","31"
"1705.256735053","31","31","31"
"1715.255984728","31","31","31"
"1725.256589917","31","31","31"
"1735.256787184","31","31","31"
"1745.256436129","31","31","31"
"1755.256398666","31","31","31"
"1765.256674597","31","31","31"
"1775.256019131","31","31","31"
"1785.257047723","31","31","31"
"1795.256740778","31","31","31"
"1805.256811619","31","31","31"
"1815.256441413","31","31","31"
"1825.256282242","31","31","31"
"1835.25633459","31","31","31"
"1845.256511301","31","31","31"
"1855.256485191","31","31","31"
"1865.256688889","31","31","31"
"1875.256972611","31","31","31"
"1885.256728977","31","31","31"
"1895.256126087","31","31","31"
"1905.257711299","31","31","31"
"1915.257044749","31","31","31"
"1925.256905046","31","31","31"
"1935.257322879","31","31","31"
"1945.25617925","31","31","31"
"1955.256811073","31","31","31"
"1965.257158245","31","31","31"
"1975.256856557","31","31","31"
"1985.256248037","31","31","31"
"1995.257425717","31","31","31"
"2005.25654562","31","31","31"
"2015.256662697","31","31","31"
"2025.256751876","31","31","31"
"2035.256424841","31","31","31"
"2045.256801121","31","31","31"
"2055.257007287","31","31","31"
"2065.256825659","31","31","31"
"2075.256322073","31","31","31"
"2085.256600273","31","31","31"
"2095.256435667","31","31","31"
"2105.256954057","31","31","31"
"2115.256577132","31","31","31"
"2125.256812183","31","31","31"
"2135.256971854","31","31","31"
"2145.256992311","31","31","31"
"2155.256381023","31","31","31"
"2165.255898668","31","31","31"
"2175.25672081","31","31","31"
"2185.256257381","31","31","31"
"2195.256630546","31","31","31"
"2205.256364342","31","31","31"
"2215.256437403","31","31","31"
"2225.256442465","31","31","31"
"2235.256434827","31","31","31"
"2245.256752414","31","31","31"
"2255.25639357","31","31","31"
"2265.25616809","31","31","31"
"2275.256648644","31","31","31"
"2285.257549579","31","31","31"
"2295.257119356","31","31","31"
"2305.256274226","31","31","31"
"2315.256575523","31","31","31"
"2325.257160645","31","31","31"
"2335.25713221","31","31","31"
"2345.25809009","31","31","31"
"2355.256196438","31","31","31"
"2365.256705978","31","31","31"
"2375.256402797","31","31","31"
"2385.256387361","31","31","31"
"2395.256459239","31","31","31"
"2405.256965896","31","31","31"
"2415.256112844","31","31","31"
"2425.25644351","31","31","31"
"2435.25660736","31","31","31"
"2445.256899282","31","31","31"
"2455.256566219","31","31","31"
"2465.256652438","31","31","31"
"2475.256587315","31","31","31"
"2485.256835816","31","31","31"
"2495.256107896","31","31","31"
"2505.257011959","31","31","31"
"2515.256191639","31","31","31"
"2525.25658086","31","31","31"
"2535.256045926","31","31","31"
"2545.256804191","31","31","31"
"2555.25601182","31","31","31"
"2565.257188655","31","31","31"
"2575.256109727","31","31","31"
"2585.25681653","31","31","31"
"2595.257663441","31","31","31"
"2605.257036474","31","31","31"
"2615.256806278","31","31","31"
"2625.256129681","31","31","31"
"2635.257080076","31","31","31"
"2645.257199583","31","31","31"
"2655.257995427","31","31","31"
"2665.256274515","31","31","31"
"2675.256914987","31","31","31"
"2685.256883519","31","31","31"
"2695.256927119","31","31","31"
"2705.256157681","31","31","31"
"2715.256688523","31","31","31"
"2725.256559045","31","31","31"
"2735.256717636","31","31","31"
"2745.256453046","31","31","31"
"2755.255859007","31","31","31"
"2765.255839305","31","31","31"
"2775.257184426","31","31","31"
"2785.256806873","31","31","31"
"2795.256609759","31","31","31"
"2805.257560813","31","31","31"
"2815.256669978","31","31","31"
"2825.25651944","31","31","31"
"2835.256553167","31","31","31"
"2845.256761664","31","31","31"
"2855.256135455","31","31","31"
"2865.256106004","31","31","31"
"2875.256719536","31","31","31"
"2885.256460324","31","31","31"
"2895.256927362","31","31","31"
"2905.2569777","31","31","31"
"2915.256370817","31","31","31"
"2925.256969475","31","31","31"
"2935.256716756","31","31","31"
"2945.256576416","31","31","31"
"2955.256975425","31","31","31"
"2965.256114415","31","31","31"
"2975.256820545","31","31","31"
"2985.256277112","31","31","31"
"2995.257590744","31","31","31"
"3005.257010344","31","31","31"
"3015.256041039","31","31","31"
"3025.256014477","31","31","31"
"3035.256352683","31","31","31"
"3045.256617176","31","31","31"
"3055.256550412","31","31","31"
"3065.25657026","31","31","31"
"3075.256994069","31","31","31"
"3085.257003966","31","31","31"
"3095.25705623","31","31","31"
"3105.256891394","31","31","31"
"3115.256581986","31","31","31"
"3125.256137642","31","31","31"
"3135.25623448","31","31","31"
"3145.256330452","31","31","31"
"3155.256828067","31","31","31"
"3165.25707205","31","31","31"
"3175.257011791","31","31","31"
"3185.256333175","31","31","31"
"3195.256577296","31","31","31"
"3205.256742669","31","31","31"
"3215.256055235","31","31","31"
"3225.257286852","31","31","31"
"3235.25624871","31","31","31"
"3245.256395005","31","31","31"
"3255.255985194","31","31","31"
"3265.256841679","31","31","31"
"3275.256495451","31","31","31"
"3285.256680205","31","31","31"
"3295.256396834","31","31","31"
"3305.256135629","31","31","31"
"3315.255910553","31","31","31"
"3325.256513405","31","31","31"
"3335.256252949","31","31","31"
"3345.256277567","31","31","31"
"3355.256670054","31","31","31"
"3365.256416611","31","31","31"
"3375.256431162","31","31","31"
"3385.2559569","31","31","31"
"3395.25634609","31","31","31"
"3405.257164309","31","31","31"
"3415.256727385","31","31","31"
"3425.256380513","31","31","31"
"3435.255850203","31","31","31"
"3445.256577727","31","31","31"
"3455.256607852","31","31","31"
"3465.25639037","31","31","31"
"3475.256140155","31","31","31"
"3485.256393155","31","31","31"
"3495.257505154","31","31","31"
"3505.257044536","31","31","31"
"3515.256617962","31","31","31"
"3525.256494485","31","31","31"
"3535.255891146","31","31","31"
"3545.25612657","31","31","31"
"3555.255990752","31","31","31"
"3565.257056336","31","31","31"
"3575.256524929","31","31","31"
"3585.256072887","31","31","31"
"3595.256850438","31","31","31"
"3605.256912424","31","31","31"
"3615.25698496","31","31","31"
"3625.256952633","31","31","31"
"3635.256176235","31","31","31"
"3645.256678567","31","31","31"
"3655.256336635","31","31","31"
"3665.256352133","31","31","31"
"3675.256925171","31","31","31"
"3685.256723456","31","31","31"
"3695.256548512","31","31","31"
"3705.257949271","31","31","31"
"3715.256476749","31","31","31"
"3725.256820596","31","31","31"
"3735.256584202","31","31","31"
"3745.256760734","31","31","31"
"3755.255983598","31","31","31"
"3765.256613773","31","31","31"
"3775.256547837","31","31","31"
"3785.256500096","31","31","31"
"3795.256153837","31","31","31"
"3805.256565045","31","31","31"
"3815.256205185","31","31","31"
"3825.256915517","31","31","31"
"3835.256910311","31","31","31"
"3845.256123786","31","31","31"
"3855.256396124","31","31","31"
"3865.256641033","31","31","31"
"3875.256692747","31","31","31"
"3885.25648808","31","31","31"
"3895.256646031","31","31","31"
"3905.256766264","31","31","31"
"3915.258628976","31","31","31"
"3925.257044093","31","31","31"
"3935.256449649","31","31","31"
"3945.256758073","31","31","31"
"3955.256783288","31","31","31"
"3965.256491609","31","31","31"
"3975.25637578","31","31","31"
"3985.256246122","31","31","31"
"3995.256014775","31","31","31"
"4005.256434354","31","31","31"
"4015.256024183","31","31","31"
"4025.256358099","31","31","31"
"4035.256152137","31","31","31"
"4045.256700166","31","31","31"
"4055.256286195","31","31","31"
"4065.256831595","31","31","31"
"4075.256618828","31","31","31"
"4085.256081788","31","31","31"
"4095.256783994","31","31","31"
"4105.256734213","31","31","31"
"4115.256333413","31","31","31"
"4125.256850244","31","31","31"
"4135.256368425","31","31","31"
"4145.256005674","31","31","31"
"4155.256612844","31","31","31"
"4165.256908381","31","31","31"
"4175.256918236","31","31","31"
"4185.25644815","31","31","31"
"4195.256693571","31","31","31"
"4205.256865629","31","31","31"
"4215.256539306","31","31","31"
"4225.256535925","31","31","31"
"4235.256063383","31","31","31"
"4245.25672194","31","31","31"
"4255.256757998","31","31","31"
"4265.256453433","31","31","31"
"4275.256606085","31","31","31"
"4285.256083554","31","31","31"
"4295.256014973","31","31","31"
"4305.257079996","31","31","31"
"4315.256620972","31","31","31"
"4325.256675757","31","31","31"
"4335.25626483","31","31","31"
"4345.256670654","31","31","31"
"4355.256160261","31","31","31"
"4365.256984997","31","31","31"
"4375.255886615","31","31","31"
"4385.256718086","31","31","31"
"4395.257345916","31","31","31"
"4405.256531365","31","31","31"
"4415.256805668","31","31","31"
"4425.256575612","31","31","31"
"4435.256663497","31","31","31"
"4445.256371324","31","31","31"
"4455.257506696","31","31","31"
"4465.256650453","31","31","31"
"4475.256669599","31","31","31"
"4485.256620777","31","31","31"
"4495.256599496","31","31","31"
"4505.256016595","31","31","31"
"4515.256177693","31","31","31"
"4525.256406106","31","31","31"
"4535.256784663","31","31","31"
"4545.257424698","31","31","31"
"4555.25627486","31","31","31"
"4565.256358578","31","31","31"
"4575.25718637","31","31","31"
"4585.256193238","31","31","31"
"4595.256418679","31","31","31"
"4605.256719657","31","31","31"
"4615.255813805","31","31","31"
"4625.256345646","31","31","31"
"4635.256652591","31","31","31"
"4645.256357068","31","31","31"
"4655.256575946","31","31","31"
"4665.256479901","31","31","31"
"4675.256719944","31","31","31"
"4685.256832889","31","31","31"
"4695.256548599","31","31","31"
"4705.256527801","31","31","31"
"4715.258495521","31","31","31"
"4725.256818804","31","31","31"
"4735.256059798","31","31","31"
"4745.256730278","31","31","31"
"4755.256253698","31","31","31"
"4765.256711452","31","31","31"
"4775.255844487","31","31","31"
"4785.256985919","31","31","31"
"4795.25668215","31","31","31"
"4805.256299914","31","31","31"
"4815.256466602","31","31","31"
"4825.25677332","31","31","31"
"4835.255939029","31","31","31"
"4845.257083241","31","31","31"
"4855.256790073","31","31","31"
"4865.256325888","31","31","31"
"4875.255915312","31","31","31"
"4885.257188896","31","31","31"
"4895.256829034","31","31","31"
"4905.256130787","31","31","31"
"4915.256276278","31","31","31"
"4925.256955288","31","31","31"
"4935.257297568","31","31","31"
"4945.255861525","31","31","31"
"4955.256432017","31","31","31"
"4965.256316645","31","31","31"
"4975.256281366","31","31","31"
"4985.256311939","31","31","31"
"4995.256500793","31","31","31"
"5005.256232016","31","31","31"
"5015.255992923","31","31","31"
"5025.256432182","31","31","31"
"5035.256530618","31","31","31"
"5045.257020233","31","31","31"
"5055.25740486","31","31","31"
"5065.256637636","31","31","31"
"5075.256925752","31","31","31"
"5085.256555286","31","31","31"
"5095.256197477","31","31","31"
"5105.256820936","31","31","31"
"5115.255844069","31","31","31"
"5125.256849208","31","31","31"
"5135.25612216","31","31","31"
"5145.255993918","31","31","31"
"5155.256184891","31","31","31"
"5165.256515765","31","31","31"
"5175.256701675","31","31","31"
"5185.256467156","31","31","31"
"5195.256133027","31","31","31"
"5205.256627075","31","31","31"
"5215.256168925","31","31","31"
"5225.256312116","31","31","31"
"5235.25584948","31","31","31"
"5245.256844807","31","31","31"
"5255.256444911","31","31","31"
"5265.256889788","31","31","31"
"5275.256418477","31","31","31"
"5285.25652562","31","31","31"
"5295.256645773","31","31","31"
"5305.256518998","31","31","31"
"5315.25638336","31","31","31"
"5325.257605847","31","31","31"
"5335.256455726","31","31","31"
"5345.25622832","31","31","31"
"5355.257149208","31","31","31"
"5365.256822334","31","31","31"
"5375.25622952","31","31","31"
"5385.256517919","31","31","31"
"5395.256701433","31","31","31"
"5405.256434149","31","31","31"
"5415.256268644","31","31","31"
"5425.256593251","31","31","31"
"5435.256092857","31","31","31"
"5445.256059746","31","31","31"
"5455.256867572","31","31","31"
"5465.256365216","31","31","31"
"5475.256299082","31","31","31"
"5485.256734358","31","31","31"
"5495.256269006","31","31","31"
"5505.256191685","31","31","31"
"5515.256316024","31","31","31"
"5525.256742592","31","31","31"
"5535.25624964","31","31","31"
"5545.25660095","31","31","31"
"5555.25639248","31","31","31"
"5565.255951858","31","31","31"
"5575.258212914","31","31","31"
"5585.255904702","31","31","31"
"5595.256962068","31","31","31"
"5605.256690402","31","31","31"
"5615.256897788","31","31","31"
"5625.25666024","31","31","31"
"5635.256319096","31","31","31"
"5645.256422177","31","31","31"
"5655.256357381","31","31","31"
"5665.256313219","31","31","31"
"5675.25664155","31","31","31"
"5685.25600126","31","31","31"
"5695.25663577","31","31","31"
"5705.256787832","31","31","31"
"5715.256739889","31","31","31"
"5725.256481353","31","31","31"
"5735.256399388","31","31","31"
"5745.256214542","31","31","31"
"5755.257012317","31","31","31"
"5765.256615562","31","31","31"
"5775.256744269","31","31","31"
"5785.256938068","31","31","31"
"5795.255847622","31","31","31"
"5805.256586917","31","31","31"
"5815.25684194","31","31","31"
"5825.256360809","31","31","31"
"5835.257243141","31","31","31"
"5845.256540741","31","31","31"
"5855.256824654","31","31","31"
"5865.255897415","31","31","31"
"5875.25685221","31","31","31"
"5885.256020879","31","31","31"
"5895.256648728","31","31","31"
"5905.256248127","31","31","31"
"5915.256923637","31","31","31"
"5925.255900873","31","31","31"
"5935.256270817","31","31","31"
"5945.25636982","31","31","31"
"5955.256542436","31","31","31"
"5965.256800428","31","31","31"
"5975.256082463","31","31","31"
"5985.256151907","31","31","31"
"5995.256359691","31","31","31"
"6005.255842068","31","31","31"
"6015.257945718","31","31","31"
"6025.256395098","31","31","31"
"6035.256911284","31","31","31"
"6045.256957353","31","31","31"
"6055.256828056","31","31","31"
"6065.256854005","31","31","31"
"6075.256411513","31","31","31"
"6085.256341995","31","31","31"
"6095.256032914","31","31","31"
"6105.257042665","31","31","31"
"6115.256657328","31","31","31"
"6125.25682894","31","31","31"
"6135.256684014","31","31","31"
"6145.256122788","31","31","31"
"6155.256785307","31","31","31"
"6165.256147067","31","31","31"
"6175.256615547","31","31","31"
"6185.256646783","31","31","31"
"6195.257383571","31","31","31"
"6205.25644107","31","31","31"
"6215.256398841","31","31","31"
"6225.25637301","31","31","31"
"6235.256504739","31","31","31"
"6245.256731903","31","31","31"
"6255.256630058","31","31","31"
"6265.257327322","31","31","31"
"6275.256640915","31","31","31"
"6285.256511353","31","31","31"
"6295.256988341","31","31","31"
"6305.256985175","31","31","31"
"6315.256085716","31","31","31"
"6325.256392621","31","31","31"
"6335.255842013","31","31","31"
"6345.256768783","31","31","31"
"6355.257160455","31","31","31"
"6365.256635934","31","31","31"
"6375.256570954","31","31","31"
"6385.256784486","31","31","31"
"6395.256092614","31","31","31"
"6405.257065878","31","31","31"
"6415.255936258","31","31","31"
"6425.25645799","31","31","31"
"6435.25748938","31","31","31"
"6445.256309378","31","31","31"
"6455.256526157","31","31","31"
"6465.256355417","31","31","31"
"6475.256596408","31","31","31"
"6485.257919341","31","31","31"
"6495.257725616","31","31","31"
"6505.256433947","31","31","31"
"6515.256583339","31","31","31"
"6525.256656838","31","31","31"
"6535.256592346","31","31","31"
"6545.256346552","31","31","31"
"6555.256328865","31","31","31"
"6565.257108569","31","31","31"
"6575.256675971","31","31","31"
"6585.256669113","31","31","31"
"6595.256684273","31","31","31"
"6605.256844453","31","31","31"
"6615.256373139","31","31","31"
"6625.256948518","31","31","31"
"6635.256600922","31","31","31"
"6645.256931657","31","31","31"
"6655.255899277","31","31","31"
"6665.256807323","31","31","31"
"6675.256982645","31","31","31"
"6685.256907558","31","31","31"
"6695.256116423","31","31","31"
"6705.257004882","31","31","31"
"6715.256136079","31","31","31"
"6725.256470228","31","31","31"
"6735.256167676","31","31","31"
"6745.256977424","31","31","31"
"6755.25630646","31","31","31"
"6765.256609269","31","31","31"
"6775.256567801","31","31","31"
"6785.256395919","31","31","31"
"6795.256822779","31","31","31"
"6805.256673758","31","31","31"
"6815.256302548","31","31","31"
"6825.257057093","31","31","31"
"6835.256369609","31","31","31"
"6845.256670284","31","31","31"
"6855.256064616","31","31","31"
"6865.256693823","31","31","31"
"6875.256513962","31","31","31"
"6885.255956582","31","31","31"
"6895.256954227","31","31","31"
"6905.256513912","31","31","31"
"6915.256605601","31","31","31"
"6925.257073881","31","31","31"
"6935.256652812","31","31","31"
"6945.256745768","31","31","31"
"6955.256800048","31","31","31"
"6965.25672101","31","31","31"
"6975.25641437","31","31","31"
"6985.256614536","31","31","31"
"6995.256943053","31","31","31"
"7005.256661868","31","31","31"
"7015.256477524","31","31","31"
"7025.256315279","31","31","31"
"7035.256190878","31","31","31"
"7045.256467342","31","31","31"
"7055.256392682","31","31","31"
"7065.256285904","31","31","31"
"7075.256372459","31","31","31"
"7085.256468185","31","31","31"
"7095.256139553","31","31","31"
"7105.256269133","31","31","31"
"7115.255898045","31","31","31"
"7125.257023439","31","31","31"
"7135.256768365","31","31","31"
"7145.256806199","31","31","31"
"7155.257010651","31","31","31"
"7165.25660129","31","31","31"
"7175.256568098","31","31","31"
"7185.25728707","31","31","31"
"7195.257813951","31","31","31"
"7205.256952602","31","31","31"
"7215.256422867","31","31","31"
"7225.256573846","31","31","31"
"7235.256823649","31","31","31"
"7245.256601653","31","31","31"
"7255.256767484","31","31","31"
"7265.256132917","31","31","31"
"7275.256337668","31","31","31"
"7285.256380567","31","31","31"
"7295.257103414","31","31","31"
"7305.256187567","31","31","31"
"7315.256212118","31","31","31"
"7325.256675822","31","31","31"
"7335.257324571","31","31","31"
"7345.256554999","31","31","31"
"7355.256354571","31","31","31"
"7365.256084187","31","31","31"
"7375.256705858","31","31","31"
"7385.256798458","31","31","31"
"7395.257374632","31","31","31"
"7405.257273461","31","31","31"
"7415.256558303","31","31","31"
"7425.25663025","31","31","31"
"7435.256385569","31","31","31"
"7445.256222109","31","31","31"
"7455.256562766","31","31","31"
"7465.256982055","31","31","31"
"7475.256835586","31","31","31"
"7485.256895278","31","31","31"
"7495.256234383","31","31","31"
"7505.257036177","31","31","31"
"7515.25723698","31","31","31"
"7525.25613083","31","31","31"
"7535.256831916","31","31","31"
"7545.256531637","31","31","31"
"7555.256142193","31","31","31"
"7565.256309825","31","31","31"
"7575.256631331","31","31","31"
"7585.257085198","31","31","31"
"7595.256767122","31","31","31"
"7605.256059383","31","31","31"
"7615.255824599","31","31","31"
"7625.256010352","31","31","31"
"7635.256093937","31","31","31"
"7645.256309331","31","31","31"
"7655.256997129","31","31","31"
"7665.256483928","31","31","31"
"7675.256681203","31","31","31"
"7685.256701939","31","31","31"
"7695.25675095","31","31","31"
"7705.256472051","31","31","31"
"7715.255951445","31","31","31"
"7725.256769356","31","31","31"
"7735.256177665","31","31","31"
"7745.256773478","31","31","31"
"7755.257083952","31","31","31"
"7765.256769394","31","31","31"
"7775.256457699","31","31","31"
"7785.256932526","31","31","31"
"7795.256450781","31","31","31"
"7805.256938703","31","31","31"
"7815.256859483","31","31","31"
"7825.256494495","31","31","31"
"7835.25674026","31","31","31"
"7845.25624212","31","31","31"
"7855.256432212","31","31","31"
"7865.256075176","31","31","31"
"7875.256378917","31","31","31"
"7885.256247424","31","31","31"
"7895.259808233","31","31","31"
"7905.256704193","31","31","31"
"7915.257022009","31","31","31"
"7925.255924779","31","31","31"
"7935.25671954","31","31","31"
"7945.25702731","31","31","31"
"7955.256207025","31","31","31"
"7965.256213661","31","31","31"
"7975.256157795","31","31","31"
"7985.256620506","31","31","31"
"7995.257319591","31","31","31"
"8005.257109127","31","31","31"
"8015.256782434","31","31","31"
"8025.256793968","31","31","31"
"8035.25624906","31","31","31"
"8045.256418836","31","31","31"
"8055.25670212","31","31","31"
"8065.257051754","31","31","31"
"8075.256724093","31","31","31"
"8085.256434771","31","31","31"
"8095.256622155","31","31","31"
"8105.256516286","31","31","31"
"8115.256548844","31","31","31"
"8125.256587063","31","31","31"
"8135.255945171","31","31","31"
"8145.259105699","31","31","31"
"8155.256382226","31","31","31"
"8165.256309966","31","31","31"
"8175.257384292","31","31","31"
"8185.256397187","31","31","31"
"8195.256434635","31","31","31"
"8205.256997813","31","31","31"
"8215.256866232","31","31","31"
"8225.256478924","31","31","31"
"8235.25659839","31","31","31"
"8245.256495007","31","31","31"
"8255.256639889","31","31","31"
"8265.256561072","31","31","31"
"8275.256783987","31","31","31"
"8285.25658662","31","31","31"
"8295.256155236","31","31","31"
"8305.25638075","31","31","31"
"8315.256230311","31","31","31"
"8325.256743945","31","31","31"
"8335.256773848","31","31","31"
"8345.256812072","31","31","31"
"8355.257853924","31","31","31"
"8365.257379801","31","31","31"
"8375.25669413","31","31","31"
"8385.256774218","31","31","31"
"8395.256303499","31","31","31"
"8405.257034241","31","31","31"
"8415.256490541","31","31","31"
"8425.256970572","31","31","31"
"8435.256939664","31","31","31"
"8445.256472194","31","31","31"
"8455.256292884","31","31","31"
"8465.256312066","31","31","31"
"8475.258851631","31","31","31"
"8485.256274605","31","31","31"
"8495.256711434","31","31","31"
"8505.2568188","31","31","31"
"8515.256353059","31","31","31"
"8525.25632332","31","31","31"
"8535.256315934","31","31","31"
"8545.256934959","31","31","31"
"8555.256790189","31","31","31"
"8565.256463318","31","31","31"
"8575.256604586","31","31","31"
"8585.256855157","31","31","31"
"8595.256846885","31","31","31"
"8605.256483983","31","31","31"
"8615.256402398","31","31","31"
"8625.256436271","31","31","31"
"8635.255989884","31","31","31"
"8645.257093673","31","31","31"
"8655.256773353","31","31","31"
"8665.256349995","31","31","31"
"8675.255952158","31","31","31"
"8685.2568031","31","31","31"
"8695.256689913","31","31","31"
"8705.257136902","31","31","31"
"8715.256768635","31","31","31"
"8725.256944592","31","31","31"
"8735.256530888","31","31","31"
"8745.256200402","31","31","31"
"8755.25652346","31","31","31"
"8765.256429765","31","31","31"
"8775.256485182","31","31","31"
"8785.256364232","31","31","31"
"8795.256359417","31","31","31"
"8805.256783812","31","31","31"
"8815.256669103","31","31","31"
"8825.256832338","31","31","31"
"8835.256751629","31","31","31"
"8845.256594069","31","31","31"
"8855.25683084","31","31","31"
"8865.256779805","31","31","31"
"8875.257072453","31","31","31"
"8885.256423216","31","31","31"
"8895.256990952","31","31","31"
"8905.256295464","31","31","31"
"8915.256076119","31","31","31"
"8925.256556532","31","31","31"
"8935.25652599","31","31","31"
"8945.25633622","31","31","31"
"8955.257087767","31","31","31"
"8965.256576249","31","31","31"
"8975.25668124","31","31","31"
"8985.257679845","31","31","31"
"8995.256317593","31","31","31"
"9005.256397841","31","31","31"
"9015.256178172","31","31","31"
"9025.256782489","31","31","31"
"9035.256764561","31","31","31"
"9045.257344141","31","31","31"
"9055.256656928","31","31","31"
"9065.256518364","31","31","31"
"9075.255943565","31","31","31"
"9085.257087927","31","31","31"
"9095.256114588","31","31","31"
"9105.256980131","31","31","31"
"9115.257281617","31","31","31"
"9125.256211482","31","31","31"
"9135.25643806","31","31","31"
"9145.256832329","31","31","31"
"9155.256760804","31","31","31"
"9165.257126941","31","31","31"
"9175.257068266","31","31","31"
"9185.256386886","31","31","31"
"9195.257528077","31","31","31"
"9205.256204559","31","31","31"
"9215.257070645","31","31","31"
"9225.256049244","31","31","31"
"9235.255996647","31","31","31"
"9245.256607371","31","31","31"
"9255.256336212","31","31","31"
"9265.256966581","31","31","31"
"9275.256598107","31","31","31"
"9285.256354049","31","31","31"
"9295.25625086","31","31","31"
"9305.257141274","31","31","31"
"9315.257585014","31","31","31"
"9325.25723875","31","31","31"
"9335.256301361","31","31","31"
"9345.256302165","31","31","31"
"9355.256985438","31","31","31"
"9365.256224086","31","31","31"
"9375.256901517","31","31","31"
"9385.256595474","31","31","31"
"9395.257174899","31","31","31"
"9405.25701292","31","31","31"
"9415.257013006","31","31","31"
"9425.256336129","31","31","31"
"9435.257502668","31","31","31"
"9445.256647683","31","31","31"
"9455.257180551","31","31","31"
"9465.256405578","31","31","31"
"9475.25614896","31","31","31"
"9485.257065815","31","31","31"
"9495.256455405","31","31","31"
"9505.255953912","31","31","31"
"9515.256702039","31","31","31"
"9525.25653224","31","31","31"
"9535.25648057","31","31","31"
"9545.256239108","31","31","31"
"9555.25642532","31","31","31"
"9565.256534402","31","31","31"
"9575.256145255","31","31","31"
"9585.256913281","31","31","31"
"9595.257214411","31","31","31"
"9605.257078234","31","31","31"
"9615.257757437","31","31","31"
"9625.25667113","31","31","31"
"9635.256257881","31","31","31"
"9645.256747258","31","31","31"
"9655.256602671","31","31","31"
"9665.256883804","31","31","31"
"9675.256782394","31","31","31"
"9685.256738758","31","31","31"
"9695.255905931","31","31","31"
"9705.256638038","31","31","31"
"9715.256684849","31","31","31"
"9725.25659588","31","31","31"
"9735.256690338","31","31","31"
"9745.25609305","31","31","31"
"9755.256708418","31","31","31"
"9765.256480059","31","31","31"
"9775.256224604","31","31","31"
"9785.256621448","31","31","31"
"9795.257563009","31","31","31"
"9805.256326457","31","31","31"
"9815.256990996","31","31","31"
"9825.257205693","31","31","31"
"9835.256070479","31","31","31"
"9845.256948627","31","31","31"
"9855.257460913","31","31","31"
"9865.25662604","31","31","31"
"9875.257015782","31","31","31"
"9885.256173643","31","31","31"
"9895.256493935","31","31","31"
"9905.256346747","31","31","31"
"9915.25758243","31","31","31"
"9925.257201353","31","31","31"
"9935.256753506","31","31","31"
"9945.256856688","31","31","31"
"9955.256851254","31","31","31"
"9965.256243279","31","31","31"
"9975.255854065","31","31","31"
"9985.256114247","31","31","31"
"9995.256395536","31","31","31"
"10005.257424332","31","31","31"
"10015.256550449","31","31","31"
"10025.256428773","31","31","31"
"10035.256076226","31","31","31"
"10045.256486973","31","31","31"
"10055.256272086","31","31","31"
"10065.256184914","31","31","31"
"10075.256402162","31","31","31"
"10085.256505484","31","31","31"
"10095.257124793","31","31","31"
"10105.256045108","31","31","31"
"10115.256534801","31","31","31"
"10125.256643215","31","31","31"
"10135.25621816","31","31","31"
"10145.257056064","31","31","31"
"10155.257405087","31","31","31"
"10165.25644205","31","31","31"
"10175.25635442","31","31","31"
"10185.257545163","31","31","31"
"10195.256401801","31","31","31"
"10205.256314922","31","31","31"
"10215.256588344","31","31","31"
"10225.25707016","31","31","31"
"10235.25664681","31","31","31"
"10245.256555956","31","31","31"
"10255.256473347","31","31","31"
"10265.25688277","31","31","31"
"10275.256809696","31","31","31"
"10285.257400269","31","31","31"
"10295.256830222","31","31","31"
"10305.256763811","31","31","31"
"10315.256904875","31","31","31"
"10325.256132964","31","31","31"
"10335.256405461","31","31","31"
"10345.256482331","31","31","31"
"10355.256800825","31","31","31"
"10365.255950963","31","31","31"
"10375.256347197","31","31","31"
"10385.256655537","31","31","31"
"10395.256647775","31","31","31"
"10405.257336146","31","31","31"
"10415.256293727","31","31","31"
"10425.257329488","31","31","31"
"10435.257019997","31","31","31"
"10445.256697437","31","31","31"
"10455.256977676","31","31","31"
"10465.256546499","31","31","31"
"10475.256554906","31","31","31"
"10485.256167836","31","31","31"
"10495.25695082","31","31","31"
"10505.257010521","31","31","31"
"10515.256924431","31","31","31"
"10525.256560519","31","31","31"
"10535.256414165","31","31","31"
"10545.256655904","31","31","31"
"10555.257187633","31","31","31"
"10565.257085126","31","31","31"
"10575.25659602","31","31","31"
"10585.256354893","31","31","31"
"10595.256384334","31","31","31"
"10605.25595868","33","33","33"
"10615.256576257","33","33","33"
"10625.256524923","33","33","33"
"10635.257096641","33","33","33"
"10645.256596931","33","33","33"
"10655.25669824","33","33","33"
"10665.256586406","33","33","33"
"10675.256742688","33","33","33"
"10685.256783696","33","33","33"
"10695.25630078","33","33","33"
"10705.256686764","33","33","33"
"10715.256940188","33","33","33"
"10725.256338384","33","33","33"
"10735.256285756","33","33","33"
"10745.256976141","33","33","33"
"10755.256350104","33","33","33"
"10765.256475114","33","33","33"
"10775.257124391","33","33","33"
"10785.257043276","33","33","33"
"10795.255895555","33","33","33"
"10805.25696399","33","33","33"
"10815.256902493","33","33","33"
"10825.257117246","33","33","33"
"10835.256606894","33","33","33"
"10845.256637174","33","33","33"
"10855.256533924","33","33","33"
"10865.25686938","33","33","33"
"10875.257360597","33","33","33"
"10885.256458391","33","33","33"
"10895.256498608","33","33","33"
"10905.257031365","33","33","33"
"10915.256802435","33","33","33"
"10925.256831605","33","33","33"
"10935.257447632","33","33","33"
"10945.257136316","33","33","33"
"10955.256198676","33","33","33"
"10965.257098893","33","33","33"
"10975.256640905","33","33","33"
"10985.256844843","33","33","33"
"10995.256491534","33","33","33"
"11005.256081723","33","33","33"
"11015.256529374","33","33","33"
"11025.255876616","33","33","33"
"11035.256601362","33","33","33"
"11045.256534559","33","33","33"
"11055.256861822","33","33","33"
"11065.256491844","33","33","33"
"11075.256789813","33","33","33"
"11085.256849013","33","33","33"
"11095.256636912","33","33","33"
"11105.256589821","33","33","33"
"11115.25621117","33","33","33"
"11125.257116307","33","33","33"
"11135.256211418","33","33","33"
"11145.256461193","33","33","33"
"11155.256953074","33","33","33"
"11165.256774969","33","33","33"
"11175.256822272","33","33","33"
"11185.256618049","33","33","33"
"11195.256938279","33","33","33"
"11205.25724199","33","33","33"
"11215.256452147","33","33","33"
"11225.25666038","33","33","33"
"11235.256749596","33","33","33"
"11245.256813003","33","33","33"
"11255.256808618","33","33","33"
"11265.256046669","33","33","33"
"11275.256851463","33","33","33"
"11285.256999285","33","33","33"
"11295.256931365","33","33","33"
"11305.256341434","33","33","33"
"11315.25664644","33","33","33"
"11325.256299194","33","33","33"
"11335.256047609","33","33","33"
"11345.256923267","33","33","33"
"11355.256821969","33","33","33"
"11365.256667101","33","33","33"
"11375.256957326","33","33","33"
"11385.25670438","33","33","33"
"11395.256543001","33","33","33"
"11405.255843964","33","33","33"
"11415.256047317","33","33","33"
"11425.256229525","33","33","33"
"11435.256440518","33","33","33"
"11445.256346085","33","33","33"
"11455.25701379","33","33","33"
"11465.256781818","33","33","33"
"11475.256049395","33","33","33"
"11485.255950097","33","33","33"
"11495.256448683","33","33","33"
"11505.257151317","33","33","33"
"11515.25691295","33","33","33"
"11525.256989595","33","33","33"
"11535.257000986","33","33","33"
"11545.256933774","33","33","33"
"11555.256555806","33","33","33"
"11565.257053338","33","33","33"
"11575.256590342","33","33","33"
"11585.256871044","33","33","33"
"11595.25619844","33","33","33"
"11605.25662584","33","33","33"
"11615.256901733","33","33","33"
"11625.25724182","33","33","33"
"11635.256798901","33","33","33"
"11645.256533488","33","33","33"
"11655.257435332","31","31","31"
"11665.256813861","31","31","31"
"11675.256530903","31","31","31"
"11685.256751217","31","31","31"
"11695.256544256","31","31","31"
"11705.256376271","31","31","31"
"11715.256608645","31","31","31"
"11725.256179131","31","31","31"
"11735.257136849","31","31","31"
"11745.256641384","31","31","31"
"11755.256970524","31","31","31"
"11765.256800085","31","31","31"
"11775.256119018","31","31","31"
"11785.256864896","31","31","31"
"11795.256613975","31","31","31"
"11805.256582195","31","31","31"
"11815.256657919","31","31","31"
"11825.257036439","31","31","31"
"11835.256526409","31","31","31"
"11845.256812267","31","31","31"
"11855.256307127","31","31","31"
"11865.256133946","31","31","31"
"11875.256653543","31","31","31"
"11885.255958401","31","31","31"
"11895.256221267","31","31","31"
"11905.256389351","31","31","31"
"11915.256695425","31","31","31"
"11925.256925786","31","31","31"
"11935.257075128","31","31","31"
"11945.256226713","31","31","31"
"11955.257632715","31","31","31"
"11965.256492368","31","31","31"
"11975.257146527","31","31","31"
"11985.256864567","31","31","31"
"11995.256154526","31","31","31"
"12005.256423352","31","31","31"
"12015.257288096","31","31","31"
"12025.255855685","31","31","31"
"12035.256281849","31","31","31"
"12045.256654668","31","31","31"
"12055.256510788","31","31","31"
"12065.256910127","31","31","31"
"12075.256452423","31","31","31"
"12085.256571527","31","31","31"
"12095.256766313","31","31","31"
"12105.257067388","31","31","31"
"12115.257091781","31","31","31"
"12125.255930435","31","31","31"
"12135.256033752","31","31","31"
"12145.256516334","31","31","31"
"12155.255939503","31","31","31"
"12165.256165441","31","31","31"
"12175.256532399","31","31","31"
"12185.256865226","31","31","31"
"12195.256259983","31","31","31"
"12205.256075415","31","31","31"
"12215.256259145","31","31","31"
"12225.257711658","31","31","31"
"12235.25666099","31","31","31"
"12245.256683826","31","31","31"
"12255.258674289","31","31","31"
"12265.256313191","31","31","31"
"12275.256337326","31","31","31"
"12285.256034541","31","31","31"
"12295.256798606","31","31","31"
"12305.256925223","31","31","31"
"12315.256792297","31","31","31"
"12325.256424756","31","31","31"
"12335.256716234","31","31","31"
"12345.257189307","31","31","31"
"12355.25679363","31","31","31"
"12365.256589679","31","31","31"
"12375.256076955","31","31","31"
"12385.25648062","31","31","31"
"12395.256936839","31","31","31"
"12405.257181336","31","31","31"
"12415.256568383","31","31","31"
"12425.256005636","31","31","31"
"12435.25684645","31","31","31"
"12445.257246573","31","31","31"
"12455.256564195","31","31","31"
"12465.256610933","31","31","31"
"12475.256430714","31","31","31"
"12485.257095405","31","31","31"
"12495.25627129","31","31","31"
"12505.256332612","31","31","31"
"12515.256335105","31","31","31"
"12525.256023463","31","31","31"
"12535.256273829","31","31","31"
"12545.256456957","31","31","31"
"12555.256695577","31","31","31"
"12565.257160685","31","31","31"
"12575.256165395","31","31","31"
"12585.256362549","31","31","31"
"12595.256964327","31","31","31"
"12605.25711497","31","31","31"
"12615.258610609","31","31","31"
"12625.256393567","31","31","31"
"12635.256386496","31","31","31"
"12645.256965547","31","31","31"
"12655.257066375","31","31","31"
"12665.256125812","31","31","31"
"12675.256254163","31","31","31"
"12685.256450376","31","31","31"
"12695.258182555","31","31","31"
"12705.257813533","31","31","31"
"12715.256819507","31","31","31"
"12725.256480319","31","31","31"
"12735.25635365","31","31","31"
"12745.256153102","31","31","31"
"12755.256471469","31","31","31"
"12765.257016466","31","31","31"
"12775.257522188","31","31","31"
"12785.256604553","31","31","31"
"12795.256763919","31","31","31"
"12805.25690039","31","31","31"
"12815.256523584","31","31","31"
"12825.257302811","31","31","31"
"12835.256667458","31","31","31"
"12845.257148189","31","31","31"
"12855.256249279","31","31","31"
"12865.256674686","31","31","31"
"12875.256658485","31","31","31"
"12885.25743778","31","31","31"
"12895.256784548","31","31","31"
"12905.256478797","31","31","31"
"12915.256314943","31","31","31"
"12925.256278473","31","31","31"
"12935.256100971","31","31","31"
"12945.256491403","31","31","31"
"12955.256688393","31","31","31"
"12965.256928486","31","31","31"
"12975.256204691","31","31","31"
"12985.256807004","31","31","31"
"12995.256558982","31","31","31"
"13005.256661103","31","31","31"
"13015.257059579","31","31","31"
"13025.257133121","31","31","31"
"13035.257038424","31","31","31"
"13045.25660635","31","31","31"
"13055.256500484","31","31","31"
"13065.256455689","31","31","31"
"13075.256004316","31","31","31"
"13085.256852339","31","31","31"
"13095.256285928","31","31","31"
"13105.256700853","31","31","31"
"13115.256228992","31","31","31"
"13125.256935464","31","31","31"
"13135.256765999","31","31","31"
"13145.256602996","31","31","31"
"13155.257121233","31","31","31"
"13165.256749776","31","31","31"
"13175.257089028","31","31","31"
"13185.256736786","31","31","31"
"13195.256806369","31","31","31"
"13205.256130901","31","31","31"
"13215.256343091","31","31","31"
"13225.256586092","31","31","31"
"13235.256849038","31","31","31"
"13245.256305897","31","31","31"
"13255.257143758","31","31","31"
"13265.256500738","31","31","31"
"13275.256790126","31","31","31"
"13285.255930575","31","31","31"
"13295.255891162","31","31","31"
"13305.256693978","31","31","31"
"13315.256496581","31","31","31"
"13325.256374261","31","31","31"
"13335.257397643","31","31","31"
"13345.256421337","31","31","31"
"13355.256993813","31","31","31"
"13365.256585708","31","31","31"
"13375.256390683","31","31","31"
"13385.257022063","31","31","31"
"13395.256126478","31","31","31"
"13405.256644032","31","31","31"
"13415.256769731","31","31","31"
"13425.256040544","31","31","31"
"13435.257024766","31","31","31"
"13445.256942616","31","31","31"
"13455.257196787","31","31","31"
"13465.256320958","31","31","31"
"13475.256513095","31","31","31"
"13485.256524513","31","31","31"
"13495.256622597","31","31","31"
"13505.256997267","31","31","31"
"13515.257368282","31","31","31"
"13525.256501346","31","31","31"
"13535.256614627","31","31","31"
"13545.257656068","31","31","31"
"13555.256358682","31","31","31"
"13565.256484486","31","31","31"
"13575.256508189","31","31","31"
"13585.256590504","31","31","31"
"13595.257027917","31","31","31"
"13605.256657642","31","31","31"
"13615.256663397","31","31","31"
"13625.256732935","31","31","31"
"13635.256281773","31","31","31"
"13645.25727933","31","31","31"
"13655.256120476","31","31","31"
"13665.25646901","31","31","31"
"13675.256481207","31","31","31"
"13685.256826363","31","31","31"
"13695.256852347","31","31","31"
"13705.256848898","31","31","31"
"13715.257152591","31","31","31"
"13725.256611139","31","31","31"
"13735.25701955","31","31","31"
"13745.257041217","31","31","31"
"13755.256851","31","31","31"
"13765.257004733","31","31","31"
"13775.256955222","31","31","31"
"13785.256287794","31","31","31"
"13795.255997115","31","31","31"
"13805.256856916","31","31","31"
"13815.256265557","31","31","31"
"13825.257008692","31","31","31"
"13835.256845016","31","31","31"
"13845.257248538","31","31","31"
"13855.257193375","31","31","31"
"13865.256861778","31","31","31"
"13875.257121298","31","31","31"
"13885.257054803","31","31","31"
"13895.257482686","31","31","31"
"13905.256386734","31","31","31"
"13915.256918955","31","31","31"
"13925.256777288","31","31","31"
"13935.256200425","31","31","31"
"13945.256815415","31","31","31"
"13955.25662001","31","31","31"
"13965.25684294","31","31","31"
"13975.256821692","31","31","31"
"13985.256465294","31","31","31"
"13995.256077643","31","31","31"
"14005.256700622","31","31","31"
"14015.257356339","31","31","31"
"14025.256934773","31","31","31"
"14035.257266263","31","31","31"
"14045.257014464","31","31","31"
"14055.256500549","31","31","31"
"14065.256439465","31","31","31"
"14075.256628271","31","31","31"
"14085.256429685","31","31","31"
"14095.256812075","31","31","31"
"14105.256376038","31","31","31"
"14115.256067533","31","31","31"
"14125.256473621","31","31","31"
"14135.256554863","31","31","31"
"14145.256879406","31","31","31"
"14155.256009305","31","31","31"
"14165.25714357","31","31","31"
"14175.256012679","31","31","31"
"14185.256316744","31","31","31"
"14195.256698055","31","31","31"
"14205.257035437","31","31","31"
"14215.256928566","31","31","31"
"14225.25640323","31","31","31"
"14235.256212669","31","31","31"
"14245.257111984","31","31","31"
"14255.256718729","31","31","31"
"14265.256648534","31","31","31"
"14275.256659932","31","31","31"
"14285.256572269","31","31","31"
"14295.256909539","31","31","31"
"14305.257885358","31","31","31"
"14315.256421987","31","31","31"
"14325.256434891","31","31","31"
"14335.257607175","31","31","31"
"14345.25653955","31","31","31"
"14355.257246954","31","31","31"
"14365.25619601","31","31","31"
"14375.256538181","31","31","31"
"14385.256155947","31","31","31"
"14395.256194763","31","31","31"
"14405.256839455","31","31","31"
"14415.25596953","31","31","31"
"14425.256047026","31","31","31"
"14435.257180106","31","31","31"
"14445.257831667","31","31","31"
"14455.257074679","31","31","31"
"14465.256738383","35","35","35"
"14475.256011886","35","35","35"
"14485.25640802","35","35","35"
"14495.2567391","35","35","35"
"14505.256447911","35","35","35"
"14515.257016227","35","35","35"
"14525.256844573","35","35","35"
"14535.256001973","35","35","35"
"14545.256361405","35","35","35"
"14555.256698446","35","35","35"
"14565.256028083","35","35","35"
"14575.256603691","35","35","35"
"14585.257110857","35","35","35"
"14595.256888492","35","35","35"
"14605.256321157","35","35","35"
"14615.256651666","35","35","35"
"14625.256570406","35","35","35"
"14635.256598047","35","35","35"
"14645.256501588","35","35","35"
"14655.256402089","35","35","35"
"14665.256356076","35","35","35"
"14675.256971201","35","35","35"
"14685.257095933","35","35","35"
"14695.256404038","35","35","35"
"14705.256986232","35","35","35"
"14715.256441707","35","35","35"
"14725.257076384","35","35","35"
"14735.256842266","35","35","35"
"14745.256970751","35","35","35"
"14755.25676263","35","35","35"
"14765.256646533","35","35","35"
"14775.257337111","35","35","35"
"14785.257116004","35","35","35"
"14795.256261272","35","35","35"
"14805.25765181","35","35","35"
"14815.257507078","35","35","35"
"14825.257042863","35","35","35"
"14835.257926274","35","35","35"
"14845.256252859","35","35","35"
"14855.256806567","35","35","35"
"14865.256552827","35","35","35"
"14875.256749957","35","35","35"
"14885.25630328","35","35","35"
"14895.256240855","35","35","35"
"14905.256652593","35","35","35"
"14915.256513917","35","35","35"
"14925.257513278","35","35","35"
"14935.256570158","35","35","35"
"14945.256730925","35","35","35"
"14955.258169467","35","35","35"
"14965.256523816","35","35","35"
"14975.256363208","35","35","35"
"14985.257296241","35","35","35"
"14995.256396626","35","35","35"
"15005.25712616","35","35","35"
"15015.256707113","35","35","35"
"15025.256438259","35","35","35"
"15035.257259302","35","35","35"
"15045.257310995","35","35","35"
"15055.256048466","35","35","35"
"15065.256652969","35","35","35"
"15075.25603468","35","35","35"
"15085.256911744","35","35","35"
"15095.25627802","35","35","35"
"15105.257123498","35","35","35"
"15115.256720529","35","35","35"
"15125.256713146","35","35","35"
"15135.256709701","35","35","35"
"15145.256535786","35","35","35"
"15155.257332463","35","35","35"
"15165.255840725","35","35","35"
"15175.257823301","35","35","35"
"15185.256413552","35","35","35"
"15195.2567616","35","35","35"
"15205.256803248","35","35","35"
"15215.256517715","35","35","35"
"15225.256384738","35","35","35"
"15235.256451572","35","35","35"
"15245.256403157","35","35","35"
"15255.257778127","35","35","35"
"15265.256188513","35","35","35"
"15275.256517471","35","35","35"
"15285.256834286","35","35","35"
"15295.256906533","35","35","35"
"15305.256773906","35","35","35"
"15315.256675227","35","35","35"
"15325.256108438","35","35","35"
"15335.257195532","35","35","35"
"15345.256872091","35","35","35"
"15355.256462273","35","35","35"
"15365.256300451","35","35","35"
"15375.256397396","35","35","35"
"15385.256939041","35","35","35"
"15395.256800041","35","35","35"
"15405.256944859","35","35","35"
"15415.257138413","35","35","35"
"15425.25631514","35","35","35"
"15435.256212955","35","35","35"
"15445.256857337","35","35","35"
"15455.256858825","35","35","35"
"15465.256970811","35","35","35"
"15475.256733336","35","35","35"
"15485.256908764","35","35","35"
"15495.258191576","35","35","35"
"15505.25617041","35","35","35"
"15515.256916989","35","35","35"
"15525.256495082","35","35","35"
"15535.256697139","35","35","35"
"15545.256518484","35","35","35"
"15555.257225991","35","35","35"
"15565.256177026","35","35","35"
"15575.256083913","35","35","35"
"15585.256251413","35","35","35"
"15595.257322817","35","35","35"
"15605.256435785","35","35","35"
"15615.256699002","35","35","35"
"15625.256808059","35","35","35"
"15635.256714033","35","35","35"
"15645.256863935","35","35","35"
"15655.256523307","35","35","35"
"15665.256212632","35","35","35"
"15675.256572416","35","35","35"
"15685.25635853","35","35","35"
"15695.257013194","35","35","35"
"15705.256907331","35","35","35"
"15715.256243634","35","35","35"
"15725.256679072","35","35","35"
"15735.256123201","35","35","35"
"15745.256098434","35","35","35"
"15755.255908947","35","35","35"
"15765.256080803","35","35","35"
"15775.256552138","35","35","35"
"15785.257020905","35","35","35"
"15795.257082899","35","35","35"
"15805.256792351","35","35","35"
"15815.256431302","35","35","35"
"15825.256682939","35","35","35"
"15835.25669123","35","35","35"
"15845.256894168","35","35","35"
"15855.257560873","35","35","35"
"15865.257113808","35","35","35"
"15875.256982921","35","35","35"
"15885.256658465","35","35","35"
"15895.256652004","35","35","35"
"15905.256301652","35","35","35"
"15915.256447118","35","35","35"
"15925.256699034","35","35","35"
"15935.256383529","35","35","35"
"15945.256847404","35","35","35"
"15955.257150816","35","35","35"
"15965.256865661","35","35","35"
"15975.256562226","35","35","35"
"15985.256819232","35","35","35"
"15995.255946325","35","35","35"
"16005.257434969","35","35","35"
"16015.256820384","35","35","35"
"16025.25603294","35","35","35"
"16035.256590912","35","35","35"
"16045.256898383","35","35","35"
"16055.256802634","35","35","35"
"16065.256974979","35","35","35"
"16075.256929297","35","35","35"
"16085.256396121","35","35","35"
"16095.257506903","35","35","35"
"16105.256322532","35","35","35"
"16115.25678676","35","35","35"
"16125.256600283","35","35","35"
"16135.257190914","35","35","35"
"16145.256626717","35","35","35"
"16155.256712476","35","35","35"
"16165.256379613","35","35","35"
"16175.256522573","35","35","35"
"16185.257160013","35","35","35"
"16195.257055556","35","35","35"
"16205.256229877","35","35","35"
"16215.258045317","35","35","35"
"16225.256815338","35","35","35"
"16235.257287678","35","35","35"
"16245.257844658","35","35","35"
"16255.257232521","35","35","35"
"16265.256540612","35","35","35"
"16275.256869534","35","35","35"
"16285.256771802","35","35","35"
"16295.257322956","35","35","35"
"16305.256796615","35","35","35"
"16315.256723229","35","35","35"
"16325.257090107","35","35","35"
"16335.257024071","35","35","35"
"16345.256549862","35","35","35"
"16355.255968231","35","35","35"
"16365.256497945","35","35","35"
"16375.257095816","35","35","35"
"16385.256798056","35","35","35"
"16395.257006887","35","35","35"
"16405.256160772","35","35","35"
"16415.256183794","35","35","35"
"16425.257305483","35","35","35"
"16435.256807787","35","35","35"
"16445.256633569","35","35","35"
"16455.256814087","35","35","35"
"16465.256726701","35","35","35"
"16475.256929103","35","35","35"
"16485.256121641","35","35","35"
"16495.256953783","35","35","35"
"16505.255981389","35","35","35"
"16515.257163043","35","35","35"
"16525.256206027","35","35","35"
"16535.256765424","35","35","35"
"16545.256232679","35","35","35"
"16555.257044712","35","35","35"
"16565.256755761","35","35","35"
"16575.25699207","35","35","35"
"16585.257006527","35","35","35"
"16595.256823532","35","35","35"
"16605.256552054","35","35","35"
"16615.256794018","35","35","35"
"16625.256418636","35","35","35"
"16635.256556659","35","35","35"
"16645.256114254","35","35","35"
"16655.256675448","35","35","35"
"16665.256998161","35","35","35"
"16675.256555451","35","35","35"
"16685.256587303","35","35","35"
"16695.256766344","35","35","35"
"16705.256643981","35","35","35"
"16715.256475439","35","35","35"
"16725.256630003","35","35","35"
"16735.25648192","35","35","35"
"16745.257085053","35","35","35"
"16755.257271403","35","35","35"
"16765.257293866","35","35","35"
"16775.25645572","35","35","35"
"16785.257411556","35","35","35"
"16795.256768143","35","35","35"
"16805.256951348","35","35","35"
"16815.256651866","35","35","35"
"16825.256830271","35","35","35"
"16835.256392593","35","35","35"
"16845.256271564","35","35","35"
"16855.256651462","35","35","35"
"16865.256546274","35","35","35"
"16875.255997201","35","35","35"
"16885.256340105","35","35","35"
"16895.256537923","35","35","35"
"16905.256599821","35","35","35"
"16915.25670217","35","35","35"
"16925.256595333","35","35","35"
"16935.257490258","35","35","35"
"16945.255927915","35","35","35"
"16955.256274773","35","35","35"
"16965.257559651","35","35","35"
"16975.256545994","35","35","35"
"16985.256842136","35","35","35"
"16995.257588866","35","35","35"
"17005.257239469","35","35","35"
"17015.256620833","35","35","35"
"17025.257557566","35","35","35"
"17035.257945226","35","35","35"
"17045.256230989","35","35","35"
"17055.256713953","35","35","35"
"17065.256755001","35","35","35"
"17075.256534368","35","35","35"
"17085.256669519","35","35","35"
"17095.256407124","35","35","35"
"17105.256555356","35","35","35"
"17115.257111204","35","35","35"
"17125.256316768","35","35","35"
"17135.256355036","35","35","35"
"17145.257392763","35","35","35"
"17155.256467421","35","35","35"
"17165.256536324","35","35","35"
"17175.256441897","35","35","35"
"17185.256794423","35","35","35"
"17195.256208493","35","35","35"
"17205.256914164","35","35","35"
"17215.256918386","35","35","35"
"17225.257033761","35","35","35"
"17235.257215499","35","35","35"
"17245.256327247","35","35","35"
"17255.256220883","35","35","35"
"17265.256228228","35","35","35"
"17275.256669335","35","35","35"
"17285.257006034","35","35","35"
"17295.256423285","35","35","35"
"17305.256891546","35","35","35"
"17315.256836925","35","35","35"
"17325.256164716","35","35","35"
"17335.25640729","35","35","35"
"17345.256702801","35","35","35"
"17355.256781212","35","35","35"
"17365.256649338","35","35","35"
"17375.256102275","35","35","35"
"17385.25743451","35","35","35"
"17395.256706053","35","35","35"
"17405.256482018","35","35","35"
"17415.257953545","35","35","35"
"17425.256803021","35","35","35"
"17435.256198308","35","35","35"
"17445.256063062","35","35","35"
"17455.256964565","35","35","35"
"17465.256487684","35","35","35"
"17475.25653337","35","35","35"
"17485.256535877","35","35","35"
"17495.256660543","35","35","35"
"17505.256184394","35","35","35"
"17515.256258329","35","35","35"
"17525.256616121","35","35","35"
"17535.257386915","35","35","35"
"17545.257252433","35","35","35"
"17555.257152164","35","35","35"
"17565.256489018","35","35","35"
"17575.256848108","35","35","35"
"17585.256140593","35","35","35"
"17595.257001631","35","35","35"
"17605.256803908","35","35","35"
"17615.256191768","35","35","35"
"17625.257607289","35","35","35"
"17635.2566518","35","35","35"
"17645.256327966","35","35","35"
"17655.255926319","35","35","35"
"17665.256213355","35","35","35"
"17675.256361274","35","35","35"
"17685.256854993","35","35","35"
"17695.256569598","35","35","35"
"17705.256803643","35","35","35"
"17715.256477848","35","35","35"
"17725.257000894","35","35","35"
"17735.256718542","35","35","35"
"17745.257227162","35","35","35"
"17755.256846798","35","35","35"
"17765.256901848","35","35","35"
"17775.256808627","35","35","35"
"17785.256522456","35","35","35"
"17795.256615031","35","35","35"
"17805.257770399","35","35","35"
"17815.256620537","35","35","35"
"17825.256503238","35","35","35"
"17835.256232983","35","35","35"
"17845.256572506","35","35","35"
"17855.257314026","35","35","35"
"17865.256183938","35","35","35"
"17875.256639516","35","35","35"
"17885.256620961","35","35","35"
"17895.25772227","35","35","35"
"17905.256319202","35","35","35"
"17915.256699331","35","35","35"
"17925.257618388","35","35","35"
"17935.256303289","35","35","35"
"17945.257198479","35","35","35"
"17955.256726309","35","35","35"
"17965.257439347","35","35","35"
"17975.256996872","35","35","35"
"17985.257032867","35","35","35"
"17995.256962324","35","35","35"
"18005.257084098","35","35","35"
"18015.258092527","35","35","35"
"18025.256835619","35","35","35"
"18035.256190437","35","35","35"
"18045.257243056","35","35","35"
"18055.257008777","35","35","35"
"18065.256950218","35","35","35"
"18075.256960159","35","35","35"
"18085.25596532","35","35","35"
"18095.256186501","35","35","35"
"18105.256670791","35","35","35"
"18115.256519215","35","35","35"
"18125.256518606","35","35","35"
"18135.257160619","35","35","35"
"18145.256976871","35","35","35"
"18155.256847418","35","35","35"
"18165.256023449","35","35","35"
"18175.257027121","35","35","35"
"18185.257023203","35","35","35"
"18195.256544172","35","35","35"
"18205.256661839","35","35","35"
"18215.257069052","35","35","35"
"18225.256933982","35","35","35"
"18235.256322109","35","35","35"
"18245.256384516","35","35","35"
"18255.257424048","35","35","35"
"18265.256999875","35","35","35"
"18275.256954632","35","35","35"
"18285.256036815","35","35","35"
"18295.256372058","35","35","35"
"18305.256313876","35","35","35"
"18315.257165402","35","35","35"
"18325.256182133","35","35","35"
"18335.256197339","35","35","35"
"18345.257145346","35","35","35"
"18355.256470823","35","35","35"
"18365.256805338","35","35","35"
"18375.25670744","35","35","35"
"18385.256904184","35","35","35"
"18395.256572241","35","35","35"
"18405.25671703","35","35","35"
"18415.256333221","35","35","35"
"18425.257026278","35","35","35"
"18435.257127244","35","35","35"
"18445.256632194","35","35","35"
"18455.256248953","35","35","35"
"18465.256530748","35","35","35"
"18475.256362748","35","35","35"
"18485.256320536","35","35","35"
"18495.256514946","35","35","35"
"18505.256471928","35","35","35"
"18515.256533415","35","35","35"
"18525.257005137","35","35","35"
"18535.256603396","35","35","35"
"18545.256502166","35","35","35"
"18555.256433051","35","35","35"
"18565.256782129","35","35","35"
"18575.25670489","35","35","35"
"18585.25614742","35","35","35"
"18595.256948044","35","35","35"
"18605.256552873","35","35","35"
"18615.256434191","35","35","35"
"18625.25630546","35","35","35"
"18635.256504578","35","35","35"
"18645.256232976","35","35","35"
"18655.25693102","35","35","35"
"18665.256274042","35","35","35"
"18675.257377022","35","35","35"
"18685.256362688","35","35","35"
"18695.256297812","35","35","35"
"18705.25620393","35","35","35"
"18715.257318608","35","35","35"
"18725.257008023","35","35","35"
"18735.257145132","35","35","35"
"18745.256797568","35","35","35"
"18755.256163561","35","35","35"
"18765.256269186","35","35","35"
"18775.257173962","35","35","35"
"18785.256845344","35","35","35"
"18795.256433878","35","35","35"
"18805.256337725","35","35","35"
"18815.256851263","35","35","35"
"18825.256311307","35","35","35"
"18835.256000849","35","35","35"
"18845.256122118","35","35","35"
"18855.25619655","35","35","35"
"18865.256625671","35","35","35"
"18875.257072675","35","35","35"
"18885.256945377","35","35","35"
"18895.256185145","35","35","35"
"18905.25652442","35","35","35"
"18915.2559549","35","35","35"
"18925.257008833","35","35","35"
"18935.257045431","35","35","35"
"18945.256597643","35","35","35"
"18955.255908452","35","35","35"
"18965.256224559","35","35","35"
"18975.256408057","35","35","35"
"18985.256801377","35","35","35"
"18995.256793884","35","35","35"
"19005.256606586","35","35","35"
"19015.257082611","35","35","35"
"19025.256641852","35","35","35"
"19035.256308359","35","35","35"
"19045.256743396","35","35","35"
"19055.256294945","35","35","35"
"19065.257378098","35","35","35"
"19075.256509853","35","35","35"
"19085.257166352","35","35","35"
"19095.256665132","35","35","35"
"19105.256835859","35","35","35"
"19115.256948354","35","35","35"
"19125.256957629","35","35","35"
"19135.256459331","35","35","35"
"19145.257061642","35","35","35"
"19155.256413102","35","35","35"
"19165.256557435","35","35","35"
"19175.256411832","35","35","35"
"19185.25670703","35","35","35"
"19195.257085617","35","35","35"
"19205.256761223","35","35","35"
"19215.256619551","35","35","35"
"19225.256397174","35","35","35"
"19235.256062223","35","35","35"
"19245.256773574","35","35","35"
"19255.256562187","35","35","35"
"19265.256734964","35","35","35"
"19275.25667323","35","35","35"
"19285.256652315","35","35","35"
"19295.256189661","35","35","35"
"19305.256256864","35","35","35"
"19315.256918785","35","35","35"
"19325.256919925","35","35","35"
"19335.256095613","35","35","35"
"19345.256119145","35","35","35"
"19355.257448445","35","35","35"
"19365.25791082","35","35","35"
"19375.256617324","35","35","35"
"19385.255943378","35","35","35"
"19395.256069919","35","35","35"
"19405.256653844","35","35","35"
"19415.256567223","35","35","35"
"19425.25623486","35","35","35"
"19435.256868719","35","35","35"
"19445.256781888","35","35","35"
"19455.256320387","35","35","35"
"19465.255902948","35","35","35"
"19475.257257968","35","35","35"
"19485.256748116","35","35","35"
"19495.256305982","35","35","35"
"19505.256239711","35","35","35"
"19515.256949392","35","35","35"
"19525.257259581","35","35","35"
"19535.256891649","35","35","35"
"19545.257103685","35","35","35"
"19555.256900005","35","35","35"
"19565.256227867","35","35","35"
"19575.257424813","35","35","35"
"19585.257073853","35","35","35"
"19595.25665728","35","35","35"
"19605.258350833","35","35","35"
"19615.257291347","35","35","35"
"19625.256732252","35","35","35"
"19635.257397622","35","35","35"
"19645.256550656","35","35","35"
"19655.256324726","35","35","35"
"19665.256021133","35","35","35"
"19675.25699652","35","35","35"
"19685.257185583","35","35","35"
"19695.255918772","35","35","35"
"19705.256338575","35","35","35"
"19715.256977159","35","35","35"
"19725.256681538","35","35","35"
"19735.256927272","35","35","35"
"19745.256164467","35","35","35"
"19755.256366165","35","35","35"
"19765.256817429","35","35","35"
"19775.256627843","35","35","35"
"19785.256988867","35","35","35"
"19795.256491227","35","35","35"
"19805.256278318","35","35","35"
"19815.258019937","35","35","35"
"19825.256939717","35","35","35"
"19835.256026067","35","35","35"
"19845.255844798","35","35","35"
"20645.256537264","73","73","73"
"21775.257206192","35","35","35"
"21785.256156647","35","35","35"
"21795.256154294","35","35","35"
"21805.255909325","35","35","35"