"Step","StudyAbroadGPT-7B-continued - train/global_step","StudyAbroadGPT-7B-continued - train/global_step__MIN","StudyAbroadGPT-7B-continued - train/global_step__MAX"
"0","0","0","0"
"1","1","1","1"
"2","1","1","1"
"3","2","2","2"
"4","2","2","2"
"5","3","3","3"
"6","3","3","3"
"7","4","4","4"
"8","4","4","4"
"9","5","5","5"
"10","5","5","5"
"11","6","6","6"
"12","6","6","6"
"13","7","7","7"
"14","7","7","7"
"15","8","8","8"
"16","8","8","8"
"17","9","9","9"
"18","9","9","9"
"19","10","10","10"
"20","10","10","10"
"21","11","11","11"
"22","11","11","11"
"23","12","12","12"
"24","12","12","12"
"25","13","13","13"
"26","13","13","13"
"27","14","14","14"
"28","14","14","14"
"29","15","15","15"
"30","15","15","15"
"31","16","16","16"
"32","16","16","16"
"33","17","17","17"
"34","17","17","17"
"35","18","18","18"
"36","18","18","18"
"37","19","19","19"
"38","19","19","19"
"39","20","20","20"
"40","20","20","20"
"41","21","21","21"
"42","21","21","21"
"43","22","22","22"
"44","22","22","22"
"45","23","23","23"
"46","23","23","23"
"47","24","24","24"
"48","24","24","24"
"49","25","25","25"
"50","25","25","25"
"51","26","26","26"
"52","26","26","26"
"53","27","27","27"
"54","27","27","27"
"55","28","28","28"
"56","28","28","28"
"57","29","29","29"
"58","29","29","29"
"59","30","30","30"
"60","30","30","30"
"61","31","31","31"
"62","31","31","31"
"63","32","32","32"
"64","32","32","32"
"65","33","33","33"
"66","33","33","33"
"67","34","34","34"
"68","34","34","34"
"69","35","35","35"
"70","35","35","35"
"71","36","36","36"
"72","36","36","36"
"73","37","37","37"
"74","37","37","37"
"75","38","38","38"
"76","38","38","38"
"77","39","39","39"
"78","39","39","39"
"79","40","40","40"
"80","40","40","40"
"81","41","41","41"
"82","41","41","41"
"83","42","42","42"
"84","42","42","42"
"85","43","43","43"
"86","43","43","43"
"87","44","44","44"
"88","44","44","44"
"89","45","45","45"
"90","45","45","45"
"91","46","46","46"
"92","46","46","46"
"93","47","47","47"
"94","47","47","47"
"95","48","48","48"
"96","48","48","48"
"97","49","49","49"
"98","49","49","49"
"99","50","50","50"
"100","50","50","50"
"101","51","51","51"
"102","51","51","51"
"103","52","52","52"
"104","52","52","52"
"105","53","53","53"
"106","53","53","53"
"107","54","54","54"
"108","54","54","54"
"109","55","55","55"
"110","55","55","55"
"111","56","56","56"
"112","56","56","56"
"113","57","57","57"
"114","57","57","57"
"115","58","58","58"
"116","58","58","58"
"117","59","59","59"
"118","59","59","59"
"119","60","60","60"
"120","60","60","60"
"121","61","61","61"
"122","61","61","61"
"123","62","62","62"
"124","62","62","62"
"125","63","63","63"
"126","63","63","63"
"127","64","64","64"
"128","64","64","64"
"129","65","65","65"
"130","65","65","65"
"131","66","66","66"
"132","66","66","66"
"133","67","67","67"
"134","67","67","67"
"135","68","68","68"
"136","68","68","68"
"137","69","69","69"
"138","69","69","69"
"139","70","70","70"
"140","70","70","70"
"141","71","71","71"
"142","71","71","71"
"143","72","72","72"
"144","72","72","72"
"145","72","72","72"
"146","73","73","73"
"147","73","73","73"
"148","74","74","74"
"149","74","74","74"
"150","75","75","75"
"151","75","75","75"
"152","76","76","76"
"153","76","76","76"
"154","77","77","77"
"155","77","77","77"
"156","78","78","78"
"157","78","78","78"
"158","79","79","79"
"159","79","79","79"
"160","80","80","80"
"161","80","80","80"
"162","81","81","81"
"163","81","81","81"
"164","82","82","82"
"165","82","82","82"
"166","83","83","83"
"167","83","83","83"
"168","84","84","84"
"169","84","84","84"
"170","85","85","85"
"171","85","85","85"
"172","86","86","86"
"173","86","86","86"
"174","87","87","87"
"175","87","87","87"
"176","88","88","88"
"177","88","88","88"
"178","89","89","89"
"179","89","89","89"
"180","90","90","90"
"181","90","90","90"
"182","91","91","91"
"183","91","91","91"
"184","92","92","92"
"185","92","92","92"
"186","93","93","93"
"187","93","93","93"
"188","94","94","94"
"189","94","94","94"
"190","95","95","95"
"191","95","95","95"
"192","96","96","96"
"193","96","96","96"
"194","97","97","97"
"195","97","97","97"
"196","98","98","98"
"197","98","98","98"
"198","99","99","99"
"199","99","99","99"
"200","100","100","100"
"201","100","100","100"
"202","101","101","101"
"203","101","101","101"
"204","102","102","102"
"205","102","102","102"
"206","103","103","103"
"207","103","103","103"
"208","104","104","104"
"209","104","104","104"
"210","105","105","105"
"211","105","105","105"
"212","106","106","106"
"213","106","106","106"
"214","107","107","107"
"215","107","107","107"
"216","108","108","108"
"217","108","108","108"
"218","109","109","109"
"219","109","109","109"
"220","110","110","110"
"221","110","110","110"
"222","111","111","111"
"223","111","111","111"
"224","112","112","112"
"225","112","112","112"
"226","113","113","113"
"227","113","113","113"
"228","114","114","114"
"229","114","114","114"
"230","115","115","115"
"231","115","115","115"
"232","116","116","116"
"233","116","116","116"
"234","117","117","117"
"235","117","117","117"
"236","118","118","118"
"237","118","118","118"
"238","119","119","119"
"239","119","119","119"
"240","120","120","120"
"241","120","120","120"
"242","121","121","121"
"243","121","121","121"
"244","122","122","122"
"245","122","122","122"
"246","123","123","123"
"247","123","123","123"
"248","124","124","124"
"249","124","124","124"
"250","125","125","125"
"251","125","125","125"
"252","126","126","126"
"253","126","126","126"
"254","127","127","127"
"255","127","127","127"
"256","128","128","128"
"257","128","128","128"
"258","129","129","129"
"259","129","129","129"
"260","130","130","130"
"261","130","130","130"
"262","131","131","131"
"263","131","131","131"
"264","132","132","132"
"265","132","132","132"
"266","133","133","133"
"267","133","133","133"
"268","134","134","134"
"269","134","134","134"
"270","135","135","135"
"271","135","135","135"
"272","136","136","136"
"273","136","136","136"
"274","137","137","137"
"275","137","137","137"
"276","138","138","138"
"277","138","138","138"
"278","139","139","139"
"279","139","139","139"
"280","140","140","140"
"281","140","140","140"
"282","141","141","141"
"283","141","141","141"
"284","142","142","142"
"285","142","142","142"
"286","142","142","142"
"287","142","142","142"