"train/global_step","StudyAbroadGPT-7B - _step","StudyAbroadGPT-7B - _step__MIN","StudyAbroadGPT-7B - _step__MAX","StudyAbroadGPT-7B - train/epoch","StudyAbroadGPT-7B - train/epoch__MIN","StudyAbroadGPT-7B - train/epoch__MAX"
"1","7","0","14","0.003518029903254178","0.003518029903254178","0.003518029903254178"
"2","8","1","15","0.007036059806508356","0.007036059806508356","0.007036059806508356"
"3","9","2","16","0.010554089709762533","0.010554089709762533","0.010554089709762533"
"4","10","3","17","0.014072119613016711","0.014072119613016711","0.014072119613016711"
"5","11","4","18","0.01759014951627089","0.01759014951627089","0.01759014951627089"
"6","12","5","19","0.021108179419525065","0.021108179419525065","0.021108179419525065"
"7","13","6","20","0.024626209322779244","0.024626209322779244","0.024626209322779244"
"8","14","7","21","0.028144239226033423","0.028144239226033423","0.028144239226033423"
"9","15","8","22","0.0316622691292876","0.0316622691292876","0.0316622691292876"
"10","16","9","23","0.03518029903254178","0.03518029903254178","0.03518029903254178"
"11","17","10","24","0.03869832893579595","0.03869832893579595","0.03869832893579595"
"12","18","11","25","0.04221635883905013","0.04221635883905013","0.04221635883905013"
"13","19","12","26","0.04573438874230431","0.04573438874230431","0.04573438874230431"
"14","20","13","27","0.04925241864555849","0.04925241864555849","0.04925241864555849"
"15","28","28","28","0.052770448548812667","0.052770448548812667","0.052770448548812667"
"16","29","29","29","0.056288478452066845","0.056288478452066845","0.056288478452066845"
"17","30","30","30","0.05980650835532102","0.05980650835532102","0.05980650835532102"
"18","31","31","31","0.0633245382585752","0.0633245382585752","0.0633245382585752"
"19","32","32","32","0.06684256816182937","0.06684256816182937","0.06684256816182937"
"20","33","33","33","0.07036059806508356","0.07036059806508356","0.07036059806508356"
"21","34","34","34","0.07387862796833773","0.07387862796833773","0.07387862796833773"
"22","35","35","35","0.0773966578715919","0.0773966578715919","0.0773966578715919"
"23","36","36","36","0.08091468777484609","0.08091468777484609","0.08091468777484609"
"24","37","37","37","0.08443271767810026","0.08443271767810026","0.08443271767810026"
"25","38","38","38","0.08795074758135445","0.08795074758135445","0.08795074758135445"
"26","39","39","39","0.09146877748460862","0.09146877748460862","0.09146877748460862"
"27","40","40","40","0.09498680738786279","0.09498680738786279","0.09498680738786279"
"28","41","41","41","0.09850483729111698","0.09850483729111698","0.09850483729111698"
"29","42","42","42","0.10202286719437115","0.10202286719437115","0.10202286719437115"
"30","43","43","43","0.10554089709762533","0.10554089709762533","0.10554089709762533"
"31","44","44","44","0.1090589270008795","0.1090589270008795","0.1090589270008795"
"32","45","45","45","0.11257695690413369","0.11257695690413369","0.11257695690413369"
"33","46","46","46","0.11609498680738786","0.11609498680738786","0.11609498680738786"
"34","47","47","47","0.11961301671064203","0.11961301671064203","0.11961301671064203"
"35","48","48","48","0.12313104661389622","0.12313104661389622","0.12313104661389622"
"36","49","49","49","0.1266490765171504","0.1266490765171504","0.1266490765171504"
"37","50","50","50","0.13016710642040458","0.13016710642040458","0.13016710642040458"
"38","51","51","51","0.13368513632365875","0.13368513632365875","0.13368513632365875"
"39","52","52","52","0.13720316622691292","0.13720316622691292","0.13720316622691292"
"40","53","53","53","0.14072119613016712","0.14072119613016712","0.14072119613016712"
"41","54","54","54","0.1442392260334213","0.1442392260334213","0.1442392260334213"
"42","55","55","55","0.14775725593667546","0.14775725593667546","0.14775725593667546"
"43","56","56","56","0.15127528583992964","0.15127528583992964","0.15127528583992964"
"44","57","57","57","0.1547933157431838","0.1547933157431838","0.1547933157431838"
"45","58","58","58","0.158311345646438","0.158311345646438","0.158311345646438"
"46","59","59","59","0.16182937554969218","0.16182937554969218","0.16182937554969218"
"47","60","60","60","0.16534740545294635","0.16534740545294635","0.16534740545294635"
"48","61","61","61","0.16886543535620052","0.16886543535620052","0.16886543535620052"
"49","62","62","62","0.1723834652594547","0.1723834652594547","0.1723834652594547"
"50","63","63","63","0.1759014951627089","0.1759014951627089","0.1759014951627089"
"51","64","64","64","0.17941952506596306","0.17941952506596306","0.17941952506596306"
"52","65","65","65","0.18293755496921724","0.18293755496921724","0.18293755496921724"
"53","66","66","66","0.1864555848724714","0.1864555848724714","0.1864555848724714"
"54","67","67","67","0.18997361477572558","0.18997361477572558","0.18997361477572558"
"55","68","68","68","0.19349164467897978","0.19349164467897978","0.19349164467897978"
"56","69","69","69","0.19700967458223395","0.19700967458223395","0.19700967458223395"
"57","70","70","70","0.20052770448548812","0.20052770448548812","0.20052770448548812"
"58","71","71","71","0.2040457343887423","0.2040457343887423","0.2040457343887423"
"59","72","72","72","0.2075637642919965","0.2075637642919965","0.2075637642919965"
"60","73","73","73","0.21108179419525067","0.21108179419525067","0.21108179419525067"
"61","74","74","74","0.21459982409850484","0.21459982409850484","0.21459982409850484"
"62","75","75","75","0.218117854001759","0.218117854001759","0.218117854001759"
"63","76","76","76","0.22163588390501318","0.22163588390501318","0.22163588390501318"
"64","77","77","77","0.22515391380826738","0.22515391380826738","0.22515391380826738"
"65","78","78","78","0.22867194371152155","0.22867194371152155","0.22867194371152155"
"66","79","79","79","0.23218997361477572","0.23218997361477572","0.23218997361477572"
"67","80","80","80","0.2357080035180299","0.2357080035180299","0.2357080035180299"
"68","81","81","81","0.23922603342128407","0.23922603342128407","0.23922603342128407"
"69","82","82","82","0.24274406332453827","0.24274406332453827","0.24274406332453827"
"70","83","83","83","0.24626209322779244","0.24626209322779244","0.24626209322779244"
"71","84","84","84","0.2497801231310466","0.2497801231310466","0.2497801231310466"
"72","85","85","85","0.2532981530343008","0.2532981530343008","0.2532981530343008"
"73","86","86","86","0.256816182937555","0.256816182937555","0.256816182937555"
"74","87","87","87","0.26033421284080915","0.26033421284080915","0.26033421284080915"
"75","88","88","88","0.2638522427440633","0.2638522427440633","0.2638522427440633"
"76","89","89","89","0.2673702726473175","0.2673702726473175","0.2673702726473175"
"77","90","90","90","0.27088830255057167","0.27088830255057167","0.27088830255057167"
"78","91","91","91","0.27440633245382584","0.27440633245382584","0.27440633245382584"
"79","92","92","92","0.27792436235708","0.27792436235708","0.27792436235708"
"80","93","93","93","0.28144239226033424","0.28144239226033424","0.28144239226033424"
"81","94","94","94","0.2849604221635884","0.2849604221635884","0.2849604221635884"
"82","95","95","95","0.2884784520668426","0.2884784520668426","0.2884784520668426"
"83","96","96","96","0.29199648197009676","0.29199648197009676","0.29199648197009676"
"84","97","97","97","0.2955145118733509","0.2955145118733509","0.2955145118733509"
"85","98","98","98","0.2990325417766051","0.2990325417766051","0.2990325417766051"
"86","99","99","99","0.30255057167985927","0.30255057167985927","0.30255057167985927"
"87","100","100","100","0.30606860158311344","0.30606860158311344","0.30606860158311344"
"88","101","101","101","0.3095866314863676","0.3095866314863676","0.3095866314863676"
"89","102","102","102","0.3131046613896218","0.3131046613896218","0.3131046613896218"
"90","103","103","103","0.316622691292876","0.316622691292876","0.316622691292876"
"91","104","104","104","0.3201407211961302","0.3201407211961302","0.3201407211961302"
"92","105","105","105","0.32365875109938436","0.32365875109938436","0.32365875109938436"
"93","106","106","106","0.32717678100263853","0.32717678100263853","0.32717678100263853"
"94","107","107","107","0.3306948109058927","0.3306948109058927","0.3306948109058927"
"95","108","108","108","0.33421284080914687","0.33421284080914687","0.33421284080914687"
"96","109","109","109","0.33773087071240104","0.33773087071240104","0.33773087071240104"
"97","110","110","110","0.3412489006156552","0.3412489006156552","0.3412489006156552"
"98","111","111","111","0.3447669305189094","0.3447669305189094","0.3447669305189094"
"99","112","112","112","0.3482849604221636","0.3482849604221636","0.3482849604221636"
"100","113","113","113","0.3518029903254178","0.3518029903254178","0.3518029903254178"
"101","114","114","114","0.35532102022867196","0.35532102022867196","0.35532102022867196"
"102","115","115","115","0.35883905013192613","0.35883905013192613","0.35883905013192613"
"103","116","116","116","0.3623570800351803","0.3623570800351803","0.3623570800351803"
"104","117","117","117","0.3658751099384345","0.3658751099384345","0.3658751099384345"
"105","118","118","118","0.36939313984168864","0.36939313984168864","0.36939313984168864"
"106","119","119","119","0.3729111697449428","0.3729111697449428","0.3729111697449428"
"107","120","120","120","0.376429199648197","0.376429199648197","0.376429199648197"
"108","121","121","121","0.37994722955145116","0.37994722955145116","0.37994722955145116"
"109","122","122","122","0.3834652594547054","0.3834652594547054","0.3834652594547054"
"110","123","123","123","0.38698328935795956","0.38698328935795956","0.38698328935795956"
"111","124","124","124","0.39050131926121373","0.39050131926121373","0.39050131926121373"
"112","125","125","125","0.3940193491644679","0.3940193491644679","0.3940193491644679"
"113","126","126","126","0.3975373790677221","0.3975373790677221","0.3975373790677221"
"114","127","127","127","0.40105540897097625","0.40105540897097625","0.40105540897097625"
"115","128","128","128","0.4045734388742304","0.4045734388742304","0.4045734388742304"
"116","129","129","129","0.4080914687774846","0.4080914687774846","0.4080914687774846"
"117","130","130","130","0.41160949868073876","0.41160949868073876","0.41160949868073876"
"118","131","131","131","0.415127528583993","0.415127528583993","0.415127528583993"
"119","132","132","132","0.41864555848724716","0.41864555848724716","0.41864555848724716"
"120","133","133","133","0.42216358839050133","0.42216358839050133","0.42216358839050133"
"121","134","134","134","0.4256816182937555","0.4256816182937555","0.4256816182937555"
"122","135","135","135","0.4291996481970097","0.4291996481970097","0.4291996481970097"
"123","136","136","136","0.43271767810026385","0.43271767810026385","0.43271767810026385"
"124","137","137","137","0.436235708003518","0.436235708003518","0.436235708003518"
"125","138","138","138","0.4397537379067722","0.4397537379067722","0.4397537379067722"
"126","139","139","139","0.44327176781002636","0.44327176781002636","0.44327176781002636"
"127","140","140","140","0.4467897977132806","0.4467897977132806","0.4467897977132806"
"128","141","141","141","0.45030782761653476","0.45030782761653476","0.45030782761653476"
"129","142","142","142","0.45382585751978893","0.45382585751978893","0.45382585751978893"
"130","143","143","143","0.4573438874230431","0.4573438874230431","0.4573438874230431"
"131","144","144","144","0.4608619173262973","0.4608619173262973","0.4608619173262973"
"132","145","145","145","0.46437994722955145","0.46437994722955145","0.46437994722955145"
"133","146","146","146","0.4678979771328056","0.4678979771328056","0.4678979771328056"
"134","147","147","147","0.4714160070360598","0.4714160070360598","0.4714160070360598"
"135","148","148","148","0.47493403693931396","0.47493403693931396","0.47493403693931396"
"136","149","149","149","0.47845206684256814","0.47845206684256814","0.47845206684256814"
"137","150","150","150","0.48197009674582236","0.48197009674582236","0.48197009674582236"
"138","151","151","151","0.48548812664907653","0.48548812664907653","0.48548812664907653"
"139","152","152","152","0.4890061565523307","0.4890061565523307","0.4890061565523307"
"140","153","153","153","0.4925241864555849","0.4925241864555849","0.4925241864555849"
"141","154","154","154","0.49604221635883905","0.49604221635883905","0.49604221635883905"
"142","155","155","155","0.4995602462620932","0.4995602462620932","0.4995602462620932"
"143","156","156","156","0.5030782761653474","0.5030782761653474","0.5030782761653474"
"144","157","157","157","0.5065963060686016","0.5065963060686016","0.5065963060686016"
"145","158","158","158","0.5101143359718557","0.5101143359718557","0.5101143359718557"
"146","159","159","159","0.51363236587511","0.51363236587511","0.51363236587511"
"147","160","160","160","0.5171503957783641","0.5171503957783641","0.5171503957783641"
"148","161","161","161","0.5206684256816183","0.5206684256816183","0.5206684256816183"
"149","162","162","162","0.5241864555848724","0.5241864555848724","0.5241864555848724"
"150","163","163","163","0.5277044854881267","0.5277044854881267","0.5277044854881267"
"151","164","164","164","0.5312225153913809","0.5312225153913809","0.5312225153913809"
"152","165","165","165","0.534740545294635","0.534740545294635","0.534740545294635"
"153","166","166","166","0.5382585751978892","0.5382585751978892","0.5382585751978892"
"154","167","167","167","0.5417766051011433","0.5417766051011433","0.5417766051011433"
"155","168","168","168","0.5452946350043976","0.5452946350043976","0.5452946350043976"
"156","169","169","169","0.5488126649076517","0.5488126649076517","0.5488126649076517"
"157","170","170","170","0.5523306948109059","0.5523306948109059","0.5523306948109059"
"158","171","171","171","0.55584872471416","0.55584872471416","0.55584872471416"
"159","172","172","172","0.5593667546174143","0.5593667546174143","0.5593667546174143"
"160","173","173","173","0.5628847845206685","0.5628847845206685","0.5628847845206685"
"161","174","174","174","0.5664028144239226","0.5664028144239226","0.5664028144239226"
"162","175","175","175","0.5699208443271768","0.5699208443271768","0.5699208443271768"
"163","176","176","176","0.5734388742304309","0.5734388742304309","0.5734388742304309"
"164","177","177","177","0.5769569041336852","0.5769569041336852","0.5769569041336852"
"165","178","178","178","0.5804749340369393","0.5804749340369393","0.5804749340369393"
"166","179","179","179","0.5839929639401935","0.5839929639401935","0.5839929639401935"
"167","180","180","180","0.5875109938434476","0.5875109938434476","0.5875109938434476"
"168","181","181","181","0.5910290237467019","0.5910290237467019","0.5910290237467019"
"169","182","182","182","0.594547053649956","0.594547053649956","0.594547053649956"
"170","183","183","183","0.5980650835532102","0.5980650835532102","0.5980650835532102"
"171","184","184","184","0.6015831134564644","0.6015831134564644","0.6015831134564644"
"172","185","185","185","0.6051011433597185","0.6051011433597185","0.6051011433597185"
"173","186","186","186","0.6086191732629728","0.6086191732629728","0.6086191732629728"
"174","187","187","187","0.6121372031662269","0.6121372031662269","0.6121372031662269"
"175","188","188","188","0.6156552330694811","0.6156552330694811","0.6156552330694811"
"176","189","189","189","0.6191732629727352","0.6191732629727352","0.6191732629727352"
"177","190","190","190","0.6226912928759895","0.6226912928759895","0.6226912928759895"
"178","191","191","191","0.6262093227792436","0.6262093227792436","0.6262093227792436"
"179","192","192","192","0.6297273526824978","0.6297273526824978","0.6297273526824978"
"180","193","193","193","0.633245382585752","0.633245382585752","0.633245382585752"
"181","194","194","194","0.6367634124890061","0.6367634124890061","0.6367634124890061"
"182","195","195","195","0.6402814423922604","0.6402814423922604","0.6402814423922604"
"183","196","196","196","0.6437994722955145","0.6437994722955145","0.6437994722955145"
"184","197","197","197","0.6473175021987687","0.6473175021987687","0.6473175021987687"
"185","198","198","198","0.6508355321020228","0.6508355321020228","0.6508355321020228"
"186","199","199","199","0.6543535620052771","0.6543535620052771","0.6543535620052771"
"187","200","200","200","0.6578715919085312","0.6578715919085312","0.6578715919085312"
"188","201","201","201","0.6613896218117854","0.6613896218117854","0.6613896218117854"
"189","202","202","202","0.6649076517150396","0.6649076517150396","0.6649076517150396"
"190","203","203","203","0.6684256816182937","0.6684256816182937","0.6684256816182937"
"191","204","204","204","0.671943711521548","0.671943711521548","0.671943711521548"
"192","205","205","205","0.6754617414248021","0.6754617414248021","0.6754617414248021"
"193","206","206","206","0.6789797713280563","0.6789797713280563","0.6789797713280563"
"194","207","207","207","0.6824978012313104","0.6824978012313104","0.6824978012313104"
"195","208","208","208","0.6860158311345647","0.6860158311345647","0.6860158311345647"
"196","209","209","209","0.6895338610378188","0.6895338610378188","0.6895338610378188"
"197","210","210","210","0.693051890941073","0.693051890941073","0.693051890941073"
"198","211","211","211","0.6965699208443272","0.6965699208443272","0.6965699208443272"
"199","212","212","212","0.7000879507475813","0.7000879507475813","0.7000879507475813"
"200","213","213","213","0.7036059806508356","0.7036059806508356","0.7036059806508356"
"201","214","214","214","0.7071240105540897","0.7071240105540897","0.7071240105540897"
"202","215","215","215","0.7106420404573439","0.7106420404573439","0.7106420404573439"
"203","216","216","216","0.714160070360598","0.714160070360598","0.714160070360598"
"204","217","217","217","0.7176781002638523","0.7176781002638523","0.7176781002638523"
"205","218","218","218","0.7211961301671064","0.7211961301671064","0.7211961301671064"
"206","219","219","219","0.7247141600703606","0.7247141600703606","0.7247141600703606"
"207","220","220","220","0.7282321899736148","0.7282321899736148","0.7282321899736148"
"208","221","221","221","0.731750219876869","0.731750219876869","0.731750219876869"
"209","222","222","222","0.7352682497801232","0.7352682497801232","0.7352682497801232"
"210","223","223","223","0.7387862796833773","0.7387862796833773","0.7387862796833773"
"211","224","224","224","0.7423043095866315","0.7423043095866315","0.7423043095866315"
"212","225","225","225","0.7458223394898856","0.7458223394898856","0.7458223394898856"
"213","226","226","226","0.7493403693931399","0.7493403693931399","0.7493403693931399"
"214","227","227","227","0.752858399296394","0.752858399296394","0.752858399296394"
"215","228","228","228","0.7563764291996482","0.7563764291996482","0.7563764291996482"
"216","229","229","229","0.7598944591029023","0.7598944591029023","0.7598944591029023"
"217","230","230","230","0.7634124890061565","0.7634124890061565","0.7634124890061565"
"218","231","231","231","0.7669305189094108","0.7669305189094108","0.7669305189094108"
"219","232","232","232","0.7704485488126649","0.7704485488126649","0.7704485488126649"
"220","233","233","233","0.7739665787159191","0.7739665787159191","0.7739665787159191"
"221","234","234","234","0.7774846086191732","0.7774846086191732","0.7774846086191732"
"222","235","235","235","0.7810026385224275","0.7810026385224275","0.7810026385224275"
"223","236","236","236","0.7845206684256816","0.7845206684256816","0.7845206684256816"
"224","237","237","237","0.7880386983289358","0.7880386983289358","0.7880386983289358"
"225","238","238","238","0.7915567282321899","0.7915567282321899","0.7915567282321899"
"226","239","239","239","0.7950747581354441","0.7950747581354441","0.7950747581354441"
"227","240","240","240","0.7985927880386984","0.7985927880386984","0.7985927880386984"
"228","241","241","241","0.8021108179419525","0.8021108179419525","0.8021108179419525"
"229","242","242","242","0.8056288478452067","0.8056288478452067","0.8056288478452067"
"230","243","243","243","0.8091468777484608","0.8091468777484608","0.8091468777484608"
"231","244","244","244","0.8126649076517151","0.8126649076517151","0.8126649076517151"
"232","245","245","245","0.8161829375549692","0.8161829375549692","0.8161829375549692"
"233","246","246","246","0.8197009674582234","0.8197009674582234","0.8197009674582234"
"234","247","247","247","0.8232189973614775","0.8232189973614775","0.8232189973614775"
"235","248","248","248","0.8267370272647317","0.8267370272647317","0.8267370272647317"
"236","249","249","249","0.830255057167986","0.830255057167986","0.830255057167986"
"237","250","250","250","0.8337730870712401","0.8337730870712401","0.8337730870712401"
"238","251","251","251","0.8372911169744943","0.8372911169744943","0.8372911169744943"
"239","252","252","252","0.8408091468777484","0.8408091468777484","0.8408091468777484"
"240","253","253","253","0.8443271767810027","0.8443271767810027","0.8443271767810027"
"241","254","254","254","0.8478452066842568","0.8478452066842568","0.8478452066842568"
"242","255","255","255","0.851363236587511","0.851363236587511","0.851363236587511"
"243","256","256","256","0.8548812664907651","0.8548812664907651","0.8548812664907651"
"244","257","257","257","0.8583992963940194","0.8583992963940194","0.8583992963940194"
"245","258","258","258","0.8619173262972736","0.8619173262972736","0.8619173262972736"
"246","259","259","259","0.8654353562005277","0.8654353562005277","0.8654353562005277"
"247","260","260","260","0.8689533861037819","0.8689533861037819","0.8689533861037819"
"248","261","261","261","0.872471416007036","0.872471416007036","0.872471416007036"
"249","262","262","262","0.8759894459102903","0.8759894459102903","0.8759894459102903"
"250","263","263","263","0.8795074758135444","0.8795074758135444","0.8795074758135444"
"251","264","264","264","0.8830255057167986","0.8830255057167986","0.8830255057167986"
"252","265","265","265","0.8865435356200527","0.8865435356200527","0.8865435356200527"
"253","266","266","266","0.890061565523307","0.890061565523307","0.890061565523307"
"254","267","267","267","0.8935795954265612","0.8935795954265612","0.8935795954265612"
"255","268","268","268","0.8970976253298153","0.8970976253298153","0.8970976253298153"
"256","269","269","269","0.9006156552330695","0.9006156552330695","0.9006156552330695"
"257","270","270","270","0.9041336851363236","0.9041336851363236","0.9041336851363236"
"258","271","271","271","0.9076517150395779","0.9076517150395779","0.9076517150395779"
"259","272","272","272","0.911169744942832","0.911169744942832","0.911169744942832"
"260","273","273","273","0.9146877748460862","0.9146877748460862","0.9146877748460862"
"261","274","274","274","0.9182058047493403","0.9182058047493403","0.9182058047493403"
"262","275","275","275","0.9217238346525946","0.9217238346525946","0.9217238346525946"
"263","276","276","276","0.9252418645558487","0.9252418645558487","0.9252418645558487"
"264","277","277","277","0.9287598944591029","0.9287598944591029","0.9287598944591029"
"265","278","278","278","0.9322779243623571","0.9322779243623571","0.9322779243623571"
"266","279","279","279","0.9357959542656112","0.9357959542656112","0.9357959542656112"
"267","280","280","280","0.9393139841688655","0.9393139841688655","0.9393139841688655"
"268","281","281","281","0.9428320140721196","0.9428320140721196","0.9428320140721196"
"269","282","282","282","0.9463500439753738","0.9463500439753738","0.9463500439753738"
"270","283","283","283","0.9498680738786279","0.9498680738786279","0.9498680738786279"
"271","284","284","284","0.9533861037818822","0.9533861037818822","0.9533861037818822"
"272","285","285","285","0.9569041336851363","0.9569041336851363","0.9569041336851363"
"273","286","286","286","0.9604221635883905","0.9604221635883905","0.9604221635883905"
"274","287","287","287","0.9639401934916447","0.9639401934916447","0.9639401934916447"
"275","288","288","288","0.9674582233948988","0.9674582233948988","0.9674582233948988"
"276","289","289","289","0.9709762532981531","0.9709762532981531","0.9709762532981531"
"277","290","290","290","0.9744942832014072","0.9744942832014072","0.9744942832014072"
"278","291","291","291","0.9780123131046614","0.9780123131046614","0.9780123131046614"
"279","292","292","292","0.9815303430079155","0.9815303430079155","0.9815303430079155"
"280","293","293","293","0.9850483729111698","0.9850483729111698","0.9850483729111698"
"281","294","294","294","0.9885664028144239","0.9885664028144239","0.9885664028144239"
"282","295","295","295","0.9920844327176781","0.9920844327176781","0.9920844327176781"
"283","296","296","296","0.9956024626209323","0.9956024626209323","0.9956024626209323"
"284","297.5","297","298","0.9991204925241864","0.9991204925241864","0.9991204925241864"