"train/global_step","StudyAbroadGPT-7B - _step","StudyAbroadGPT-7B - _step__MIN","StudyAbroadGPT-7B - _step__MAX","StudyAbroadGPT-7B - train/grad_norm","StudyAbroadGPT-7B - train/grad_norm__MIN","StudyAbroadGPT-7B - train/grad_norm__MAX"
"1","7","0","14","1.557644248008728","1.557644248008728","1.557644248008728"
"2","8","1","15","1.4894485473632812","1.4894485473632812","1.4894485473632812"
"3","9","2","16","1.428961157798767","1.3749606609344482","1.482961654663086"
"4","10","3","17","1.120409905910492","1.0325018167495728","1.2083179950714111"
"5","11","4","18","1.0553398728370667","0.9241454601287842","1.1865342855453491"
"6","12","5","19","0.8168593049049377","0.7581767439842224","0.8755418658256531"
"7","13","6","20","0.8950877487659454","0.8572646975517273","0.9329107999801636"
"8","14","7","21","0.9748648703098297","0.9554272294044495","0.99430251121521"
"9","15","8","22","0.8670850992202759","0.8127714991569519","0.9213986992835999"
"10","16","9","23","0.8442668616771698","0.7822088003158569","0.9063249230384827"
"11","17","10","24","0.8344703018665314","0.8122364282608032","0.8567041754722595"
"12","18","11","25","0.8136290609836578","0.7470362186431885","0.8802219033241272"
"13","19","12","26","0.7740791141986847","0.7313244342803955","0.8168337941169739"
"14","20","13","27","0.791819155216217","0.7242323160171509","0.8594059944152832"
"15","28","28","28","0.6897559762001038","0.6897559762001038","0.6897559762001038"
"16","29","29","29","0.6567963361740112","0.6567963361740112","0.6567963361740112"
"17","30","30","30","0.6604495048522949","0.6604495048522949","0.6604495048522949"
"18","31","31","31","0.6884754300117493","0.6884754300117493","0.6884754300117493"
"19","32","32","32","0.6067829132080078","0.6067829132080078","0.6067829132080078"
"20","33","33","33","0.5963581800460815","0.5963581800460815","0.5963581800460815"
"21","34","34","34","0.6352139115333557","0.6352139115333557","0.6352139115333557"
"22","35","35","35","0.6096919775009155","0.6096919775009155","0.6096919775009155"
"23","36","36","36","0.5911939740180969","0.5911939740180969","0.5911939740180969"
"24","37","37","37","0.5796844363212585","0.5796844363212585","0.5796844363212585"
"25","38","38","38","0.5849902033805847","0.5849902033805847","0.5849902033805847"
"26","39","39","39","0.5631422996520996","0.5631422996520996","0.5631422996520996"
"27","40","40","40","0.5562703013420105","0.5562703013420105","0.5562703013420105"
"28","41","41","41","0.6125953197479248","0.6125953197479248","0.6125953197479248"
"29","42","42","42","0.6125074625015259","0.6125074625015259","0.6125074625015259"
"30","43","43","43","0.572424590587616","0.572424590587616","0.572424590587616"
"31","44","44","44","0.552297055721283","0.552297055721283","0.552297055721283"
"32","45","45","45","0.5058383941650391","0.5058383941650391","0.5058383941650391"
"33","46","46","46","0.587838351726532","0.587838351726532","0.587838351726532"
"34","47","47","47","0.5807651281356812","0.5807651281356812","0.5807651281356812"
"35","48","48","48","0.5564947724342346","0.5564947724342346","0.5564947724342346"
"36","49","49","49","0.5246258974075317","0.5246258974075317","0.5246258974075317"
"37","50","50","50","0.5911756157875061","0.5911756157875061","0.5911756157875061"
"38","51","51","51","0.5598081946372986","0.5598081946372986","0.5598081946372986"
"39","52","52","52","0.5855889916419983","0.5855889916419983","0.5855889916419983"
"40","53","53","53","0.6057890057563782","0.6057890057563782","0.6057890057563782"
"41","54","54","54","0.5883784294128418","0.5883784294128418","0.5883784294128418"
"42","55","55","55","0.5465368628501892","0.5465368628501892","0.5465368628501892"
"43","56","56","56","0.5964597463607788","0.5964597463607788","0.5964597463607788"
"44","57","57","57","0.5857060551643372","0.5857060551643372","0.5857060551643372"
"45","58","58","58","0.5631182789802551","0.5631182789802551","0.5631182789802551"
"46","59","59","59","0.5231839418411255","0.5231839418411255","0.5231839418411255"
"47","60","60","60","0.5770462155342102","0.5770462155342102","0.5770462155342102"
"48","61","61","61","0.5948058366775513","0.5948058366775513","0.5948058366775513"
"49","62","62","62","0.5083545446395874","0.5083545446395874","0.5083545446395874"
"50","63","63","63","0.5497408509254456","0.5497408509254456","0.5497408509254456"
"51","64","64","64","0.529080331325531","0.529080331325531","0.529080331325531"
"52","65","65","65","0.501160204410553","0.501160204410553","0.501160204410553"
"53","66","66","66","0.5262587070465088","0.5262587070465088","0.5262587070465088"
"54","67","67","67","0.5483552813529968","0.5483552813529968","0.5483552813529968"
"55","68","68","68","0.547465443611145","0.547465443611145","0.547465443611145"
"56","69","69","69","0.6022886633872986","0.6022886633872986","0.6022886633872986"
"57","70","70","70","0.5121559500694275","0.5121559500694275","0.5121559500694275"
"58","71","71","71","0.5605424642562866","0.5605424642562866","0.5605424642562866"
"59","72","72","72","0.5398627519607544","0.5398627519607544","0.5398627519607544"
"60","73","73","73","0.5177125334739685","0.5177125334739685","0.5177125334739685"
"61","74","74","74","0.5332472324371338","0.5332472324371338","0.5332472324371338"
"62","75","75","75","0.5223137736320496","0.5223137736320496","0.5223137736320496"
"63","76","76","76","0.5099045634269714","0.5099045634269714","0.5099045634269714"
"64","77","77","77","0.5863269567489624","0.5863269567489624","0.5863269567489624"
"65","78","78","78","0.5305584073066711","0.5305584073066711","0.5305584073066711"
"66","79","79","79","0.47938472032546997","0.47938472032546997","0.47938472032546997"
"67","80","80","80","0.5070054531097412","0.5070054531097412","0.5070054531097412"
"68","81","81","81","0.4787367880344391","0.4787367880344391","0.4787367880344391"
"69","82","82","82","0.5171422958374023","0.5171422958374023","0.5171422958374023"
"70","83","83","83","0.5152197480201721","0.5152197480201721","0.5152197480201721"
"71","84","84","84","0.515794038772583","0.515794038772583","0.515794038772583"
"72","85","85","85","0.49034205079078674","0.49034205079078674","0.49034205079078674"
"73","86","86","86","0.5193750858306885","0.5193750858306885","0.5193750858306885"
"74","87","87","87","0.5058956146240234","0.5058956146240234","0.5058956146240234"
"75","88","88","88","0.5732362866401672","0.5732362866401672","0.5732362866401672"
"76","89","89","89","0.4990178644657135","0.4990178644657135","0.4990178644657135"
"77","90","90","90","0.5433014035224915","0.5433014035224915","0.5433014035224915"
"78","91","91","91","0.5061022043228149","0.5061022043228149","0.5061022043228149"
"79","92","92","92","0.5003442764282227","0.5003442764282227","0.5003442764282227"
"80","93","93","93","0.5401962399482727","0.5401962399482727","0.5401962399482727"
"81","94","94","94","0.5008741617202759","0.5008741617202759","0.5008741617202759"
"82","95","95","95","0.4884384870529175","0.4884384870529175","0.4884384870529175"
"83","96","96","96","0.5726686120033264","0.5726686120033264","0.5726686120033264"
"84","97","97","97","0.552787721157074","0.552787721157074","0.552787721157074"
"85","98","98","98","0.596614420413971","0.596614420413971","0.596614420413971"
"86","99","99","99","0.5015057325363159","0.5015057325363159","0.5015057325363159"
"87","100","100","100","0.5337561368942261","0.5337561368942261","0.5337561368942261"
"88","101","101","101","0.5217593908309937","0.5217593908309937","0.5217593908309937"
"89","102","102","102","0.47924062609672546","0.47924062609672546","0.47924062609672546"
"90","103","103","103","0.5082795023918152","0.5082795023918152","0.5082795023918152"
"91","104","104","104","0.4939118027687073","0.4939118027687073","0.4939118027687073"
"92","105","105","105","0.54289311170578","0.54289311170578","0.54289311170578"
"93","106","106","106","0.5175712704658508","0.5175712704658508","0.5175712704658508"
"94","107","107","107","0.5261497497558594","0.5261497497558594","0.5261497497558594"
"95","108","108","108","0.4846266806125641","0.4846266806125641","0.4846266806125641"
"96","109","109","109","0.5028946995735168","0.5028946995735168","0.5028946995735168"
"97","110","110","110","0.48604992032051086","0.48604992032051086","0.48604992032051086"
"98","111","111","111","0.4654301106929779","0.4654301106929779","0.4654301106929779"
"99","112","112","112","0.515728771686554","0.515728771686554","0.515728771686554"
"100","113","113","113","0.4953519403934479","0.4953519403934479","0.4953519403934479"
"101","114","114","114","0.5159247517585754","0.5159247517585754","0.5159247517585754"
"102","115","115","115","0.5331733226776123","0.5331733226776123","0.5331733226776123"
"103","116","116","116","0.5340971946716309","0.5340971946716309","0.5340971946716309"
"104","117","117","117","0.5182144641876221","0.5182144641876221","0.5182144641876221"
"105","118","118","118","0.4821819067001343","0.4821819067001343","0.4821819067001343"
"106","119","119","119","0.517341673374176","0.517341673374176","0.517341673374176"
"107","120","120","120","0.4964575171470642","0.4964575171470642","0.4964575171470642"
"108","121","121","121","0.4806160032749176","0.4806160032749176","0.4806160032749176"
"109","122","122","122","0.483639121055603","0.483639121055603","0.483639121055603"
"110","123","123","123","0.46949827671051025","0.46949827671051025","0.46949827671051025"
"111","124","124","124","0.5072451233863831","0.5072451233863831","0.5072451233863831"
"112","125","125","125","0.49871617555618286","0.49871617555618286","0.49871617555618286"
"113","126","126","126","0.5014030337333679","0.5014030337333679","0.5014030337333679"
"114","127","127","127","0.4878425598144531","0.4878425598144531","0.4878425598144531"
"115","128","128","128","0.48184773325920105","0.48184773325920105","0.48184773325920105"
"116","129","129","129","0.478135347366333","0.478135347366333","0.478135347366333"
"117","130","130","130","0.4894113838672638","0.4894113838672638","0.4894113838672638"
"118","131","131","131","0.48495790362358093","0.48495790362358093","0.48495790362358093"
"119","132","132","132","0.4527789056301117","0.4527789056301117","0.4527789056301117"
"120","133","133","133","0.48615360260009766","0.48615360260009766","0.48615360260009766"
"121","134","134","134","0.49065491557121277","0.49065491557121277","0.49065491557121277"
"122","135","135","135","0.473994642496109","0.473994642496109","0.473994642496109"
"123","136","136","136","0.5356849431991577","0.5356849431991577","0.5356849431991577"
"124","137","137","137","0.5019087791442871","0.5019087791442871","0.5019087791442871"
"125","138","138","138","0.4487576186656952","0.4487576186656952","0.4487576186656952"
"126","139","139","139","0.5339496731758118","0.5339496731758118","0.5339496731758118"
"127","140","140","140","0.4988565444946289","0.4988565444946289","0.4988565444946289"
"128","141","141","141","0.47608044743537903","0.47608044743537903","0.47608044743537903"
"129","142","142","142","0.4892985224723816","0.4892985224723816","0.4892985224723816"
"130","143","143","143","0.4823748469352722","0.4823748469352722","0.4823748469352722"
"131","144","144","144","0.512091875076294","0.512091875076294","0.512091875076294"
"132","145","145","145","0.49595382809638977","0.49595382809638977","0.49595382809638977"
"133","146","146","146","0.6008449792861938","0.6008449792861938","0.6008449792861938"
"134","147","147","147","0.4516617953777313","0.4516617953777313","0.4516617953777313"
"135","148","148","148","0.45818209648132324","0.45818209648132324","0.45818209648132324"
"136","149","149","149","0.5315447449684143","0.5315447449684143","0.5315447449684143"
"137","150","150","150","0.5719500184059143","0.5719500184059143","0.5719500184059143"
"138","151","151","151","0.4759460985660553","0.4759460985660553","0.4759460985660553"
"139","152","152","152","0.4857015013694763","0.4857015013694763","0.4857015013694763"
"140","153","153","153","0.5045695304870605","0.5045695304870605","0.5045695304870605"
"141","154","154","154","0.4695513844490051","0.4695513844490051","0.4695513844490051"
"142","155","155","155","0.5008745789527893","0.5008745789527893","0.5008745789527893"
"143","156","156","156","0.4636927843093872","0.4636927843093872","0.4636927843093872"
"144","157","157","157","0.44981056451797485","0.44981056451797485","0.44981056451797485"
"145","158","158","158","0.49547114968299866","0.49547114968299866","0.49547114968299866"
"146","159","159","159","0.512412965297699","0.512412965297699","0.512412965297699"
"147","160","160","160","0.502483606338501","0.502483606338501","0.502483606338501"
"148","161","161","161","0.48000118136405945","0.48000118136405945","0.48000118136405945"
"149","162","162","162","0.4644125699996948","0.4644125699996948","0.4644125699996948"
"150","163","163","163","0.5012201070785522","0.5012201070785522","0.5012201070785522"
"151","164","164","164","0.48456528782844543","0.48456528782844543","0.48456528782844543"
"152","165","165","165","0.46489888429641724","0.46489888429641724","0.46489888429641724"
"153","166","166","166","0.5069962739944458","0.5069962739944458","0.5069962739944458"
"154","167","167","167","0.46873486042022705","0.46873486042022705","0.46873486042022705"
"155","168","168","168","0.473001629114151","0.473001629114151","0.473001629114151"
"156","169","169","169","0.4920806884765625","0.4920806884765625","0.4920806884765625"
"157","170","170","170","0.5526778697967529","0.5526778697967529","0.5526778697967529"
"158","171","171","171","0.49431973695755005","0.49431973695755005","0.49431973695755005"
"159","172","172","172","0.487379252910614","0.487379252910614","0.487379252910614"
"160","173","173","173","0.49071088433265686","0.49071088433265686","0.49071088433265686"
"161","174","174","174","0.4819231629371643","0.4819231629371643","0.4819231629371643"
"162","175","175","175","0.47356605529785156","0.47356605529785156","0.47356605529785156"
"163","176","176","176","0.4814935326576233","0.4814935326576233","0.4814935326576233"
"164","177","177","177","0.49909737706184387","0.49909737706184387","0.49909737706184387"
"165","178","178","178","0.5022735595703125","0.5022735595703125","0.5022735595703125"
"166","179","179","179","0.4272474944591522","0.4272474944591522","0.4272474944591522"
"167","180","180","180","0.48188841342926025","0.48188841342926025","0.48188841342926025"
"168","181","181","181","0.4377065896987915","0.4377065896987915","0.4377065896987915"
"169","182","182","182","0.4663861095905304","0.4663861095905304","0.4663861095905304"
"170","183","183","183","0.4672941267490387","0.4672941267490387","0.4672941267490387"
"171","184","184","184","0.47646576166152954","0.47646576166152954","0.47646576166152954"
"172","185","185","185","0.4952729344367981","0.4952729344367981","0.4952729344367981"
"173","186","186","186","0.49891239404678345","0.49891239404678345","0.49891239404678345"
"174","187","187","187","0.5438569784164429","0.5438569784164429","0.5438569784164429"
"175","188","188","188","0.45892277359962463","0.45892277359962463","0.45892277359962463"
"176","189","189","189","0.504649817943573","0.504649817943573","0.504649817943573"
"177","190","190","190","0.5013876557350159","0.5013876557350159","0.5013876557350159"
"178","191","191","191","0.503456175327301","0.503456175327301","0.503456175327301"
"179","192","192","192","0.513432502746582","0.513432502746582","0.513432502746582"
"180","193","193","193","0.49855485558509827","0.49855485558509827","0.49855485558509827"
"181","194","194","194","0.5182437896728516","0.5182437896728516","0.5182437896728516"
"182","195","195","195","0.4968956410884857","0.4968956410884857","0.4968956410884857"
"183","196","196","196","0.47170037031173706","0.47170037031173706","0.47170037031173706"
"184","197","197","197","0.45815715193748474","0.45815715193748474","0.45815715193748474"
"185","198","198","198","0.48699241876602173","0.48699241876602173","0.48699241876602173"
"186","199","199","199","0.4381310045719147","0.4381310045719147","0.4381310045719147"
"187","200","200","200","0.45787525177001953","0.45787525177001953","0.45787525177001953"
"188","201","201","201","0.5123391151428223","0.5123391151428223","0.5123391151428223"
"189","202","202","202","0.4517808258533478","0.4517808258533478","0.4517808258533478"
"190","203","203","203","0.509817898273468","0.509817898273468","0.509817898273468"
"191","204","204","204","0.439992755651474","0.439992755651474","0.439992755651474"
"192","205","205","205","0.46940097212791443","0.46940097212791443","0.46940097212791443"
"193","206","206","206","0.4386506676673889","0.4386506676673889","0.4386506676673889"
"194","207","207","207","0.46032410860061646","0.46032410860061646","0.46032410860061646"
"195","208","208","208","0.47352224588394165","0.47352224588394165","0.47352224588394165"
"196","209","209","209","0.48645707964897156","0.48645707964897156","0.48645707964897156"
"197","210","210","210","0.48663046956062317","0.48663046956062317","0.48663046956062317"
"198","211","211","211","0.49442058801651","0.49442058801651","0.49442058801651"
"199","212","212","212","0.46741625666618347","0.46741625666618347","0.46741625666618347"
"200","213","213","213","0.5144041776657104","0.5144041776657104","0.5144041776657104"
"201","214","214","214","0.5163162350654602","0.5163162350654602","0.5163162350654602"
"202","215","215","215","0.4520503580570221","0.4520503580570221","0.4520503580570221"
"203","216","216","216","0.501763641834259","0.501763641834259","0.501763641834259"
"204","217","217","217","0.4525323808193207","0.4525323808193207","0.4525323808193207"
"205","218","218","218","0.4843153953552246","0.4843153953552246","0.4843153953552246"
"206","219","219","219","0.45139279961586","0.45139279961586","0.45139279961586"
"207","220","220","220","0.455496609210968","0.455496609210968","0.455496609210968"
"208","221","221","221","0.4795568883419037","0.4795568883419037","0.4795568883419037"
"209","222","222","222","0.44550561904907227","0.44550561904907227","0.44550561904907227"
"210","223","223","223","0.4711093306541443","0.4711093306541443","0.4711093306541443"
"211","224","224","224","0.4755616784095764","0.4755616784095764","0.4755616784095764"
"212","225","225","225","0.4516948163509369","0.4516948163509369","0.4516948163509369"
"213","226","226","226","0.4774240255355835","0.4774240255355835","0.4774240255355835"
"214","227","227","227","0.4612240195274353","0.4612240195274353","0.4612240195274353"
"215","228","228","228","0.4462324380874634","0.4462324380874634","0.4462324380874634"
"216","229","229","229","0.45908987522125244","0.45908987522125244","0.45908987522125244"
"217","230","230","230","0.4906613528728485","0.4906613528728485","0.4906613528728485"
"218","231","231","231","0.4787050187587738","0.4787050187587738","0.4787050187587738"
"219","232","232","232","0.4224420487880707","0.4224420487880707","0.4224420487880707"
"220","233","233","233","0.4656640291213989","0.4656640291213989","0.4656640291213989"
"221","234","234","234","0.46467846632003784","0.46467846632003784","0.46467846632003784"
"222","235","235","235","0.4915663003921509","0.4915663003921509","0.4915663003921509"
"223","236","236","236","0.5325405597686768","0.5325405597686768","0.5325405597686768"
"224","237","237","237","0.4697727859020233","0.4697727859020233","0.4697727859020233"
"225","238","238","238","0.47380006313323975","0.47380006313323975","0.47380006313323975"
"226","239","239","239","0.42525526881217957","0.42525526881217957","0.42525526881217957"
"227","240","240","240","0.45273900032043457","0.45273900032043457","0.45273900032043457"
"228","241","241","241","0.49197912216186523","0.49197912216186523","0.49197912216186523"
"229","242","242","242","0.48383569717407227","0.48383569717407227","0.48383569717407227"
"230","243","243","243","0.4309266209602356","0.4309266209602356","0.4309266209602356"
"231","244","244","244","0.48518800735473633","0.48518800735473633","0.48518800735473633"
"232","245","245","245","0.4733879864215851","0.4733879864215851","0.4733879864215851"
"233","246","246","246","0.5106959939002991","0.5106959939002991","0.5106959939002991"
"234","247","247","247","0.501005232334137","0.501005232334137","0.501005232334137"
"235","248","248","248","0.52846360206604","0.52846360206604","0.52846360206604"
"236","249","249","249","0.45961126685142517","0.45961126685142517","0.45961126685142517"
"237","250","250","250","0.5118765830993652","0.5118765830993652","0.5118765830993652"
"238","251","251","251","0.46675580739974976","0.46675580739974976","0.46675580739974976"
"239","252","252","252","0.4885486662387848","0.4885486662387848","0.4885486662387848"
"240","253","253","253","0.4342289865016937","0.4342289865016937","0.4342289865016937"
"241","254","254","254","0.4811337888240814","0.4811337888240814","0.4811337888240814"
"242","255","255","255","0.5063973665237427","0.5063973665237427","0.5063973665237427"
"243","256","256","256","0.44981056451797485","0.44981056451797485","0.44981056451797485"
"244","257","257","257","0.487778902053833","0.487778902053833","0.487778902053833"
"245","258","258","258","0.46824735403060913","0.46824735403060913","0.46824735403060913"
"246","259","259","259","0.4653407633304596","0.4653407633304596","0.4653407633304596"
"247","260","260","260","0.42981651425361633","0.42981651425361633","0.42981651425361633"
"248","261","261","261","0.452802836894989","0.452802836894989","0.452802836894989"
"249","262","262","262","0.4999232888221741","0.4999232888221741","0.4999232888221741"
"250","263","263","263","0.4701445400714874","0.4701445400714874","0.4701445400714874"
"251","264","264","264","0.44184985756874084","0.44184985756874084","0.44184985756874084"
"252","265","265","265","0.45079588890075684","0.45079588890075684","0.45079588890075684"
"253","266","266","266","0.4903545081615448","0.4903545081615448","0.4903545081615448"
"254","267","267","267","0.4359246492385864","0.4359246492385864","0.4359246492385864"
"255","268","268","268","0.46479105949401855","0.46479105949401855","0.46479105949401855"
"256","269","269","269","0.482671320438385","0.482671320438385","0.482671320438385"
"257","270","270","270","0.4637505114078522","0.4637505114078522","0.4637505114078522"
"258","271","271","271","0.47358953952789307","0.47358953952789307","0.47358953952789307"
"259","272","272","272","0.47745949029922485","0.47745949029922485","0.47745949029922485"
"260","273","273","273","0.439864844083786","0.439864844083786","0.439864844083786"
"261","274","274","274","0.4558999538421631","0.4558999538421631","0.4558999538421631"
"262","275","275","275","0.4551001191139221","0.4551001191139221","0.4551001191139221"
"263","276","276","276","0.4610009789466858","0.4610009789466858","0.4610009789466858"
"264","277","277","277","0.4555179476737976","0.4555179476737976","0.4555179476737976"
"265","278","278","278","0.41537588834762573","0.41537588834762573","0.41537588834762573"
"266","279","279","279","0.4445444941520691","0.4445444941520691","0.4445444941520691"
"267","280","280","280","0.5014193654060364","0.5014193654060364","0.5014193654060364"
"268","281","281","281","0.45235079526901245","0.45235079526901245","0.45235079526901245"
"269","282","282","282","0.4214579463005066","0.4214579463005066","0.4214579463005066"
"270","283","283","283","0.46389493346214294","0.46389493346214294","0.46389493346214294"
"271","284","284","284","0.4587641954421997","0.4587641954421997","0.4587641954421997"
"272","285","285","285","0.5104937553405762","0.5104937553405762","0.5104937553405762"
"273","286","286","286","0.4522503614425659","0.4522503614425659","0.4522503614425659"
"274","287","287","287","0.4211006760597229","0.4211006760597229","0.4211006760597229"
"275","288","288","288","0.4507817029953003","0.4507817029953003","0.4507817029953003"
"276","289","289","289","0.44600969552993774","0.44600969552993774","0.44600969552993774"
"277","290","290","290","0.4743044674396515","0.4743044674396515","0.4743044674396515"
"278","291","291","291","0.4396060109138489","0.4396060109138489","0.4396060109138489"
"279","292","292","292","0.4474336504936218","0.4474336504936218","0.4474336504936218"
"280","293","293","293","0.4574597477912903","0.4574597477912903","0.4574597477912903"
"281","294","294","294","0.4444187879562378","0.4444187879562378","0.4444187879562378"
"282","295","295","295","0.4852602779865265","0.4852602779865265","0.4852602779865265"
"283","296","296","296","0.48887795209884644","0.48887795209884644","0.48887795209884644"
"284","297","297","297","0.49703651666641235","0.49703651666641235","0.49703651666641235"